;FLAVOR:Marlin
;TIME:1435
;Filament used: 0.820698m
;Layer height: 0.2
;MINX:37.703
;MINY:103.859
;MINZ:0.2
;MAXX:197.3
;MAXY:131.242
;MAXZ:4.6
;TARGET_MACHINE.NAME:Creality Ender-3
;Generated with Cura_SteamEngine 5.11.0
M140 S50
M105
M190 S50
M104 S240
M105
M109 S240
; Ender 3 Custom Start G-code
G92 E0 ; Reset Extruder
G28 ; Home all axes
G1 Z2.0 F3000 ; Move Z Axis up little to prevent scratching of Heat Bed
G1 X0.1 Y20 Z0.3 F5000.0 ; Move to start position
G1 X0.1 Y200.0 Z0.3 F1500.0 E15 ; Draw the first line
G1 X0.4 Y200.0 Z0.3 F5000.0 ; Move to side a little
G1 X0.4 Y20 Z0.3 F1500.0 E30 ; Draw the second line
G92 E0 ; Reset Extruder
G1 Z2.0 F3000 ; Move Z Axis up little to prevent scratching of Heat Bed
G1 X5 Y20 Z0.3 F5000.0 ; Move over to prevent blob squish
M82 ;absolute extrusion mode
G92 E0
G92 E0
G1 F2700 E-5
;LAYER_COUNT:23
;LAYER:0
M107
G0 F6000 X45.167 Y104.771 Z0.2
;TYPE:SKIRT
G1 F2700 E0
G1 F1200 X45.791 Y104.546 E0.02206
G1 X46.261 Y104.401 E0.03842
G1 X47.186 Y104.154 E0.07027
G1 X47.831 Y104.022 E0.09216
G1 X48.318 Y103.95 E0.10854
G1 X49.111 Y103.878 E0.13502
G1 X49.71 Y103.862 E0.15495
G1 X52.367 Y103.88 E0.24332
G1 X54.311 Y103.862 E0.30798
G1 X56.767 Y103.88 E0.38967
G1 X58.711 Y103.862 E0.45433
G1 X61.167 Y103.88 E0.53602
G1 X63.111 Y103.862 E0.60068
G1 X65.567 Y103.88 E0.68237
G1 X67.511 Y103.862 E0.74703
G1 X69.967 Y103.88 E0.82872
G1 X71.911 Y103.862 E0.89338
G1 X74.367 Y103.88 E0.97507
G1 X76.311 Y103.862 E1.03973
G1 X78.767 Y103.88 E1.12142
G1 X80.711 Y103.862 E1.18608
G1 X83.167 Y103.88 E1.26777
G1 X85.111 Y103.862 E1.33243
G1 X87.567 Y103.88 E1.41412
G1 X89.511 Y103.862 E1.47878
G1 X91.967 Y103.88 E1.56047
G1 X93.911 Y103.862 E1.62513
G1 X96.367 Y103.88 E1.70682
G1 X98.311 Y103.862 E1.77148
G1 X100.767 Y103.88 E1.85317
G1 X102.711 Y103.862 E1.91783
G1 X105.167 Y103.88 E1.99952
G1 X107.111 Y103.862 E2.06418
G1 X109.567 Y103.88 E2.14587
G1 X111.511 Y103.862 E2.21053
G1 X113.967 Y103.88 E2.29222
G1 X115.911 Y103.862 E2.35688
G1 X118.367 Y103.88 E2.43857
G1 X120.311 Y103.862 E2.50323
G1 X122.767 Y103.88 E2.58492
G1 X124.711 Y103.862 E2.64958
G1 X127.167 Y103.88 E2.73127
G1 X129.111 Y103.862 E2.79593
G1 X131.567 Y103.88 E2.87762
G1 X133.511 Y103.862 E2.94228
G1 X135.967 Y103.88 E3.02397
G1 X137.911 Y103.862 E3.08863
G1 X140.367 Y103.88 E3.17032
G1 X142.311 Y103.862 E3.23498
G1 X144.767 Y103.88 E3.31667
G1 X146.711 Y103.862 E3.38133
G1 X149.167 Y103.88 E3.46301
G1 X151.111 Y103.862 E3.52768
G1 X153.567 Y103.88 E3.60936
G1 X155.511 Y103.862 E3.67402
G1 X157.967 Y103.88 E3.75571
G1 X159.911 Y103.862 E3.82037
G1 X162.367 Y103.88 E3.90206
G1 X164.311 Y103.862 E3.96672
G1 X166.767 Y103.88 E4.04841
G1 X168.711 Y103.862 E4.11307
G1 X171.167 Y103.88 E4.19476
G1 X173.111 Y103.862 E4.25942
G1 X175.567 Y103.88 E4.34111
G1 X177.511 Y103.862 E4.40577
G1 X179.967 Y103.88 E4.48746
G1 X182.338 Y103.859 E4.56632
G1 X183.954 Y103.87 E4.62007
G1 X185.215 Y103.862 E4.66202
G1 X186.188 Y103.902 E4.69441
G1 X187.153 Y104.027 E4.72677
G1 X188.038 Y104.22 E4.7569
G1 X188.619 Y104.373 E4.77688
G1 X189.549 Y104.664 E4.80929
G1 X190.447 Y105.035 E4.84161
G1 X191.312 Y105.485 E4.87404
G1 X192.136 Y106.012 E4.90657
G1 X192.966 Y106.658 E4.94155
G1 X193.598 Y107.245 E4.97024
G1 X194.223 Y107.898 E5.0003
G1 X194.5 Y108.211 E5.01421
G1 X195.102 Y108.976 E5.04658
G1 X195.634 Y109.792 E5.07898
G1 X196.098 Y110.667 E5.11192
G1 X196.609 Y111.941 E5.15758
G1 X196.749 Y112.38 E5.1729
G1 X196.967 Y113.171 E5.20019
G1 X197.159 Y114.108 E5.23201
G1 X197.277 Y115.14 E5.26655
G1 X197.3 Y115.901 E5.29188
G1 X197.26 Y116.803 E5.32191
G1 X197.122 Y117.828 E5.35631
G1 X196.981 Y118.494 E5.37895
G1 X196.287 Y121.428 E5.47923
G1 X196.014 Y122.656 E5.52107
G1 X195.757 Y123.593 E5.55338
G1 X195.419 Y124.507 E5.58579
G1 X195.033 Y125.324 E5.61585
G1 X194.505 Y126.224 E5.65055
G1 X193.938 Y127.018 E5.683
G1 X193.328 Y127.73 E5.71419
G1 X192.607 Y128.435 E5.74773
G1 X191.909 Y129.008 E5.77776
G1 X191.045 Y129.597 E5.81254
G1 X190.193 Y130.07 E5.84495
G1 X189.304 Y130.465 E5.87731
G1 X188.382 Y130.78 E5.90972
G1 X187.436 Y131.013 E5.94212
G1 X186.473 Y131.161 E5.97453
G1 X185.485 Y131.224 E6.00745
G1 X184.406 Y131.242 E6.04335
G1 X50.257 Y131.241 E10.50516
G1 X49.54 Y131.23 E10.52901
G1 X48.552 Y131.17 E10.56193
G1 X47.588 Y131.024 E10.59436
G1 X46.641 Y130.793 E10.62678
G1 X45.785 Y130.505 E10.65682
G1 X44.829 Y130.086 E10.69154
G1 X43.976 Y129.615 E10.72394
G1 X43.169 Y129.07 E10.75633
G1 X42.412 Y128.456 E10.78875
G1 X41.714 Y127.778 E10.82112
G1 X41.077 Y127.041 E10.85352
G1 X40.503 Y126.241 E10.88627
G1 X39.898 Y125.192 E10.92654
G1 X39.468 Y124.227 E10.96168
G1 X39.157 Y123.317 E10.99367
G1 X38.996 Y122.7 E11.01487
G1 X38.55 Y120.693 E11.08326
G1 X38.017 Y118.492 E11.15858
G1 X37.826 Y117.537 E11.19097
G1 X37.722 Y116.57 E11.22332
G1 X37.703 Y115.595 E11.25575
G1 X37.771 Y114.624 E11.28813
G1 X37.922 Y113.669 E11.32029
G1 X38.098 Y112.938 E11.34529
G1 X38.344 Y112.088 E11.37472
G1 X38.676 Y111.174 E11.40707
G1 X39.088 Y110.291 E11.43948
G1 X39.538 Y109.509 E11.46948
G1 X40.133 Y108.661 E11.50394
G1 X40.554 Y108.149 E11.52599
G1 X40.872 Y107.792 E11.54189
G1 X41.341 Y107.307 E11.56433
G1 X42.086 Y106.614 E11.59817
G1 X42.856 Y106.019 E11.63053
G1 X43.668 Y105.497 E11.66264
G1 X44.261 Y105.176 E11.68507
G1 X45.167 Y104.771 E11.71808
G0 F6000 X45.303 Y105.147
G1 F1200 X45.909 Y104.928 E11.73951
G1 X46.364 Y104.787 E11.75535
G1 X47.266 Y104.546 E11.7864
G1 X47.89 Y104.418 E11.80759
G1 X48.377 Y104.346 E11.82396
G1 X49.122 Y104.278 E11.84885
G1 X49.707 Y104.262 E11.86831
G1 X52.368 Y104.28 E11.95682
G1 X54.308 Y104.262 E12.02134
G1 X56.768 Y104.28 E12.10317
G1 X58.708 Y104.262 E12.16769
G1 X61.168 Y104.28 E12.24952
G1 X63.108 Y104.262 E12.31404
G1 X65.568 Y104.28 E12.39587
G1 X67.508 Y104.262 E12.46039
G1 X69.968 Y104.28 E12.54222
G1 X71.908 Y104.262 E12.60674
G1 X74.368 Y104.28 E12.68856
G1 X76.308 Y104.262 E12.75309
G1 X78.768 Y104.28 E12.83491
G1 X80.708 Y104.262 E12.89944
G1 X83.168 Y104.28 E12.98126
G1 X85.108 Y104.262 E13.04579
G1 X87.568 Y104.28 E13.12761
G1 X89.508 Y104.262 E13.19214
G1 X91.968 Y104.28 E13.27396
G1 X93.908 Y104.262 E13.33849
G1 X96.368 Y104.28 E13.42031
G1 X98.308 Y104.262 E13.48484
G1 X100.768 Y104.28 E13.56666
G1 X102.708 Y104.262 E13.63119
G1 X105.168 Y104.28 E13.71301
G1 X107.108 Y104.262 E13.77754
G1 X109.568 Y104.28 E13.85936
G1 X111.508 Y104.262 E13.92389
G1 X113.968 Y104.28 E14.00571
G1 X115.908 Y104.262 E14.07024
G1 X118.368 Y104.28 E14.15206
G1 X120.308 Y104.262 E14.21659
G1 X122.768 Y104.28 E14.29841
G1 X124.708 Y104.262 E14.36294
G1 X127.168 Y104.28 E14.44476
G1 X129.108 Y104.262 E14.50929
G1 X131.568 Y104.28 E14.59111
G1 X133.508 Y104.262 E14.65564
G1 X135.968 Y104.28 E14.73746
G1 X137.908 Y104.262 E14.80199
G1 X140.368 Y104.28 E14.88381
G1 X142.308 Y104.262 E14.94834
G1 X144.768 Y104.28 E15.03016
G1 X146.708 Y104.262 E15.09469
G1 X149.168 Y104.28 E15.17651
G1 X151.108 Y104.262 E15.24103
G1 X153.568 Y104.28 E15.32286
G1 X155.508 Y104.262 E15.38738
G1 X157.968 Y104.28 E15.46921
G1 X159.908 Y104.262 E15.53373
G1 X162.368 Y104.28 E15.61556
G1 X164.308 Y104.262 E15.68008
G1 X166.768 Y104.28 E15.76191
G1 X168.708 Y104.262 E15.82643
G1 X171.168 Y104.28 E15.90826
G1 X173.108 Y104.262 E15.97278
G1 X175.568 Y104.28 E16.0546
G1 X177.508 Y104.262 E16.11913
G1 X179.968 Y104.28 E16.20095
G1 X182.335 Y104.259 E16.27968
G1 X183.954 Y104.27 E16.33353
G1 X185.199 Y104.262 E16.37494
G1 X186.137 Y104.299 E16.40617
G1 X187.068 Y104.418 E16.43738
G1 X187.936 Y104.607 E16.46693
G1 X188.5 Y104.755 E16.48632
G1 X189.397 Y105.034 E16.51757
G1 X190.263 Y105.39 E16.54871
G1 X191.097 Y105.822 E16.57995
G1 X191.89 Y106.328 E16.61124
G1 X192.72 Y106.974 E16.64622
G1 X193.309 Y107.522 E16.67298
G1 X193.934 Y108.175 E16.70304
G1 X194.186 Y108.459 E16.71567
G1 X194.767 Y109.195 E16.74686
G1 X195.281 Y109.98 E16.77806
G1 X195.727 Y110.816 E16.80958
G1 X196.228 Y112.063 E16.85428
G1 X196.363 Y112.486 E16.86904
G1 X196.581 Y113.277 E16.89633
G1 X196.767 Y114.188 E16.92726
G1 X196.877 Y115.153 E16.95956
G1 X196.9 Y115.883 E16.98385
G1 X196.86 Y116.785 E17.01388
G1 X196.731 Y117.745 E17.0461
G1 X196.592 Y118.399 E17.06834
G1 X196.405 Y119.164 E17.09453
G1 X195.898 Y121.337 E17.16875
G1 X195.628 Y122.551 E17.21011
G1 X195.382 Y123.455 E17.24127
G1 X195.057 Y124.336 E17.27251
G1 X194.671 Y125.153 E17.30256
G1 X194.179 Y125.992 E17.33491
G1 X193.634 Y126.758 E17.36618
G1 X193.048 Y127.444 E17.39618
G1 X192.353 Y128.126 E17.42857
G1 X191.655 Y128.699 E17.45861
G1 X190.85 Y129.248 E17.49101
G1 X190.03 Y129.705 E17.52224
G1 X189.174 Y130.087 E17.55341
G1 X188.286 Y130.392 E17.58464
G1 X187.375 Y130.618 E17.61586
G1 X186.447 Y130.762 E17.6471
G1 X185.478 Y130.824 E17.67939
G1 X184.406 Y130.842 E17.71505
G1 X50.263 Y130.841 E22.17667
G1 X49.564 Y130.831 E22.19992
G1 X48.611 Y130.774 E22.23167
G1 X47.682 Y130.635 E22.26291
G1 X46.769 Y130.414 E22.29416
G1 X45.913 Y130.126 E22.3242
G1 X45.022 Y129.736 E22.35654
G1 X44.199 Y129.283 E22.38779
G1 X43.42 Y128.759 E22.41902
G1 X42.69 Y128.169 E22.45023
G1 X42.016 Y127.516 E22.48145
G1 X41.402 Y126.807 E22.51264
G1 X40.85 Y126.041 E22.54405
G1 X40.245 Y124.992 E22.58432
G1 X39.846 Y124.097 E22.61691
G1 X39.544 Y123.215 E22.64792
G1 X39.386 Y122.613 E22.66862
G1 X38.939 Y120.599 E22.73724
G1 X38.409 Y118.413 E22.81205
G1 X38.224 Y117.493 E22.84326
G1 X38.122 Y116.561 E22.87445
G1 X38.102 Y115.622 E22.90569
G1 X38.166 Y114.686 E22.93689
G1 X38.311 Y113.762 E22.968
G1 X38.482 Y113.049 E22.99239
G1 X38.72 Y112.224 E23.02094
G1 X39.039 Y111.343 E23.05211
G1 X39.435 Y110.491 E23.08336
G1 X39.885 Y109.709 E23.11337
G1 X40.442 Y108.915 E23.14562
G1 X40.852 Y108.415 E23.16713
G1 X41.16 Y108.07 E23.18251
G1 X41.629 Y107.585 E23.20495
G1 X42.331 Y106.93 E23.23689
G1 X43.073 Y106.355 E23.26811
G1 X43.858 Y105.849 E23.29917
G1 X44.451 Y105.528 E23.3216
G1 X45.303 Y105.147 E23.35264
G0 F6000 X45.466 Y105.512
G1 F1200 X46.028 Y105.31 E23.3725
G1 X46.467 Y105.173 E23.3878
G1 X47.347 Y104.938 E23.41809
G1 X47.949 Y104.814 E23.43854
G1 X48.436 Y104.742 E23.45491
G1 X49.133 Y104.678 E23.47819
G1 X49.704 Y104.662 E23.49719
G1 X52.369 Y104.68 E23.58583
G1 X54.305 Y104.662 E23.65022
G1 X56.769 Y104.68 E23.73218
G1 X58.705 Y104.662 E23.79657
G1 X61.169 Y104.68 E23.87853
G1 X63.105 Y104.662 E23.94292
G1 X65.569 Y104.68 E24.02488
G1 X67.505 Y104.662 E24.08927
G1 X69.969 Y104.68 E24.17123
G1 X71.905 Y104.662 E24.23562
G1 X74.369 Y104.68 E24.31758
G1 X76.305 Y104.662 E24.38197
G1 X78.769 Y104.68 E24.46393
G1 X80.705 Y104.662 E24.52832
G1 X83.169 Y104.68 E24.61028
G1 X85.105 Y104.662 E24.67467
G1 X87.569 Y104.68 E24.75663
G1 X89.505 Y104.662 E24.82102
G1 X91.969 Y104.68 E24.90298
G1 X93.905 Y104.662 E24.96737
G1 X96.369 Y104.68 E25.04933
G1 X98.305 Y104.662 E25.11372
G1 X100.769 Y104.68 E25.19567
G1 X102.705 Y104.662 E25.26007
G1 X105.169 Y104.68 E25.34202
G1 X107.105 Y104.662 E25.40642
G1 X109.569 Y104.68 E25.48837
G1 X111.505 Y104.662 E25.55277
G1 X113.969 Y104.68 E25.63472
G1 X115.905 Y104.662 E25.69912
G1 X118.369 Y104.68 E25.78107
G1 X120.305 Y104.662 E25.84547
G1 X122.769 Y104.68 E25.92742
G1 X124.705 Y104.662 E25.99182
G1 X127.169 Y104.68 E26.07377
G1 X129.105 Y104.662 E26.13817
G1 X131.569 Y104.68 E26.22012
G1 X133.505 Y104.662 E26.28452
G1 X135.969 Y104.68 E26.36647
G1 X137.905 Y104.662 E26.43087
G1 X140.369 Y104.68 E26.51282
G1 X142.305 Y104.662 E26.57722
G1 X144.769 Y104.68 E26.65917
G1 X146.705 Y104.662 E26.72356
G1 X149.169 Y104.68 E26.80552
G1 X151.105 Y104.662 E26.86991
G1 X153.569 Y104.68 E26.95187
G1 X155.505 Y104.662 E27.01626
G1 X157.969 Y104.68 E27.09822
G1 X159.905 Y104.662 E27.16261
G1 X162.369 Y104.68 E27.24457
G1 X164.305 Y104.662 E27.30896
G1 X166.769 Y104.68 E27.39092
G1 X168.705 Y104.662 E27.45531
G1 X171.169 Y104.68 E27.53727
G1 X173.105 Y104.662 E27.60166
G1 X175.569 Y104.68 E27.68362
G1 X177.505 Y104.662 E27.74801
G1 X179.969 Y104.68 E27.82997
G1 X182.332 Y104.659 E27.90856
G1 X183.954 Y104.67 E27.96251
G1 X185.184 Y104.662 E28.00342
G1 X186.087 Y104.696 E28.03348
G1 X186.983 Y104.809 E28.06352
G1 X187.835 Y104.994 E28.09251
G1 X188.382 Y105.137 E28.11132
G1 X189.245 Y105.404 E28.14136
G1 X190.08 Y105.746 E28.17138
G1 X190.883 Y106.16 E28.20142
G1 X191.645 Y106.644 E28.23145
G1 X192.448 Y107.267 E28.26525
G1 X193.02 Y107.798 E28.29121
G1 X193.635 Y108.441 E28.3208
G1 X193.872 Y108.707 E28.33265
G1 X194.433 Y109.415 E28.3627
G1 X194.929 Y110.169 E28.39272
G1 X195.356 Y110.965 E28.42276
G1 X195.857 Y112.212 E28.46746
G1 X195.977 Y112.592 E28.48071
G1 X196.195 Y113.383 E28.508
G1 X196.375 Y114.268 E28.53804
G1 X196.477 Y115.166 E28.5681
G1 X196.5 Y115.865 E28.59136
G1 X196.46 Y116.767 E28.62139
G1 X196.34 Y117.662 E28.65142
G1 X196.204 Y118.304 E28.67325
G1 X196.015 Y119.073 E28.69959
G1 X195.509 Y121.246 E28.7738
G1 X195.242 Y122.446 E28.81469
G1 X195.006 Y123.317 E28.8447
G1 X194.695 Y124.165 E28.87474
G1 X194.309 Y124.982 E28.9048
G1 X193.853 Y125.761 E28.93482
G1 X193.33 Y126.498 E28.96488
G1 X192.744 Y127.184 E28.99488
G1 X192.099 Y127.817 E29.02494
G1 X191.401 Y128.39 E29.05498
G1 X190.655 Y128.899 E29.08501
G1 X189.867 Y129.34 E29.11505
G1 X189.043 Y129.709 E29.14508
G1 X188.189 Y130.004 E29.17513
G1 X187.313 Y130.223 E29.20516
G1 X186.421 Y130.363 E29.23519
G1 X185.471 Y130.424 E29.26685
G1 X184.406 Y130.442 E29.30228
G1 X50.269 Y130.441 E33.7637
G1 X49.57 Y130.431 E33.78695
G1 X48.669 Y130.378 E33.81697
G1 X47.775 Y130.246 E33.84702
G1 X46.897 Y130.035 E33.87706
G1 X46.041 Y129.747 E33.9071
G1 X45.214 Y129.385 E33.93712
G1 X44.422 Y128.951 E33.96716
G1 X43.671 Y128.448 E33.99722
G1 X42.968 Y127.881 E34.02726
G1 X42.318 Y127.254 E34.0573
G1 X41.726 Y126.572 E34.08734
G1 X41.197 Y125.841 E34.11735
G1 X40.592 Y124.792 E34.15763
G1 X40.224 Y123.967 E34.18767
G1 X39.931 Y123.113 E34.2177
G1 X39.776 Y122.523 E34.23799
G1 X39.612 Y121.812 E34.26226
G1 X39.33 Y120.514 E34.30644
G1 X38.801 Y118.334 E34.38105
G1 X38.622 Y117.449 E34.41108
G1 X38.522 Y116.552 E34.4411
G1 X38.501 Y115.649 E34.47114
G1 X38.561 Y114.748 E34.50118
G1 X38.7 Y113.855 E34.53124
G1 X38.866 Y113.16 E34.555
G1 X39.096 Y112.36 E34.58269
G1 X39.402 Y111.511 E34.6127
G1 X39.782 Y110.691 E34.64276
G1 X40.232 Y109.909 E34.67277
G1 X40.751 Y109.169 E34.70283
G1 X41.151 Y108.681 E34.72382
G1 X41.448 Y108.348 E34.73866
G1 X41.917 Y107.863 E34.7611
G1 X42.577 Y107.246 E34.79115
G1 X43.29 Y106.691 E34.8212
G1 X44.048 Y106.201 E34.85122
G1 X44.641 Y105.88 E34.87365
G1 X45.466 Y105.512 E34.9037
G1 F2700 E29.9037
G0 F6000 X49.302 Y115.172
G1 F2700 E34.9037
G1 F1200 X49.7 Y115.059 E34.91746
G1 X50.098 Y115.172 E34.93122
G1 X50.394 Y115.483 E34.9455
G1 X50.534 Y115.962 E34.9621
G1 X50.591 Y116.054 E34.9657
G1 X50.74 Y116.19 E34.97241
G1 X50.838 Y116.448 E34.98158
G1 X50.845 Y116.569 E34.98562
G1 X50.887 Y116.634 E34.98819
G1 X50.931 Y116.68 E34.99031
G1 X50.983 Y116.862 E34.9966
G1 X50.931 Y117.053 E35.00319
G1 X50.791 Y117.193 E35.00977
G1 X50.6 Y117.246 E35.01636
G1 X50.422 Y117.193 E35.02254
G1 X50.198 Y116.97 E35.03305
G1 X50.111 Y116.92 E35.03639
G1 X49.764 Y116.822 E35.04838
G1 X49.713 Y116.773 E35.05074
G1 X49.632 Y116.726 E35.05385
G1 X49.387 Y116.654 E35.06234
G1 X49.021 Y116.288 E35.07956
G1 X48.895 Y115.862 E35.09434
G1 X49.006 Y115.483 E35.10747
G1 X49.302 Y115.172 E35.12175
G0 F6000 X49.516 Y115.527
G1 F1200 X49.7 Y115.475 E35.12811
G1 X49.884 Y115.527 E35.13447
G1 X50.036 Y115.687 E35.14181
G1 X50.15 Y116.075 E35.15526
G1 X50.321 Y116.349 E35.166
G1 X50.4 Y116.421 E35.16956
G1 X50.438 Y116.521 E35.17312
G1 X50.435 Y116.56 E35.17442
G1 X50.471 Y116.682 E35.17865
G1 X50.22 Y116.535 E35.18832
G1 X49.941 Y116.456 E35.19797
G1 X49.745 Y116.342 E35.20551
G1 X49.598 Y116.299 E35.2106
G1 X49.376 Y116.077 E35.22104
G1 X49.312 Y115.861 E35.22854
G1 X49.363 Y115.688 E35.23454
G1 X49.516 Y115.527 E35.24192
G1 F2700 E30.24192
G0 F6000 X53.295 Y115.862
G1 F2700 E35.24192
G1 F1200 X53.406 Y115.483 E35.25506
G1 X53.702 Y115.172 E35.26934
G1 X54.1 Y115.059 E35.2831
G1 X54.498 Y115.172 E35.29686
G1 X54.794 Y115.483 E35.31114
G1 X54.934 Y115.962 E35.32774
G1 X54.991 Y116.054 E35.33134
G1 X55.14 Y116.19 E35.33805
G1 X55.238 Y116.448 E35.34723
G1 X55.245 Y116.569 E35.35126
G1 X55.287 Y116.634 E35.35383
G1 X55.331 Y116.68 E35.35595
G1 X55.383 Y116.862 E35.36225
G1 X55.331 Y117.053 E35.36883
G1 X55.191 Y117.193 E35.37541
G1 X55 Y117.246 E35.38201
G1 X54.822 Y117.193 E35.38818
G1 X54.598 Y116.97 E35.3987
G1 X54.511 Y116.92 E35.40203
G1 X54.164 Y116.822 E35.41403
G1 X54.113 Y116.773 E35.41638
G1 X54.032 Y116.726 E35.41949
G1 X53.787 Y116.654 E35.42799
G1 X53.421 Y116.288 E35.4452
G1 X53.295 Y115.862 E35.45998
G0 F6000 X53.712 Y115.861
G1 F1200 X53.763 Y115.688 E35.46598
G1 X53.916 Y115.527 E35.47336
G1 X54.1 Y115.475 E35.47972
G1 X54.284 Y115.527 E35.48608
G1 X54.436 Y115.687 E35.49342
G1 X54.55 Y116.075 E35.50687
G1 X54.721 Y116.349 E35.51762
G1 X54.8 Y116.421 E35.52117
G1 X54.838 Y116.521 E35.52473
G1 X54.835 Y116.56 E35.52603
G1 X54.871 Y116.682 E35.53026
G1 X54.62 Y116.535 E35.53994
G1 X54.341 Y116.456 E35.54958
G1 X54.145 Y116.342 E35.55712
G1 X53.998 Y116.299 E35.56222
G1 X53.776 Y116.077 E35.57266
G1 X53.712 Y115.861 E35.58015
G1 F2700 E30.58015
G0 F6000 X57.695 Y115.862
G1 F2700 E35.58015
G1 F1200 X57.806 Y115.483 E35.59329
G1 X58.102 Y115.172 E35.60757
G1 X58.5 Y115.059 E35.62133
G1 X58.898 Y115.172 E35.63509
G1 X59.194 Y115.483 E35.64937
G1 X59.334 Y115.962 E35.66597
G1 X59.391 Y116.054 E35.66957
G1 X59.54 Y116.19 E35.67628
G1 X59.638 Y116.448 E35.68545
G1 X59.645 Y116.569 E35.68949
G1 X59.687 Y116.634 E35.69206
G1 X59.731 Y116.68 E35.69418
G1 X59.783 Y116.862 E35.70047
G1 X59.731 Y117.053 E35.70706
G1 X59.591 Y117.193 E35.71364
G1 X59.4 Y117.246 E35.72023
G1 X59.222 Y117.193 E35.72641
G1 X58.998 Y116.97 E35.73692
G1 X58.911 Y116.92 E35.74026
G1 X58.564 Y116.822 E35.75225
G1 X58.513 Y116.773 E35.75461
G1 X58.432 Y116.726 E35.75772
G1 X58.187 Y116.654 E35.76622
G1 X57.821 Y116.288 E35.78343
G1 X57.695 Y115.862 E35.79821
G0 F6000 X58.112 Y115.861
G1 F1200 X58.163 Y115.688 E35.80421
G1 X58.316 Y115.527 E35.81159
G1 X58.5 Y115.475 E35.81795
G1 X58.684 Y115.527 E35.82431
G1 X58.836 Y115.687 E35.83165
G1 X58.95 Y116.075 E35.8451
G1 X59.121 Y116.349 E35.85584
G1 X59.2 Y116.421 E35.8594
G1 X59.238 Y116.521 E35.86296
G1 X59.235 Y116.56 E35.86426
G1 X59.271 Y116.682 E35.86849
G1 X59.02 Y116.535 E35.87816
G1 X58.741 Y116.456 E35.88781
G1 X58.545 Y116.342 E35.89535
G1 X58.398 Y116.299 E35.90044
G1 X58.176 Y116.077 E35.91089
G1 X58.112 Y115.861 E35.91838
G1 F2700 E30.91838
G0 F6000 X62.095 Y115.862
G1 F2700 E35.91838
G1 F1200 X62.206 Y115.483 E35.93151
G1 X62.502 Y115.172 E35.94579
G1 X62.9 Y115.059 E35.95956
G1 X63.298 Y115.172 E35.97332
G1 X63.594 Y115.483 E35.9876
G1 X63.734 Y115.962 E36.00419
G1 X63.791 Y116.054 E36.00779
G1 X63.94 Y116.19 E36.0145
G1 X64.038 Y116.448 E36.02368
G1 X64.045 Y116.569 E36.02771
G1 X64.087 Y116.634 E36.03029
G1 X64.131 Y116.68 E36.0324
G1 X64.183 Y116.862 E36.0387
G1 X64.131 Y117.053 E36.04528
G1 X63.991 Y117.193 E36.05187
G1 X63.8 Y117.246 E36.05846
G1 X63.622 Y117.193 E36.06464
G1 X63.398 Y116.97 E36.07515
G1 X63.311 Y116.92 E36.07849
G1 X62.964 Y116.822 E36.09048
G1 X62.913 Y116.773 E36.09283
G1 X62.832 Y116.726 E36.09595
G1 X62.587 Y116.654 E36.10444
G1 X62.221 Y116.288 E36.12166
G1 X62.095 Y115.862 E36.13643
G0 F6000 X62.512 Y115.861
G1 F1200 X62.563 Y115.688 E36.14243
G1 X62.716 Y115.527 E36.14982
G1 X62.9 Y115.475 E36.15618
G1 X63.084 Y115.527 E36.16254
G1 X63.236 Y115.687 E36.16988
G1 X63.35 Y116.075 E36.18333
G1 X63.521 Y116.349 E36.19407
G1 X63.6 Y116.421 E36.19763
G1 X63.638 Y116.521 E36.20119
G1 X63.635 Y116.56 E36.20249
G1 X63.671 Y116.682 E36.20672
G1 X63.42 Y116.535 E36.21639
G1 X63.141 Y116.456 E36.22604
G1 X62.945 Y116.342 E36.23358
G1 X62.798 Y116.299 E36.23867
G1 X62.576 Y116.077 E36.24911
G1 X62.512 Y115.861 E36.25661
G1 F2700 E31.25661
G0 F6000 X66.495 Y115.862
G1 F2700 E36.25661
G1 F1200 X66.606 Y115.483 E36.26974
G1 X66.902 Y115.172 E36.28402
G1 X67.3 Y115.059 E36.29778
G1 X67.698 Y115.172 E36.31154
G1 X67.994 Y115.483 E36.32582
G1 X68.134 Y115.962 E36.34242
G1 X68.191 Y116.054 E36.34602
G1 X68.34 Y116.19 E36.35273
G1 X68.438 Y116.448 E36.36191
G1 X68.445 Y116.569 E36.36594
G1 X68.487 Y116.634 E36.36852
G1 X68.531 Y116.68 E36.37063
G1 X68.583 Y116.862 E36.37693
G1 X68.531 Y117.053 E36.38351
G1 X68.391 Y117.193 E36.3901
G1 X68.2 Y117.246 E36.39669
G1 X68.022 Y117.193 E36.40287
G1 X67.798 Y116.97 E36.41338
G1 X67.711 Y116.92 E36.41672
G1 X67.364 Y116.822 E36.42871
G1 X67.313 Y116.773 E36.43106
G1 X67.232 Y116.726 E36.43418
G1 X66.987 Y116.654 E36.44267
G1 X66.621 Y116.288 E36.45989
G1 X66.495 Y115.862 E36.47466
G0 F6000 X66.912 Y115.861
G1 F1200 X66.963 Y115.688 E36.48066
G1 X67.116 Y115.527 E36.48805
G1 X67.3 Y115.475 E36.49441
G1 X67.484 Y115.527 E36.50077
G1 X67.636 Y115.687 E36.50811
G1 X67.75 Y116.075 E36.52156
G1 X67.921 Y116.349 E36.5323
G1 X68 Y116.421 E36.53585
G1 X68.038 Y116.521 E36.53941
G1 X68.035 Y116.56 E36.54071
G1 X68.071 Y116.682 E36.54494
G1 X67.82 Y116.535 E36.55462
G1 X67.541 Y116.456 E36.56426
G1 X67.345 Y116.342 E36.57181
G1 X67.198 Y116.299 E36.5769
G1 X66.976 Y116.077 E36.58734
G1 X66.912 Y115.861 E36.59483
G1 F2700 E31.59483
G0 F6000 X70.895 Y115.862
G1 F2700 E36.59483
G1 F1200 X71.006 Y115.483 E36.60797
G1 X71.302 Y115.172 E36.62225
G1 X71.7 Y115.059 E36.63601
G1 X72.098 Y115.172 E36.64977
G1 X72.394 Y115.483 E36.66405
G1 X72.534 Y115.962 E36.68065
G1 X72.591 Y116.054 E36.68425
G1 X72.74 Y116.19 E36.69096
G1 X72.838 Y116.448 E36.70014
G1 X72.845 Y116.569 E36.70417
G1 X72.887 Y116.634 E36.70674
G1 X72.931 Y116.68 E36.70886
G1 X72.983 Y116.862 E36.71516
G1 X72.931 Y117.053 E36.72174
G1 X72.791 Y117.193 E36.72832
G1 X72.6 Y117.246 E36.73492
G1 X72.422 Y117.193 E36.74109
G1 X72.198 Y116.97 E36.75161
G1 X72.111 Y116.92 E36.75495
G1 X71.764 Y116.822 E36.76694
G1 X71.713 Y116.773 E36.76929
G1 X71.632 Y116.726 E36.7724
G1 X71.387 Y116.654 E36.7809
G1 X71.021 Y116.288 E36.79811
G1 X70.895 Y115.862 E36.81289
G0 F6000 X71.312 Y115.861
G1 F1200 X71.363 Y115.688 E36.81889
G1 X71.516 Y115.527 E36.82628
G1 X71.7 Y115.475 E36.83263
G1 X71.884 Y115.527 E36.83899
G1 X72.036 Y115.687 E36.84633
G1 X72.15 Y116.075 E36.85978
G1 X72.321 Y116.349 E36.87053
G1 X72.4 Y116.421 E36.87408
G1 X72.438 Y116.521 E36.87764
G1 X72.435 Y116.56 E36.87894
G1 X72.471 Y116.682 E36.88317
G1 X72.22 Y116.535 E36.89285
G1 X71.941 Y116.456 E36.90249
G1 X71.745 Y116.342 E36.91003
G1 X71.598 Y116.299 E36.91513
G1 X71.376 Y116.077 E36.92557
G1 X71.312 Y115.861 E36.93306
G1 F2700 E31.93306
G0 F6000 X75.295 Y115.862
G1 F2700 E36.93306
G1 F1200 X75.406 Y115.483 E36.9462
G1 X75.702 Y115.172 E36.96048
G1 X76.1 Y115.059 E36.97424
G1 X76.498 Y115.172 E36.988
G1 X76.794 Y115.483 E37.00228
G1 X76.934 Y115.962 E37.01888
G1 X76.991 Y116.054 E37.02248
G1 X77.14 Y116.19 E37.02919
G1 X77.238 Y116.448 E37.03837
G1 X77.245 Y116.569 E37.0424
G1 X77.287 Y116.634 E37.04497
G1 X77.331 Y116.68 E37.04709
G1 X77.383 Y116.862 E37.05338
G1 X77.331 Y117.053 E37.05997
G1 X77.191 Y117.193 E37.06655
G1 X77 Y117.246 E37.07315
G1 X76.822 Y117.193 E37.07932
G1 X76.598 Y116.97 E37.08984
G1 X76.511 Y116.92 E37.09317
G1 X76.164 Y116.822 E37.10517
G1 X76.113 Y116.773 E37.10752
G1 X76.032 Y116.726 E37.11063
G1 X75.787 Y116.654 E37.11913
G1 X75.421 Y116.288 E37.13634
G1 X75.295 Y115.862 E37.15112
G0 F6000 X75.712 Y115.861
G1 F1200 X75.763 Y115.688 E37.15712
G1 X75.916 Y115.527 E37.1645
G1 X76.1 Y115.475 E37.17086
G1 X76.284 Y115.527 E37.17722
G1 X76.436 Y115.687 E37.18456
G1 X76.55 Y116.075 E37.19801
G1 X76.721 Y116.349 E37.20876
G1 X76.8 Y116.421 E37.21231
G1 X76.838 Y116.521 E37.21587
G1 X76.835 Y116.56 E37.21717
G1 X76.871 Y116.682 E37.2214
G1 X76.62 Y116.535 E37.23107
G1 X76.341 Y116.456 E37.24072
G1 X76.145 Y116.342 E37.24826
G1 X75.998 Y116.299 E37.25335
G1 X75.776 Y116.077 E37.2638
G1 X75.712 Y115.861 E37.27129
G1 F2700 E32.27129
G0 F6000 X79.695 Y115.862
G1 F2700 E37.27129
G1 F1200 X79.806 Y115.483 E37.28442
G1 X80.102 Y115.172 E37.2987
G1 X80.5 Y115.059 E37.31247
G1 X80.898 Y115.172 E37.32623
G1 X81.194 Y115.483 E37.34051
G1 X81.334 Y115.962 E37.3571
G1 X81.391 Y116.054 E37.3607
G1 X81.54 Y116.19 E37.36741
G1 X81.638 Y116.448 E37.37659
G1 X81.645 Y116.569 E37.38062
G1 X81.687 Y116.634 E37.3832
G1 X81.731 Y116.68 E37.38532
G1 X81.783 Y116.862 E37.39161
G1 X81.731 Y117.053 E37.39819
G1 X81.591 Y117.193 E37.40478
G1 X81.4 Y117.246 E37.41137
G1 X81.222 Y117.193 E37.41755
G1 X80.998 Y116.97 E37.42806
G1 X80.911 Y116.92 E37.4314
G1 X80.564 Y116.822 E37.44339
G1 X80.513 Y116.773 E37.44575
G1 X80.432 Y116.726 E37.44886
G1 X80.187 Y116.654 E37.45735
G1 X79.821 Y116.288 E37.47457
G1 X79.695 Y115.862 E37.48934
G0 F6000 X80.112 Y115.861
G1 F1200 X80.163 Y115.688 E37.49534
G1 X80.316 Y115.527 E37.50273
G1 X80.5 Y115.475 E37.50909
G1 X80.684 Y115.527 E37.51545
G1 X80.836 Y115.687 E37.52279
G1 X80.95 Y116.075 E37.53624
G1 X81.121 Y116.349 E37.54698
G1 X81.2 Y116.421 E37.55054
G1 X81.238 Y116.521 E37.5541
G1 X81.235 Y116.56 E37.5554
G1 X81.271 Y116.682 E37.55963
G1 X81.02 Y116.535 E37.5693
G1 X80.741 Y116.456 E37.57895
G1 X80.545 Y116.342 E37.58649
G1 X80.398 Y116.299 E37.59158
G1 X80.176 Y116.077 E37.60202
G1 X80.112 Y115.861 E37.60952
G1 F2700 E32.60952
G0 F6000 X84.095 Y115.862
G1 F2700 E37.60952
G1 F1200 X84.206 Y115.483 E37.62265
G1 X84.502 Y115.172 E37.63693
G1 X84.9 Y115.059 E37.65069
G1 X85.298 Y115.172 E37.66445
G1 X85.594 Y115.483 E37.67873
G1 X85.734 Y115.962 E37.69533
G1 X85.791 Y116.054 E37.69893
G1 X85.94 Y116.19 E37.70564
G1 X86.038 Y116.448 E37.71482
G1 X86.045 Y116.569 E37.71885
G1 X86.087 Y116.634 E37.72143
G1 X86.131 Y116.68 E37.72354
G1 X86.183 Y116.862 E37.72984
G1 X86.131 Y117.053 E37.73642
G1 X85.991 Y117.193 E37.74301
G1 X85.8 Y117.246 E37.7496
G1 X85.622 Y117.193 E37.75578
G1 X85.398 Y116.97 E37.76629
G1 X85.311 Y116.92 E37.76963
G1 X84.964 Y116.822 E37.78162
G1 X84.913 Y116.773 E37.78397
G1 X84.832 Y116.726 E37.78709
G1 X84.587 Y116.654 E37.79558
G1 X84.221 Y116.288 E37.8128
G1 X84.095 Y115.862 E37.82757
G0 F6000 X84.512 Y115.861
G1 F1200 X84.563 Y115.688 E37.83357
G1 X84.716 Y115.527 E37.84096
G1 X84.9 Y115.475 E37.84732
G1 X85.084 Y115.527 E37.85368
G1 X85.236 Y115.687 E37.86102
G1 X85.35 Y116.075 E37.87447
G1 X85.521 Y116.349 E37.88521
G1 X85.6 Y116.421 E37.88877
G1 X85.638 Y116.521 E37.89232
G1 X85.635 Y116.56 E37.89362
G1 X85.671 Y116.682 E37.89786
G1 X85.42 Y116.535 E37.90753
G1 X85.141 Y116.456 E37.91717
G1 X84.945 Y116.342 E37.92472
G1 X84.798 Y116.299 E37.92981
G1 X84.576 Y116.077 E37.94025
G1 X84.512 Y115.861 E37.94774
G1 F2700 E32.94774
G0 F6000 X88.495 Y115.862
G1 F2700 E37.94774
G1 F1200 X88.606 Y115.483 E37.96088
G1 X88.902 Y115.172 E37.97516
G1 X89.3 Y115.059 E37.98892
G1 X89.698 Y115.172 E38.00268
G1 X89.994 Y115.483 E38.01696
G1 X90.134 Y115.962 E38.03356
G1 X90.191 Y116.054 E38.03716
G1 X90.34 Y116.19 E38.04387
G1 X90.438 Y116.448 E38.05305
G1 X90.445 Y116.569 E38.05708
G1 X90.487 Y116.634 E38.05965
G1 X90.531 Y116.68 E38.06177
G1 X90.583 Y116.862 E38.06807
G1 X90.531 Y117.053 E38.07465
G1 X90.391 Y117.193 E38.08124
G1 X90.2 Y117.246 E38.08783
G1 X90.022 Y117.193 E38.09401
G1 X89.798 Y116.97 E38.10452
G1 X89.711 Y116.92 E38.10786
G1 X89.364 Y116.822 E38.11985
G1 X89.313 Y116.773 E38.1222
G1 X89.232 Y116.726 E38.12532
G1 X88.987 Y116.654 E38.13381
G1 X88.621 Y116.288 E38.15102
G1 X88.495 Y115.862 E38.1658
G0 F6000 X88.912 Y115.861
G1 F1200 X88.963 Y115.688 E38.1718
G1 X89.116 Y115.527 E38.17919
G1 X89.3 Y115.475 E38.18555
G1 X89.484 Y115.527 E38.1919
G1 X89.636 Y115.687 E38.19925
G1 X89.75 Y116.075 E38.2127
G1 X89.921 Y116.349 E38.22344
G1 X90 Y116.421 E38.22699
G1 X90.038 Y116.521 E38.23055
G1 X90.035 Y116.56 E38.23185
G1 X90.071 Y116.682 E38.23608
G1 X89.82 Y116.535 E38.24576
G1 X89.541 Y116.456 E38.2554
G1 X89.345 Y116.342 E38.26294
G1 X89.198 Y116.299 E38.26804
G1 X88.976 Y116.077 E38.27848
G1 X88.912 Y115.861 E38.28597
G1 F2700 E33.28597
G0 F6000 X92.895 Y115.862
G1 F2700 E38.28597
G1 F1200 X93.006 Y115.483 E38.29911
G1 X93.302 Y115.172 E38.31339
G1 X93.7 Y115.059 E38.32715
G1 X94.098 Y115.172 E38.34091
G1 X94.394 Y115.483 E38.35519
G1 X94.534 Y115.962 E38.37179
G1 X94.591 Y116.054 E38.37539
G1 X94.74 Y116.19 E38.3821
G1 X94.838 Y116.448 E38.39128
G1 X94.845 Y116.569 E38.39531
G1 X94.887 Y116.634 E38.39788
G1 X94.931 Y116.68 E38.4
G1 X94.983 Y116.862 E38.40629
G1 X94.931 Y117.053 E38.41288
G1 X94.791 Y117.193 E38.41946
G1 X94.6 Y117.246 E38.42606
G1 X94.422 Y117.193 E38.43223
G1 X94.198 Y116.97 E38.44275
G1 X94.111 Y116.92 E38.44608
G1 X93.764 Y116.822 E38.45808
G1 X93.713 Y116.773 E38.46043
G1 X93.632 Y116.726 E38.46354
G1 X93.387 Y116.654 E38.47204
G1 X93.021 Y116.288 E38.48925
G1 X92.895 Y115.862 E38.50403
G0 F6000 X93.312 Y115.861
G1 F1200 X93.363 Y115.688 E38.51003
G1 X93.516 Y115.527 E38.51741
G1 X93.7 Y115.475 E38.52377
G1 X93.884 Y115.527 E38.53013
G1 X94.036 Y115.687 E38.53747
G1 X94.15 Y116.075 E38.55092
G1 X94.321 Y116.349 E38.56167
G1 X94.4 Y116.421 E38.56522
G1 X94.438 Y116.521 E38.56878
G1 X94.435 Y116.56 E38.57008
G1 X94.471 Y116.682 E38.57431
G1 X94.22 Y116.535 E38.58399
G1 X93.941 Y116.456 E38.59363
G1 X93.745 Y116.342 E38.60117
G1 X93.598 Y116.299 E38.60627
G1 X93.376 Y116.077 E38.61671
G1 X93.312 Y115.861 E38.6242
G1 F2700 E33.6242
G0 F6000 X97.295 Y115.862
G1 F2700 E38.6242
G1 F1200 X97.406 Y115.483 E38.63734
G1 X97.702 Y115.172 E38.65162
G1 X98.1 Y115.059 E38.66538
G1 X98.498 Y115.172 E38.67914
G1 X98.794 Y115.483 E38.69342
G1 X98.915 Y115.902 E38.70792
G1 X98.985 Y116.005 E38.71206
G1 X99.052 Y116.038 E38.71455
G1 X99.259 Y116.097 E38.72171
G1 X99.45 Y116.302 E38.73103
G1 X99.524 Y116.564 E38.74008
G1 X99.451 Y116.826 E38.74913
G1 X99.411 Y116.866 E38.75101
G1 X99.36 Y116.951 E38.75431
G1 X99.33 Y117.054 E38.75787
G1 X99.192 Y117.192 E38.76437
G1 X98.999 Y117.246 E38.77103
G1 X98.821 Y117.193 E38.77721
G1 X98.66 Y117.032 E38.78478
G1 X98.586 Y116.866 E38.79083
G1 X98.502 Y116.774 E38.79497
G1 X98.349 Y116.755 E38.8001
G1 X98.099 Y116.825 E38.80873
G1 X97.854 Y116.752 E38.81724
G1 X97.613 Y116.511 E38.82857
G1 X97.411 Y116.254 E38.83944
G1 X97.295 Y115.862 E38.85304
G0 F6000 X97.712 Y115.861
G1 F1200 X97.763 Y115.688 E38.85904
G1 X97.916 Y115.527 E38.86643
G1 X98.1 Y115.475 E38.87279
G1 X98.284 Y115.527 E38.87915
G1 X98.437 Y115.687 E38.88651
G1 X98.531 Y116.013 E38.89779
G1 X98.628 Y116.208 E38.90504
G1 X98.79 Y116.355 E38.91231
G1 X98.943 Y116.423 E38.91788
G1 X99.042 Y116.451 E38.9213
G1 X99.092 Y116.505 E38.92375
G1 X99.109 Y116.565 E38.92583
G1 X99.082 Y116.661 E38.92914
G1 X98.997 Y116.803 E38.93465
G1 X98.951 Y116.703 E38.93831
G1 X98.827 Y116.524 E38.94555
G1 X98.647 Y116.4 E38.95282
G1 X98.435 Y116.349 E38.96007
G1 X98.242 Y116.37 E38.96653
G1 X98.102 Y116.409 E38.97136
G1 X98.066 Y116.398 E38.97262
G1 X97.914 Y116.246 E38.97976
G1 X97.773 Y116.067 E38.98734
G1 X97.712 Y115.861 E38.99449
G1 F2700 E33.99449
G0 F6000 X101.695 Y115.862
G1 F2700 E38.99449
G1 F1200 X101.806 Y115.483 E39.00762
G1 X102.102 Y115.172 E39.0219
G1 X102.5 Y115.059 E39.03567
G1 X102.898 Y115.172 E39.04943
G1 X103.194 Y115.483 E39.06371
G1 X103.334 Y115.962 E39.0803
G1 X103.391 Y116.054 E39.0839
G1 X103.54 Y116.19 E39.09061
G1 X103.638 Y116.448 E39.09979
G1 X103.645 Y116.569 E39.10382
G1 X103.687 Y116.634 E39.1064
G1 X103.731 Y116.68 E39.10852
G1 X103.783 Y116.862 E39.11481
G1 X103.731 Y117.053 E39.12139
G1 X103.591 Y117.193 E39.12798
G1 X103.4 Y117.246 E39.13457
G1 X103.222 Y117.193 E39.14075
G1 X102.998 Y116.97 E39.15126
G1 X102.911 Y116.92 E39.1546
G1 X102.564 Y116.822 E39.16659
G1 X102.513 Y116.773 E39.16894
G1 X102.432 Y116.726 E39.17206
G1 X102.187 Y116.654 E39.18055
G1 X101.821 Y116.288 E39.19777
G1 X101.695 Y115.862 E39.21254
G0 F6000 X102.112 Y115.861
G1 F1200 X102.163 Y115.688 E39.21854
G1 X102.316 Y115.527 E39.22593
G1 X102.5 Y115.475 E39.23229
G1 X102.684 Y115.527 E39.23865
G1 X102.836 Y115.687 E39.24599
G1 X102.95 Y116.075 E39.25944
G1 X103.121 Y116.349 E39.27018
G1 X103.2 Y116.421 E39.27374
G1 X103.238 Y116.521 E39.2773
G1 X103.235 Y116.56 E39.2786
G1 X103.271 Y116.682 E39.28283
G1 X103.02 Y116.535 E39.2925
G1 X102.741 Y116.456 E39.30215
G1 X102.545 Y116.342 E39.30969
G1 X102.398 Y116.299 E39.31478
G1 X102.176 Y116.077 E39.32522
G1 X102.112 Y115.861 E39.33272
G1 F2700 E34.33272
G0 F6000 X106.095 Y115.862
G1 F2700 E39.33272
G1 F1200 X106.206 Y115.483 E39.34585
G1 X106.502 Y115.172 E39.36013
G1 X106.9 Y115.059 E39.37389
G1 X107.298 Y115.172 E39.38765
G1 X107.594 Y115.483 E39.40193
G1 X107.734 Y115.962 E39.41853
G1 X107.791 Y116.054 E39.42213
G1 X107.94 Y116.19 E39.42884
G1 X108.038 Y116.448 E39.43802
G1 X108.045 Y116.569 E39.44205
G1 X108.087 Y116.634 E39.44463
G1 X108.131 Y116.68 E39.44674
G1 X108.183 Y116.862 E39.45304
G1 X108.131 Y117.053 E39.45962
G1 X107.991 Y117.193 E39.46621
G1 X107.8 Y117.246 E39.4728
G1 X107.622 Y117.193 E39.47898
G1 X107.398 Y116.97 E39.48949
G1 X107.311 Y116.92 E39.49283
G1 X106.964 Y116.822 E39.50482
G1 X106.913 Y116.773 E39.50717
G1 X106.832 Y116.726 E39.51029
G1 X106.587 Y116.654 E39.51878
G1 X106.221 Y116.288 E39.536
G1 X106.095 Y115.862 E39.55077
G0 F6000 X106.512 Y115.861
G1 F1200 X106.563 Y115.688 E39.55677
G1 X106.716 Y115.527 E39.56416
G1 X106.9 Y115.475 E39.57052
G1 X107.084 Y115.527 E39.57688
G1 X107.236 Y115.687 E39.58422
G1 X107.35 Y116.075 E39.59767
G1 X107.521 Y116.349 E39.60841
G1 X107.6 Y116.421 E39.61196
G1 X107.638 Y116.521 E39.61552
G1 X107.635 Y116.56 E39.61682
G1 X107.671 Y116.682 E39.62105
G1 X107.42 Y116.535 E39.63073
G1 X107.141 Y116.456 E39.64037
G1 X106.945 Y116.342 E39.64792
G1 X106.798 Y116.299 E39.65301
G1 X106.576 Y116.077 E39.66345
G1 X106.512 Y115.861 E39.67094
G1 F2700 E34.67094
G0 F6000 X110.495 Y115.862
G1 F2700 E39.67094
G1 F1200 X110.606 Y115.483 E39.68408
G1 X110.902 Y115.172 E39.69836
G1 X111.3 Y115.059 E39.71212
G1 X111.698 Y115.172 E39.72588
G1 X111.994 Y115.483 E39.74016
G1 X112.134 Y115.962 E39.75676
G1 X112.191 Y116.054 E39.76036
G1 X112.34 Y116.19 E39.76707
G1 X112.438 Y116.448 E39.77625
G1 X112.445 Y116.569 E39.78028
G1 X112.487 Y116.634 E39.78285
G1 X112.531 Y116.68 E39.78497
G1 X112.583 Y116.862 E39.79127
G1 X112.531 Y117.053 E39.79785
G1 X112.391 Y117.193 E39.80443
G1 X112.2 Y117.246 E39.81103
G1 X112.022 Y117.193 E39.8172
G1 X111.798 Y116.97 E39.82772
G1 X111.711 Y116.92 E39.83106
G1 X111.364 Y116.822 E39.84305
G1 X111.313 Y116.773 E39.8454
G1 X111.232 Y116.726 E39.84851
G1 X110.987 Y116.654 E39.85701
G1 X110.621 Y116.288 E39.87422
G1 X110.495 Y115.862 E39.889
G0 F6000 X110.912 Y115.861
G1 F1200 X110.963 Y115.688 E39.895
G1 X111.116 Y115.527 E39.90239
G1 X111.3 Y115.475 E39.90874
G1 X111.484 Y115.527 E39.9151
G1 X111.636 Y115.687 E39.92244
G1 X111.75 Y116.075 E39.9359
G1 X111.921 Y116.349 E39.94664
G1 X112 Y116.421 E39.95019
G1 X112.038 Y116.521 E39.95375
G1 X112.035 Y116.56 E39.95505
G1 X112.071 Y116.682 E39.95928
G1 X111.82 Y116.535 E39.96896
G1 X111.541 Y116.456 E39.9786
G1 X111.345 Y116.342 E39.98614
G1 X111.198 Y116.299 E39.99124
G1 X110.976 Y116.077 E40.00168
G1 X110.912 Y115.861 E40.00917
G1 F2700 E35.00917
G0 F6000 X114.895 Y115.862
G1 F2700 E40.00917
G1 F1200 X115.006 Y115.483 E40.02231
G1 X115.302 Y115.172 E40.03659
G1 X115.7 Y115.059 E40.05035
G1 X116.098 Y115.172 E40.06411
G1 X116.394 Y115.483 E40.07839
G1 X116.534 Y115.962 E40.09499
G1 X116.591 Y116.054 E40.09859
G1 X116.74 Y116.19 E40.1053
G1 X116.838 Y116.448 E40.11448
G1 X116.845 Y116.569 E40.11851
G1 X116.887 Y116.634 E40.12108
G1 X116.931 Y116.68 E40.1232
G1 X116.983 Y116.862 E40.12949
G1 X116.931 Y117.053 E40.13608
G1 X116.791 Y117.193 E40.14266
G1 X116.6 Y117.246 E40.14926
G1 X116.422 Y117.193 E40.15543
G1 X116.198 Y116.97 E40.16595
G1 X116.111 Y116.92 E40.16928
G1 X115.764 Y116.822 E40.18128
G1 X115.713 Y116.773 E40.18363
G1 X115.632 Y116.726 E40.18674
G1 X115.387 Y116.654 E40.19524
G1 X115.021 Y116.288 E40.21245
G1 X114.895 Y115.862 E40.22723
G0 F6000 X115.312 Y115.861
G1 F1200 X115.363 Y115.688 E40.23323
G1 X115.516 Y115.527 E40.24061
G1 X115.7 Y115.475 E40.24697
G1 X115.884 Y115.527 E40.25333
G1 X116.036 Y115.687 E40.26067
G1 X116.15 Y116.075 E40.27412
G1 X116.321 Y116.349 E40.28487
G1 X116.4 Y116.421 E40.28842
G1 X116.438 Y116.521 E40.29198
G1 X116.435 Y116.56 E40.29328
G1 X116.471 Y116.682 E40.29751
G1 X116.22 Y116.535 E40.30718
G1 X115.941 Y116.456 E40.31683
G1 X115.745 Y116.342 E40.32437
G1 X115.598 Y116.299 E40.32946
G1 X115.376 Y116.077 E40.33991
G1 X115.312 Y115.861 E40.3474
G1 F2700 E35.3474
G0 F6000 X119.295 Y115.862
G1 F2700 E40.3474
G1 F1200 X119.406 Y115.483 E40.36053
G1 X119.702 Y115.172 E40.37481
G1 X120.1 Y115.059 E40.38858
G1 X120.498 Y115.172 E40.40234
G1 X120.794 Y115.483 E40.41662
G1 X120.934 Y115.962 E40.43321
G1 X120.992 Y116.054 E40.43683
G1 X121.14 Y116.188 E40.44347
G1 X121.238 Y116.448 E40.45271
G1 X121.245 Y116.569 E40.45674
G1 X121.287 Y116.634 E40.45932
G1 X121.331 Y116.68 E40.46144
G1 X121.383 Y116.862 E40.46773
G1 X121.331 Y117.053 E40.47432
G1 X121.191 Y117.193 E40.4809
G1 X121 Y117.246 E40.48749
G1 X120.822 Y117.193 E40.49367
G1 X120.596 Y116.968 E40.50428
G1 X120.51 Y116.918 E40.50759
G1 X120.164 Y116.82 E40.51955
G1 X120.115 Y116.773 E40.52181
G1 X120.035 Y116.727 E40.52487
G1 X119.787 Y116.654 E40.53347
G1 X119.421 Y116.288 E40.55069
G1 X119.295 Y115.862 E40.56546
G0 F6000 X119.712 Y115.861
G1 F1200 X119.763 Y115.688 E40.57146
G1 X119.916 Y115.527 E40.57885
G1 X120.1 Y115.475 E40.58521
G1 X120.284 Y115.527 E40.59157
G1 X120.436 Y115.687 E40.59891
G1 X120.55 Y116.075 E40.61236
G1 X120.649 Y116.269 E40.6196
G1 X120.723 Y116.35 E40.62325
G1 X120.8 Y116.42 E40.62671
G1 X120.838 Y116.52 E40.63027
G1 X120.835 Y116.56 E40.63161
G1 X120.871 Y116.681 E40.6358
G1 X120.619 Y116.533 E40.64553
G1 X120.338 Y116.453 E40.65524
G1 X120.148 Y116.344 E40.66253
G1 X119.999 Y116.3 E40.6677
G1 X119.776 Y116.077 E40.67818
G1 X119.712 Y115.861 E40.68568
G1 F2700 E35.68568
G0 F6000 X123.695 Y115.862
G1 F2700 E40.68568
G1 F1200 X123.806 Y115.483 E40.69881
G1 X124.102 Y115.172 E40.71309
G1 X124.5 Y115.059 E40.72685
G1 X124.898 Y115.172 E40.74061
G1 X125.194 Y115.483 E40.75489
G1 X125.334 Y115.962 E40.77149
G1 X125.392 Y116.054 E40.77511
G1 X125.54 Y116.188 E40.78175
G1 X125.638 Y116.448 E40.79099
G1 X125.645 Y116.569 E40.79502
G1 X125.687 Y116.634 E40.7976
G1 X125.731 Y116.68 E40.79971
G1 X125.783 Y116.862 E40.80601
G1 X125.731 Y117.053 E40.81259
G1 X125.591 Y117.193 E40.81918
G1 X125.4 Y117.246 E40.82577
G1 X125.222 Y117.193 E40.83195
G1 X124.996 Y116.968 E40.84256
G1 X124.91 Y116.918 E40.84586
G1 X124.564 Y116.82 E40.85782
G1 X124.515 Y116.773 E40.86008
G1 X124.435 Y116.727 E40.86315
G1 X124.187 Y116.654 E40.87175
G1 X123.821 Y116.288 E40.88897
G1 X123.695 Y115.862 E40.90374
G0 F6000 X124.112 Y115.861
G1 F1200 X124.163 Y115.688 E40.90974
G1 X124.316 Y115.527 E40.91713
G1 X124.5 Y115.475 E40.92349
G1 X124.684 Y115.527 E40.92985
G1 X124.836 Y115.687 E40.93719
G1 X124.95 Y116.075 E40.95064
G1 X125.049 Y116.269 E40.95788
G1 X125.123 Y116.35 E40.96153
G1 X125.2 Y116.42 E40.96499
G1 X125.238 Y116.52 E40.96855
G1 X125.235 Y116.56 E40.96988
G1 X125.271 Y116.681 E40.97408
G1 X125.019 Y116.533 E40.9838
G1 X124.738 Y116.453 E40.99352
G1 X124.548 Y116.344 E41.00081
G1 X124.399 Y116.3 E41.00597
G1 X124.176 Y116.077 E41.01646
G1 X124.112 Y115.861 E41.02396
G1 F2700 E36.02396
G0 F6000 X128.095 Y115.862
G1 F2700 E41.02396
G1 F1200 X128.206 Y115.483 E41.03709
G1 X128.502 Y115.172 E41.05137
G1 X128.9 Y115.059 E41.06513
G1 X129.298 Y115.172 E41.07889
G1 X129.594 Y115.483 E41.09317
G1 X129.734 Y115.962 E41.10977
G1 X129.792 Y116.054 E41.11339
G1 X129.94 Y116.188 E41.12003
G1 X130.038 Y116.448 E41.12927
G1 X130.045 Y116.569 E41.1333
G1 X130.087 Y116.634 E41.13587
G1 X130.131 Y116.68 E41.13799
G1 X130.183 Y116.862 E41.14429
G1 X130.131 Y117.053 E41.15087
G1 X129.991 Y117.193 E41.15746
G1 X129.799 Y117.246 E41.16408
G1 X129.622 Y117.194 E41.17022
G1 X129.398 Y116.969 E41.18078
G1 X129.311 Y116.918 E41.18413
G1 X128.963 Y116.819 E41.19616
G1 X128.914 Y116.773 E41.1984
G1 X128.834 Y116.727 E41.20147
G1 X128.587 Y116.654 E41.21004
G1 X128.221 Y116.288 E41.22725
G1 X128.095 Y115.862 E41.24203
G0 F6000 X128.512 Y115.861
G1 F1200 X128.563 Y115.688 E41.24803
G1 X128.716 Y115.527 E41.25541
G1 X128.9 Y115.475 E41.26177
G1 X129.084 Y115.527 E41.26813
G1 X129.236 Y115.687 E41.27547
G1 X129.35 Y116.075 E41.28892
G1 X129.449 Y116.269 E41.29617
G1 X129.523 Y116.35 E41.29982
G1 X129.6 Y116.42 E41.30328
G1 X129.638 Y116.52 E41.30684
G1 X129.635 Y116.56 E41.30817
G1 X129.671 Y116.681 E41.31237
G1 X129.42 Y116.533 E41.32206
G1 X129.137 Y116.453 E41.33184
G1 X128.947 Y116.344 E41.33913
G1 X128.799 Y116.3 E41.34426
G1 X128.576 Y116.077 E41.35475
G1 X128.512 Y115.861 E41.36224
G1 F2700 E36.36224
G0 F6000 X132.495 Y115.862
G1 F2700 E41.36224
G1 F1200 X132.606 Y115.483 E41.37538
G1 X132.902 Y115.172 E41.38966
G1 X133.3 Y115.059 E41.40342
G1 X133.698 Y115.172 E41.41718
G1 X133.994 Y115.483 E41.43146
G1 X134.134 Y115.962 E41.44806
G1 X134.192 Y116.054 E41.45168
G1 X134.34 Y116.188 E41.45832
G1 X134.438 Y116.448 E41.46756
G1 X134.445 Y116.569 E41.47159
G1 X134.487 Y116.634 E41.47416
G1 X134.531 Y116.68 E41.47628
G1 X134.583 Y116.862 E41.48258
G1 X134.531 Y117.053 E41.48916
G1 X134.391 Y117.193 E41.49575
G1 X134.199 Y117.246 E41.50237
G1 X134.022 Y117.194 E41.50851
G1 X133.798 Y116.969 E41.51907
G1 X133.711 Y116.918 E41.52242
G1 X133.363 Y116.819 E41.53445
G1 X133.314 Y116.773 E41.53669
G1 X133.234 Y116.727 E41.53976
G1 X132.987 Y116.654 E41.54832
G1 X132.621 Y116.288 E41.56554
G1 X132.495 Y115.862 E41.58032
G0 F6000 X132.912 Y115.861
G1 F1200 X132.963 Y115.688 E41.58631
G1 X133.116 Y115.527 E41.5937
G1 X133.3 Y115.475 E41.60006
G1 X133.484 Y115.527 E41.60642
G1 X133.636 Y115.687 E41.61376
G1 X133.75 Y116.075 E41.62721
G1 X133.849 Y116.269 E41.63446
G1 X133.923 Y116.35 E41.6381
G1 X134 Y116.42 E41.64157
G1 X134.038 Y116.52 E41.64512
G1 X134.035 Y116.56 E41.64646
G1 X134.071 Y116.681 E41.65066
G1 X133.82 Y116.533 E41.66035
G1 X133.537 Y116.453 E41.67013
G1 X133.347 Y116.344 E41.67742
G1 X133.199 Y116.3 E41.68255
G1 X132.976 Y116.077 E41.69304
G1 X132.912 Y115.861 E41.70053
G1 F2700 E36.70053
G0 F6000 X136.895 Y115.862
G1 F2700 E41.70053
G1 F1200 X137.006 Y115.483 E41.71367
G1 X137.302 Y115.172 E41.72795
G1 X137.7 Y115.059 E41.74171
G1 X138.098 Y115.172 E41.75547
G1 X138.394 Y115.483 E41.76975
G1 X138.534 Y115.962 E41.78635
G1 X138.592 Y116.054 E41.78997
G1 X138.74 Y116.188 E41.79661
G1 X138.838 Y116.448 E41.80585
G1 X138.845 Y116.569 E41.80988
G1 X138.887 Y116.634 E41.81245
G1 X138.931 Y116.68 E41.81457
G1 X138.983 Y116.862 E41.82087
G1 X138.931 Y117.053 E41.82745
G1 X138.791 Y117.193 E41.83403
G1 X138.6 Y117.246 E41.84063
G1 X138.422 Y117.193 E41.8468
G1 X138.196 Y116.968 E41.85741
G1 X138.11 Y116.918 E41.86072
G1 X137.764 Y116.82 E41.87268
G1 X137.715 Y116.773 E41.87494
G1 X137.635 Y116.727 E41.87801
G1 X137.387 Y116.654 E41.88661
G1 X137.021 Y116.288 E41.90382
G1 X136.895 Y115.862 E41.9186
G0 F6000 X137.312 Y115.861
G1 F1200 X137.363 Y115.688 E41.9246
G1 X137.516 Y115.527 E41.93198
G1 X137.7 Y115.475 E41.93834
G1 X137.884 Y115.527 E41.9447
G1 X138.036 Y115.687 E41.95204
G1 X138.15 Y116.075 E41.96549
G1 X138.249 Y116.269 E41.97274
G1 X138.323 Y116.35 E41.97639
G1 X138.4 Y116.42 E41.97985
G1 X138.438 Y116.52 E41.98341
G1 X138.435 Y116.56 E41.98474
G1 X138.471 Y116.681 E41.98894
G1 X138.219 Y116.533 E41.99866
G1 X137.938 Y116.453 E42.00838
G1 X137.748 Y116.344 E42.01566
G1 X137.599 Y116.3 E42.02083
G1 X137.376 Y116.077 E42.03132
G1 X137.312 Y115.861 E42.03881
G1 F2700 E37.03881
G0 F6000 X141.295 Y115.862
G1 F2700 E42.03881
G1 F1200 X141.406 Y115.483 E42.05195
G1 X141.702 Y115.172 E42.06623
G1 X142.1 Y115.059 E42.07999
G1 X142.498 Y115.172 E42.09375
G1 X142.794 Y115.483 E42.10803
G1 X142.934 Y115.962 E42.12463
G1 X142.992 Y116.054 E42.12824
G1 X143.14 Y116.188 E42.13488
G1 X143.238 Y116.448 E42.14413
G1 X143.245 Y116.569 E42.14816
G1 X143.287 Y116.634 E42.15073
G1 X143.331 Y116.68 E42.15285
G1 X143.383 Y116.862 E42.15914
G1 X143.331 Y117.053 E42.16573
G1 X143.191 Y117.193 E42.17231
G1 X142.999 Y117.246 E42.17894
G1 X142.822 Y117.194 E42.18507
G1 X142.598 Y116.969 E42.19563
G1 X142.511 Y116.918 E42.19899
G1 X142.163 Y116.819 E42.21102
G1 X142.114 Y116.773 E42.21326
G1 X142.034 Y116.727 E42.21633
G1 X141.787 Y116.654 E42.22489
G1 X141.421 Y116.288 E42.24211
G1 X141.295 Y115.862 E42.25688
G0 F6000 X141.712 Y115.861
G1 F1200 X141.763 Y115.688 E42.26288
G1 X141.916 Y115.527 E42.27027
G1 X142.1 Y115.475 E42.27663
G1 X142.284 Y115.527 E42.28299
G1 X142.436 Y115.687 E42.29033
G1 X142.55 Y116.075 E42.30378
G1 X142.649 Y116.269 E42.31102
G1 X142.723 Y116.35 E42.31467
G1 X142.8 Y116.42 E42.31813
G1 X142.838 Y116.52 E42.32169
G1 X142.835 Y116.56 E42.32302
G1 X142.871 Y116.681 E42.32722
G1 X142.62 Y116.533 E42.33692
G1 X142.337 Y116.453 E42.3467
G1 X142.147 Y116.344 E42.35398
G1 X141.999 Y116.3 E42.35912
G1 X141.776 Y116.077 E42.36961
G1 X141.712 Y115.861 E42.3771
G1 F2700 E37.3771
G0 F6000 X145.695 Y115.862
G1 F2700 E42.3771
G1 F1200 X145.806 Y115.483 E42.39023
G1 X146.102 Y115.172 E42.40451
G1 X146.5 Y115.059 E42.41828
G1 X146.898 Y115.172 E42.43204
G1 X147.194 Y115.483 E42.44632
G1 X147.334 Y115.962 E42.46291
G1 X147.392 Y116.054 E42.46653
G1 X147.54 Y116.188 E42.47317
G1 X147.638 Y116.448 E42.48241
G1 X147.645 Y116.569 E42.48645
G1 X147.687 Y116.634 E42.48902
G1 X147.731 Y116.68 E42.49114
G1 X147.783 Y116.862 E42.49743
G1 X147.731 Y117.053 E42.50402
G1 X147.591 Y117.193 E42.5106
G1 X147.4 Y117.246 E42.51719
G1 X147.222 Y117.193 E42.52337
G1 X146.996 Y116.968 E42.53398
G1 X146.91 Y116.918 E42.53729
G1 X146.564 Y116.82 E42.54925
G1 X146.515 Y116.773 E42.55151
G1 X146.435 Y116.727 E42.55457
G1 X146.187 Y116.654 E42.56317
G1 X145.821 Y116.288 E42.58039
G1 X145.695 Y115.862 E42.59516
G0 F6000 X146.112 Y115.861
G1 F1200 X146.163 Y115.688 E42.60116
G1 X146.316 Y115.527 E42.60855
G1 X146.5 Y115.475 E42.61491
G1 X146.684 Y115.527 E42.62127
G1 X146.836 Y115.687 E42.62861
G1 X146.95 Y116.075 E42.64206
G1 X147.049 Y116.269 E42.6493
G1 X147.123 Y116.35 E42.65295
G1 X147.2 Y116.42 E42.65641
G1 X147.238 Y116.52 E42.65997
G1 X147.235 Y116.56 E42.66131
G1 X147.271 Y116.681 E42.66551
G1 X147.019 Y116.533 E42.67523
G1 X146.738 Y116.453 E42.68494
G1 X146.548 Y116.344 E42.69223
G1 X146.399 Y116.3 E42.6974
G1 X146.176 Y116.077 E42.70788
G1 X146.112 Y115.861 E42.71538
G1 F2700 E37.71538
G0 F6000 X150.095 Y115.862
G1 F2700 E42.71538
G1 F1200 X150.206 Y115.483 E42.72851
G1 X150.502 Y115.172 E42.74279
G1 X150.9 Y115.059 E42.75655
G1 X151.298 Y115.172 E42.77031
G1 X151.594 Y115.483 E42.78459
G1 X151.734 Y115.962 E42.80119
G1 X151.792 Y116.054 E42.80481
G1 X151.94 Y116.188 E42.81145
G1 X152.038 Y116.448 E42.82069
G1 X152.045 Y116.569 E42.82472
G1 X152.087 Y116.634 E42.8273
G1 X152.131 Y116.68 E42.82941
G1 X152.183 Y116.862 E42.83571
G1 X152.131 Y117.053 E42.84229
G1 X151.991 Y117.193 E42.84888
G1 X151.799 Y117.246 E42.8555
G1 X151.622 Y117.194 E42.86164
G1 X151.398 Y116.969 E42.8722
G1 X151.311 Y116.918 E42.87555
G1 X150.963 Y116.819 E42.88759
G1 X150.914 Y116.773 E42.88982
G1 X150.834 Y116.727 E42.89289
G1 X150.587 Y116.654 E42.90146
G1 X150.221 Y116.288 E42.91867
G1 X150.095 Y115.862 E42.93345
G0 F6000 X150.512 Y115.861
G1 F1200 X150.563 Y115.688 E42.93945
G1 X150.716 Y115.527 E42.94684
G1 X150.9 Y115.475 E42.9532
G1 X151.084 Y115.527 E42.95955
G1 X151.236 Y115.687 E42.96689
G1 X151.35 Y116.075 E42.98035
G1 X151.449 Y116.269 E42.98759
G1 X151.523 Y116.35 E42.99124
G1 X151.6 Y116.42 E42.9947
G1 X151.638 Y116.52 E42.99826
G1 X151.635 Y116.56 E42.99959
G1 X151.671 Y116.681 E43.00379
G1 X151.42 Y116.533 E43.01348
G1 X151.137 Y116.453 E43.02326
G1 X150.947 Y116.344 E43.03055
G1 X150.799 Y116.3 E43.03568
G1 X150.576 Y116.077 E43.04617
G1 X150.512 Y115.861 E43.05367
G1 F2700 E38.05367
G0 F6000 X154.495 Y115.862
G1 F2700 E43.05367
G1 F1200 X154.606 Y115.483 E43.0668
G1 X154.902 Y115.172 E43.08108
G1 X155.3 Y115.059 E43.09484
G1 X155.698 Y115.172 E43.1086
G1 X155.994 Y115.483 E43.12288
G1 X156.115 Y115.902 E43.13739
G1 X156.185 Y116.005 E43.14153
G1 X156.252 Y116.038 E43.14401
G1 X156.459 Y116.098 E43.15118
G1 X156.649 Y116.299 E43.16038
G1 X156.724 Y116.565 E43.16957
G1 X156.651 Y116.826 E43.17859
G1 X156.611 Y116.866 E43.18047
G1 X156.56 Y116.951 E43.18377
G1 X156.53 Y117.054 E43.18734
G1 X156.392 Y117.192 E43.19383
G1 X156.199 Y117.246 E43.20049
G1 X156.021 Y117.193 E43.20667
G1 X155.86 Y117.032 E43.21424
G1 X155.786 Y116.866 E43.22029
G1 X155.702 Y116.774 E43.22443
G1 X155.549 Y116.755 E43.22956
G1 X155.299 Y116.825 E43.23819
G1 X155.054 Y116.752 E43.2467
G1 X154.813 Y116.511 E43.25803
G1 X154.611 Y116.254 E43.2689
G1 X154.495 Y115.862 E43.2825
G0 F6000 X154.912 Y115.861
G1 F1200 X154.963 Y115.688 E43.2885
G1 X155.116 Y115.527 E43.29589
G1 X155.3 Y115.475 E43.30225
G1 X155.484 Y115.527 E43.30861
G1 X155.637 Y115.687 E43.31597
G1 X155.731 Y116.013 E43.32725
G1 X155.828 Y116.208 E43.3345
G1 X155.99 Y116.355 E43.34177
G1 X156.141 Y116.423 E43.34728
G1 X156.245 Y116.453 E43.35088
G1 X156.291 Y116.502 E43.35312
G1 X156.309 Y116.565 E43.3553
G1 X156.282 Y116.661 E43.35861
G1 X156.197 Y116.803 E43.36412
G1 X156.151 Y116.703 E43.36778
G1 X156.027 Y116.524 E43.37502
G1 X155.847 Y116.4 E43.38229
G1 X155.635 Y116.349 E43.38954
G1 X155.442 Y116.37 E43.396
G1 X155.302 Y116.409 E43.40083
G1 X155.266 Y116.398 E43.40209
G1 X155.114 Y116.246 E43.40924
G1 X154.973 Y116.067 E43.41681
G1 X154.912 Y115.861 E43.42396
G1 F2700 E38.42396
G0 F6000 X158.895 Y115.862
G1 F2700 E43.42396
G1 F1200 X159.006 Y115.483 E43.4371
G1 X159.302 Y115.172 E43.45138
G1 X159.7 Y115.059 E43.46514
G1 X160.098 Y115.172 E43.4789
G1 X160.394 Y115.483 E43.49318
G1 X160.534 Y115.962 E43.50977
G1 X160.592 Y116.054 E43.51339
G1 X160.74 Y116.188 E43.52003
G1 X160.838 Y116.448 E43.52927
G1 X160.845 Y116.569 E43.53331
G1 X160.887 Y116.634 E43.53588
G1 X160.931 Y116.68 E43.538
G1 X160.983 Y116.862 E43.54429
G1 X160.931 Y117.053 E43.55088
G1 X160.791 Y117.193 E43.55746
G1 X160.6 Y117.246 E43.56405
G1 X160.422 Y117.193 E43.57023
G1 X160.196 Y116.968 E43.58084
G1 X160.11 Y116.918 E43.58415
G1 X159.764 Y116.82 E43.59611
G1 X159.715 Y116.773 E43.59837
G1 X159.635 Y116.727 E43.60143
G1 X159.387 Y116.654 E43.61003
G1 X159.021 Y116.288 E43.62725
G1 X158.895 Y115.862 E43.64202
G0 F6000 X159.312 Y115.861
G1 F1200 X159.363 Y115.688 E43.64802
G1 X159.516 Y115.527 E43.65541
G1 X159.7 Y115.475 E43.66177
G1 X159.884 Y115.527 E43.66813
G1 X160.036 Y115.687 E43.67547
G1 X160.15 Y116.075 E43.68892
G1 X160.249 Y116.269 E43.69616
G1 X160.323 Y116.35 E43.69981
G1 X160.4 Y116.42 E43.70327
G1 X160.438 Y116.52 E43.70683
G1 X160.435 Y116.56 E43.70817
G1 X160.471 Y116.681 E43.71237
G1 X160.219 Y116.533 E43.72209
G1 X159.938 Y116.453 E43.7318
G1 X159.748 Y116.344 E43.73909
G1 X159.599 Y116.3 E43.74426
G1 X159.376 Y116.077 E43.75475
G1 X159.312 Y115.861 E43.76224
G1 F2700 E38.76224
G0 F6000 X163.295 Y115.862
G1 F2700 E43.76224
G1 F1200 X163.406 Y115.483 E43.77537
G1 X163.702 Y115.172 E43.78965
G1 X164.1 Y115.059 E43.80341
G1 X164.498 Y115.172 E43.81717
G1 X164.794 Y115.483 E43.83145
G1 X164.934 Y115.962 E43.84805
G1 X164.992 Y116.054 E43.85167
G1 X165.14 Y116.188 E43.85831
G1 X165.238 Y116.448 E43.86755
G1 X165.245 Y116.569 E43.87158
G1 X165.287 Y116.634 E43.87416
G1 X165.331 Y116.68 E43.87627
G1 X165.383 Y116.862 E43.88257
G1 X165.331 Y117.053 E43.88915
G1 X165.191 Y117.193 E43.89574
G1 X165 Y117.246 E43.90233
G1 X164.822 Y117.193 E43.90851
G1 X164.596 Y116.968 E43.91912
G1 X164.51 Y116.918 E43.92242
G1 X164.164 Y116.82 E43.93439
G1 X164.115 Y116.773 E43.93664
G1 X164.035 Y116.727 E43.93971
G1 X163.787 Y116.654 E43.94831
G1 X163.421 Y116.288 E43.96553
G1 X163.295 Y115.862 E43.9803
G0 F6000 X163.712 Y115.861
G1 F1200 X163.763 Y115.688 E43.9863
G1 X163.916 Y115.527 E43.99369
G1 X164.1 Y115.475 E44.00005
G1 X164.284 Y115.527 E44.00641
G1 X164.436 Y115.687 E44.01375
G1 X164.55 Y116.075 E44.0272
G1 X164.649 Y116.269 E44.03444
G1 X164.723 Y116.35 E44.03809
G1 X164.8 Y116.42 E44.04155
G1 X164.838 Y116.52 E44.04511
G1 X164.835 Y116.56 E44.04644
G1 X164.871 Y116.681 E44.05064
G1 X164.619 Y116.533 E44.06036
G1 X164.338 Y116.453 E44.07008
G1 X164.148 Y116.344 E44.07737
G1 X163.999 Y116.3 E44.08253
G1 X163.776 Y116.077 E44.09302
G1 X163.712 Y115.861 E44.10052
G1 F2700 E39.10052
G0 F6000 X167.695 Y115.862
G1 F2700 E44.10052
G1 F1200 X167.806 Y115.483 E44.11365
G1 X168.102 Y115.172 E44.12793
G1 X168.5 Y115.059 E44.14169
G1 X168.898 Y115.172 E44.15545
G1 X169.194 Y115.483 E44.16973
G1 X169.334 Y115.962 E44.18633
G1 X169.392 Y116.054 E44.18995
G1 X169.54 Y116.188 E44.19659
G1 X169.638 Y116.448 E44.20583
G1 X169.645 Y116.569 E44.20986
G1 X169.687 Y116.634 E44.21244
G1 X169.731 Y116.68 E44.21455
G1 X169.783 Y116.862 E44.22085
G1 X169.731 Y117.053 E44.22743
G1 X169.591 Y117.193 E44.23402
G1 X169.4 Y117.246 E44.24061
G1 X169.222 Y117.193 E44.24679
G1 X168.996 Y116.968 E44.25739
G1 X168.91 Y116.918 E44.2607
G1 X168.564 Y116.82 E44.27266
G1 X168.515 Y116.773 E44.27492
G1 X168.435 Y116.727 E44.27799
G1 X168.187 Y116.654 E44.28659
G1 X167.821 Y116.288 E44.3038
G1 X167.695 Y115.862 E44.31858
G0 F6000 X168.112 Y115.861
G1 F1200 X168.163 Y115.688 E44.32458
G1 X168.316 Y115.527 E44.33197
G1 X168.5 Y115.475 E44.33833
G1 X168.684 Y115.527 E44.34469
G1 X168.836 Y115.687 E44.35203
G1 X168.95 Y116.075 E44.36548
G1 X169.049 Y116.269 E44.37272
G1 X169.123 Y116.35 E44.37637
G1 X169.2 Y116.42 E44.37983
G1 X169.238 Y116.52 E44.38339
G1 X169.235 Y116.56 E44.38472
G1 X169.271 Y116.681 E44.38892
G1 X169.019 Y116.533 E44.39864
G1 X168.738 Y116.453 E44.40836
G1 X168.548 Y116.344 E44.41564
G1 X168.399 Y116.3 E44.42081
G1 X168.176 Y116.077 E44.4313
G1 X168.112 Y115.861 E44.43879
G1 F2700 E39.43879
G0 F6000 X172.095 Y115.862
G1 F2700 E44.43879
G1 F1200 X172.206 Y115.483 E44.45193
G1 X172.502 Y115.172 E44.46621
G1 X172.9 Y115.059 E44.47997
G1 X173.298 Y115.172 E44.49373
G1 X173.594 Y115.483 E44.50801
G1 X173.734 Y115.962 E44.52461
G1 X173.792 Y116.054 E44.52823
G1 X173.94 Y116.188 E44.53487
G1 X174.038 Y116.448 E44.54411
G1 X174.045 Y116.569 E44.54814
G1 X174.087 Y116.634 E44.55071
G1 X174.131 Y116.68 E44.55283
G1 X174.183 Y116.862 E44.55913
G1 X174.131 Y117.053 E44.56571
G1 X173.991 Y117.193 E44.57229
G1 X173.8 Y117.246 E44.57889
G1 X173.622 Y117.193 E44.58506
G1 X173.396 Y116.968 E44.59567
G1 X173.31 Y116.918 E44.59898
G1 X172.964 Y116.82 E44.61094
G1 X172.915 Y116.773 E44.6132
G1 X172.835 Y116.727 E44.61627
G1 X172.587 Y116.654 E44.62487
G1 X172.221 Y116.288 E44.64208
G1 X172.095 Y115.862 E44.65686
G0 F6000 X172.512 Y115.861
G1 F1200 X172.563 Y115.688 E44.66286
G1 X172.716 Y115.527 E44.67024
G1 X172.9 Y115.475 E44.6766
G1 X173.084 Y115.527 E44.68296
G1 X173.236 Y115.687 E44.6903
G1 X173.35 Y116.075 E44.70375
G1 X173.449 Y116.269 E44.711
G1 X173.523 Y116.35 E44.71465
G1 X173.6 Y116.42 E44.71811
G1 X173.638 Y116.52 E44.72167
G1 X173.635 Y116.56 E44.723
G1 X173.671 Y116.681 E44.7272
G1 X173.419 Y116.533 E44.73692
G1 X173.138 Y116.453 E44.74664
G1 X172.948 Y116.344 E44.75392
G1 X172.799 Y116.3 E44.75909
G1 X172.576 Y116.077 E44.76958
G1 X172.512 Y115.861 E44.77707
G1 F2700 E39.77707
G0 F6000 X176.495 Y115.862
G1 F2700 E44.77707
G1 F1200 X176.606 Y115.483 E44.79021
G1 X176.902 Y115.172 E44.80449
G1 X177.3 Y115.059 E44.81825
G1 X177.698 Y115.172 E44.83201
G1 X177.994 Y115.483 E44.84629
G1 X178.134 Y115.962 E44.86289
G1 X178.192 Y116.054 E44.8665
G1 X178.34 Y116.188 E44.87314
G1 X178.438 Y116.448 E44.88239
G1 X178.445 Y116.569 E44.88642
G1 X178.487 Y116.634 E44.88899
G1 X178.531 Y116.68 E44.89111
G1 X178.583 Y116.862 E44.8974
G1 X178.531 Y117.053 E44.90399
G1 X178.391 Y117.193 E44.91057
G1 X178.2 Y117.246 E44.91717
G1 X178.022 Y117.193 E44.92334
G1 X177.796 Y116.968 E44.93395
G1 X177.71 Y116.918 E44.93726
G1 X177.364 Y116.82 E44.94922
G1 X177.315 Y116.773 E44.95148
G1 X177.235 Y116.727 E44.95455
G1 X176.987 Y116.654 E44.96314
G1 X176.621 Y116.288 E44.98036
G1 X176.495 Y115.862 E44.99514
G0 F6000 X176.912 Y115.861
G1 F1200 X176.963 Y115.688 E45.00113
G1 X177.116 Y115.527 E45.00852
G1 X177.3 Y115.475 E45.01488
G1 X177.484 Y115.527 E45.02124
G1 X177.636 Y115.687 E45.02858
G1 X177.75 Y116.075 E45.04203
G1 X177.849 Y116.269 E45.04928
G1 X177.923 Y116.35 E45.05292
G1 X178 Y116.42 E45.05639
G1 X178.038 Y116.52 E45.05994
G1 X178.035 Y116.56 E45.06128
G1 X178.071 Y116.681 E45.06548
G1 X177.819 Y116.533 E45.0752
G1 X177.538 Y116.453 E45.08491
G1 X177.348 Y116.344 E45.0922
G1 X177.199 Y116.3 E45.09737
G1 X176.976 Y116.077 E45.10786
G1 X176.912 Y115.861 E45.11535
G1 F2700 E40.11535
G0 F6000 X180.895 Y115.862
G1 F2700 E45.11535
G1 F1200 X181.006 Y115.483 E45.12848
G1 X181.302 Y115.172 E45.14276
G1 X181.7 Y115.059 E45.15653
G1 X182.098 Y115.172 E45.17029
G1 X182.394 Y115.483 E45.18457
G1 X182.534 Y115.962 E45.20116
G1 X182.592 Y116.054 E45.20478
G1 X182.74 Y116.188 E45.21142
G1 X182.838 Y116.448 E45.22066
G1 X182.845 Y116.569 E45.22469
G1 X182.887 Y116.634 E45.22727
G1 X182.931 Y116.68 E45.22939
G1 X182.983 Y116.862 E45.23568
G1 X182.931 Y117.053 E45.24227
G1 X182.791 Y117.193 E45.24885
G1 X182.6 Y117.246 E45.25544
G1 X182.422 Y117.193 E45.26162
G1 X182.196 Y116.968 E45.27223
G1 X182.11 Y116.918 E45.27554
G1 X181.764 Y116.82 E45.2875
G1 X181.715 Y116.773 E45.28976
G1 X181.635 Y116.727 E45.29282
G1 X181.387 Y116.654 E45.30142
G1 X181.021 Y116.288 E45.31864
G1 X180.895 Y115.862 E45.33341
G0 F6000 X181.312 Y115.861
G1 F1200 X181.363 Y115.688 E45.33941
G1 X181.516 Y115.527 E45.3468
G1 X181.7 Y115.475 E45.35316
G1 X181.884 Y115.527 E45.35952
G1 X182.036 Y115.687 E45.36686
G1 X182.15 Y116.075 E45.38031
G1 X182.249 Y116.269 E45.38755
G1 X182.323 Y116.35 E45.3912
G1 X182.4 Y116.42 E45.39466
G1 X182.438 Y116.52 E45.39822
G1 X182.435 Y116.56 E45.39956
G1 X182.471 Y116.681 E45.40375
G1 X182.219 Y116.533 E45.41348
G1 X181.938 Y116.453 E45.42319
G1 X181.748 Y116.344 E45.43048
G1 X181.599 Y116.3 E45.43565
G1 X181.376 Y116.077 E45.44613
G1 X181.312 Y115.861 E45.45363
G1 F2700 E40.45363
G0 F6000 X184.496 Y115.861
G1 F2700 E45.45363
G1 F1200 X184.606 Y115.483 E45.46672
G1 X184.902 Y115.172 E45.481
G1 X185.3 Y115.059 E45.49476
G1 X185.698 Y115.172 E45.50852
G1 X185.993 Y115.482 E45.52276
G1 X186.103 Y115.862 E45.53591
G1 X185.987 Y116.278 E45.55028
G1 X185.79 Y116.522 E45.56071
G1 X185.561 Y116.751 E45.57148
G1 X185.299 Y116.823 E45.58052
G1 X185.054 Y116.751 E45.58901
G1 X184.82 Y116.517 E45.60002
G1 X184.612 Y116.254 E45.61117
G1 X184.496 Y115.861 E45.6248
G0 F6000 X184.913 Y115.86
G1 F1200 X184.963 Y115.687 E45.63079
G1 X185.116 Y115.527 E45.63815
G1 X185.3 Y115.475 E45.64451
G1 X185.484 Y115.527 E45.65087
G1 X185.636 Y115.687 E45.65821
G1 X185.687 Y115.864 E45.66434
G1 X185.624 Y116.091 E45.67217
G1 X185.495 Y116.251 E45.67901
G1 X185.352 Y116.394 E45.68573
G1 X185.304 Y116.407 E45.68739
G1 X185.265 Y116.396 E45.68874
G1 X185.118 Y116.249 E45.69565
G1 X184.974 Y116.068 E45.70334
G1 X184.913 Y115.86 E45.71055
G1 F2700 E40.71055
;MESH:middle_union.STL
G0 F6000 X184.872 Y118.518
G0 X117.5 Y119.975
M104 S220
;TYPE:WALL-OUTER
G1 F2700 E45.71055
G1 F905.7 X49.97 Y119.975 E48.68658
G1 X49.964 Y119.445 E48.70994
G1 X185.032 Y119.445 E54.66234
G1 F907.4 X185.026 Y119.975 E54.68565
G1 X117.5 Y119.975 E57.65589
G1 F2700 E52.65589
;MESH:NONMESH
G0 F300 X117.5 Y119.975 Z0.4
G0 F6000 X117.5 Y119.732
G0 X50.127 Y119.607
G0 X50.126 Y118.518
G0 X45.466 Y105.512
;TIME_ELAPSED:114.182581
;LAYER:1
M106 S85
;TYPE:SKIRT
G1 F2700 E57.65589
G1 F1200 X46.028 Y105.31 E57.67575
G1 X46.467 Y105.173 E57.69105
G1 X47.347 Y104.938 E57.72134
G1 X47.949 Y104.814 E57.74178
G1 X48.436 Y104.742 E57.75816
G1 X49.133 Y104.678 E57.78144
G1 X49.704 Y104.662 E57.80044
G1 X52.369 Y104.68 E57.88908
G1 X54.305 Y104.662 E57.95347
G1 X56.769 Y104.68 E58.03543
G1 X58.705 Y104.662 E58.09982
G1 X61.169 Y104.68 E58.18178
G1 X63.105 Y104.662 E58.24617
G1 X65.569 Y104.68 E58.32813
G1 X67.505 Y104.662 E58.39252
G1 X69.969 Y104.68 E58.47448
G1 X71.905 Y104.662 E58.53887
G1 X74.369 Y104.68 E58.62083
G1 X76.305 Y104.662 E58.68522
G1 X78.769 Y104.68 E58.76717
G1 X80.705 Y104.662 E58.83157
G1 X83.169 Y104.68 E58.91352
G1 X85.105 Y104.662 E58.97792
G1 X87.569 Y104.68 E59.05987
G1 X89.505 Y104.662 E59.12427
G1 X91.969 Y104.68 E59.20622
G1 X93.905 Y104.662 E59.27062
G1 X96.369 Y104.68 E59.35257
G1 X98.305 Y104.662 E59.41697
G1 X100.769 Y104.68 E59.49892
G1 X102.705 Y104.662 E59.56332
G1 X105.169 Y104.68 E59.64527
G1 X107.105 Y104.662 E59.70967
G1 X109.569 Y104.68 E59.79162
G1 X111.505 Y104.662 E59.85602
G1 X113.969 Y104.68 E59.93797
G1 X115.905 Y104.662 E60.00237
G1 X118.369 Y104.68 E60.08432
G1 X120.305 Y104.662 E60.14872
G1 X122.769 Y104.68 E60.23067
G1 X124.705 Y104.662 E60.29506
G1 X127.169 Y104.68 E60.37702
G1 X129.105 Y104.662 E60.44141
G1 X131.569 Y104.68 E60.52337
G1 X133.505 Y104.662 E60.58776
G1 X135.969 Y104.68 E60.66972
G1 X137.905 Y104.662 E60.73411
G1 X140.369 Y104.68 E60.81607
G1 X142.305 Y104.662 E60.88046
G1 X144.769 Y104.68 E60.96242
G1 X146.705 Y104.662 E61.02681
G1 X149.169 Y104.68 E61.10877
G1 X151.105 Y104.662 E61.17316
G1 X153.569 Y104.68 E61.25512
G1 X155.505 Y104.662 E61.31951
G1 X157.969 Y104.68 E61.40147
G1 X159.905 Y104.662 E61.46586
G1 X162.369 Y104.68 E61.54782
G1 X164.305 Y104.662 E61.61221
G1 X166.769 Y104.68 E61.69417
G1 X168.705 Y104.662 E61.75856
G1 X171.169 Y104.68 E61.84052
G1 X173.105 Y104.662 E61.90491
G1 X175.569 Y104.68 E61.98687
G1 X177.505 Y104.662 E62.05126
G1 X179.969 Y104.68 E62.13321
G1 X182.332 Y104.659 E62.21181
G1 X183.954 Y104.67 E62.26576
G1 X185.184 Y104.662 E62.30667
G1 X186.087 Y104.696 E62.33673
G1 X186.983 Y104.809 E62.36676
G1 X187.835 Y104.994 E62.39576
G1 X188.382 Y105.137 E62.41457
G1 X189.245 Y105.404 E62.44461
G1 X190.08 Y105.746 E62.47462
G1 X190.883 Y106.16 E62.50467
G1 X191.645 Y106.644 E62.5347
G1 X192.448 Y107.267 E62.5685
G1 X193.02 Y107.798 E62.59446
G1 X193.635 Y108.441 E62.62405
G1 X193.872 Y108.707 E62.6359
G1 X194.433 Y109.415 E62.66595
G1 X194.929 Y110.169 E62.69596
G1 X195.356 Y110.965 E62.72601
G1 X195.857 Y112.212 E62.77071
G1 X195.977 Y112.592 E62.78396
G1 X196.195 Y113.383 E62.81125
G1 X196.375 Y114.268 E62.84129
G1 X196.477 Y115.166 E62.87135
G1 X196.5 Y115.865 E62.89461
G1 X196.46 Y116.767 E62.92464
G1 X196.34 Y117.662 E62.95467
G1 X196.204 Y118.304 E62.9765
G1 X196.015 Y119.073 E63.00284
G1 X195.509 Y121.246 E63.07705
G1 X195.242 Y122.446 E63.11793
G1 X195.006 Y123.317 E63.14795
G1 X194.695 Y124.165 E63.17799
G1 X194.309 Y124.982 E63.20804
G1 X193.853 Y125.761 E63.23807
G1 X193.33 Y126.498 E63.26812
G1 X192.744 Y127.184 E63.29813
G1 X192.099 Y127.817 E63.32819
G1 X191.401 Y128.39 E63.35823
G1 X190.655 Y128.899 E63.38826
G1 X189.867 Y129.34 E63.4183
G1 X189.043 Y129.709 E63.44833
G1 X188.189 Y130.004 E63.47838
G1 X187.313 Y130.223 E63.50841
G1 X186.421 Y130.363 E63.53844
G1 X185.471 Y130.424 E63.5701
G1 X184.406 Y130.442 E63.60553
G1 X50.269 Y130.441 E68.06694
G1 X49.57 Y130.431 E68.0902
G1 X48.669 Y130.378 E68.12021
G1 X47.775 Y130.246 E68.15027
G1 X46.897 Y130.035 E68.18031
G1 X46.041 Y129.747 E68.21034
G1 X45.214 Y129.385 E68.24037
G1 X44.422 Y128.951 E68.27041
G1 X43.671 Y128.448 E68.30047
G1 X42.968 Y127.881 E68.33051
G1 X42.318 Y127.254 E68.36055
G1 X41.726 Y126.572 E68.39059
G1 X41.197 Y125.841 E68.4206
G1 X40.592 Y124.792 E68.46087
G1 X40.224 Y123.967 E68.49092
G1 X39.931 Y123.113 E68.52095
G1 X39.776 Y122.523 E68.54124
G1 X39.612 Y121.812 E68.56551
G1 X39.33 Y120.514 E68.60969
G1 X38.801 Y118.334 E68.6843
G1 X38.622 Y117.449 E68.71433
G1 X38.522 Y116.552 E68.74435
G1 X38.501 Y115.649 E68.77439
G1 X38.561 Y114.748 E68.80442
G1 X38.7 Y113.855 E68.83448
G1 X38.866 Y113.16 E68.85825
G1 X39.096 Y112.36 E68.88593
G1 X39.402 Y111.511 E68.91595
G1 X39.782 Y110.691 E68.94601
G1 X40.232 Y109.909 E68.97602
G1 X40.751 Y109.169 E69.00608
G1 X41.151 Y108.681 E69.02707
G1 X41.448 Y108.348 E69.04191
G1 X41.917 Y107.863 E69.06435
G1 X42.577 Y107.246 E69.0944
G1 X43.29 Y106.691 E69.12445
G1 X44.048 Y106.201 E69.15447
G1 X44.641 Y105.88 E69.1769
G1 X45.466 Y105.512 E69.20694
G1 F2700 E64.20694
G0 F7500 X49.137 Y114.461
G0 X49.371 Y115.294
;TYPE:SUPPORT
G1 F2700 E69.20694
G1 F1350 X49.699 Y115.201 E69.21828
G1 X50.028 Y115.294 E69.22965
G1 X50.273 Y115.551 E69.24146
G1 F1099.8 X50.467 Y116.187 E69.26861
G1 F929.4 X50.61 Y116.245 E69.27607
G1 F939.1 X50.807 Y116.418 E69.2886
G1 F947.4 X50.89 Y116.611 E69.29856
G1 X50.734 Y116.932 E69.31547
G1 X50.598 Y117.015 E69.32303
G1 X50.532 Y116.995 E69.32629
G1 X50.382 Y116.799 E69.33799
G1 F937.5 X50.267 Y116.731 E69.34439
G1 F1007.5 X49.59 Y116.666 E69.3747
G1 F1210.8 X49.138 Y116.215 E69.39838
G1 F1350 X49.037 Y115.863 E69.41056
G1 X49.127 Y115.547 E69.42149
G1 X49.371 Y115.294 E69.43318
G1 F2700 E64.43318
G0 F7500 X49.137 Y114.461
G0 X49.7 Y114.303
G0 X50.341 Y114.484
G0 X52.606 Y115.623
G0 X53.437 Y115.863
G1 F2700 E69.43318
G1 F1350 X53.527 Y115.547 E69.44411
G1 X53.771 Y115.294 E69.4558
G1 X54.099 Y115.201 E69.46714
G1 X54.428 Y115.294 E69.47851
G1 X54.673 Y115.551 E69.49032
G1 F1099.8 X54.867 Y116.187 E69.51747
G1 F929.4 X55.01 Y116.245 E69.52492
G1 F939.1 X55.207 Y116.418 E69.53746
G1 F947.4 X55.29 Y116.611 E69.54741
G1 X55.134 Y116.932 E69.56433
G1 X54.998 Y117.015 E69.57188
G1 X54.932 Y116.995 E69.57515
G1 X54.782 Y116.799 E69.58685
G1 F937.5 X54.667 Y116.731 E69.59325
G1 F1007.5 X53.99 Y116.666 E69.62356
G1 F1210.8 X53.538 Y116.215 E69.64724
G1 F1350 X53.437 Y115.863 E69.65942
G1 F2700 E64.65942
G0 F7500 X52.607 Y116.107
G0 X52.537 Y115.865
G0 X52.757 Y115.107
G0 X53.309 Y114.526
G0 X54.1 Y114.303
G0 X54.812 Y114.504
G0 X57.007 Y116.107
G0 X57.837 Y115.863
G1 F2700 E69.65942
G1 F1350 X57.927 Y115.547 E69.67035
G1 X58.171 Y115.294 E69.68204
G1 X58.499 Y115.201 E69.69338
G1 X58.828 Y115.294 E69.70475
G1 X59.073 Y115.551 E69.71656
G1 F1099.8 X59.267 Y116.187 E69.7437
G1 F929.4 X59.41 Y116.245 E69.75116
G1 F939.1 X59.607 Y116.418 E69.76369
G1 F947.4 X59.69 Y116.611 E69.77365
G1 X59.534 Y116.932 E69.79057
G1 X59.398 Y117.015 E69.79812
G1 X59.332 Y116.995 E69.80139
G1 X59.182 Y116.799 E69.81308
G1 F937.5 X59.067 Y116.731 E69.81948
G1 F1007.5 X58.39 Y116.666 E69.8498
G1 F1210.8 X57.938 Y116.215 E69.87347
G1 F1350 X57.837 Y115.863 E69.88565
G1 F2700 E64.88565
G0 F7500 X57.007 Y116.107
G0 X56.937 Y115.865
G0 X57.157 Y115.107
G0 X57.709 Y114.526
G0 X58.5 Y114.303
G0 X59.212 Y114.504
G0 X61.407 Y116.107
G0 X62.237 Y115.863
G1 F2700 E69.88565
G1 F1350 X62.327 Y115.547 E69.89658
G1 X62.571 Y115.294 E69.90827
G1 X62.899 Y115.201 E69.91961
G1 X63.228 Y115.294 E69.93098
G1 X63.473 Y115.551 E69.94279
G1 F1099.8 X63.667 Y116.187 E69.96994
G1 F929.4 X63.81 Y116.245 E69.9774
G1 F939.1 X64.007 Y116.418 E69.98993
G1 F947.4 X64.09 Y116.611 E69.99989
G1 X63.934 Y116.932 E70.0168
G1 X63.798 Y117.015 E70.02436
G1 X63.732 Y116.995 E70.02762
G1 X63.582 Y116.799 E70.03932
G1 F937.5 X63.467 Y116.731 E70.04572
G1 F1007.5 X62.79 Y116.666 E70.07603
G1 F1210.8 X62.338 Y116.215 E70.09971
G1 F1350 X62.237 Y115.863 E70.11189
G1 F2700 E65.11189
G0 F7500 X61.407 Y116.107
G0 X61.337 Y115.865
G0 X61.557 Y115.107
G0 X62.109 Y114.526
G0 X62.9 Y114.303
G0 X63.612 Y114.504
G0 X65.807 Y116.107
G0 X66.637 Y115.863
G1 F2700 E70.11189
G1 F1350 X66.727 Y115.547 E70.12282
G1 X66.971 Y115.294 E70.13451
G1 X67.299 Y115.201 E70.14585
G1 X67.628 Y115.294 E70.15722
G1 X67.873 Y115.551 E70.16903
G1 F1099.8 X68.067 Y116.187 E70.19618
G1 F929.4 X68.21 Y116.245 E70.20363
G1 F939.1 X68.407 Y116.418 E70.21617
G1 F947.4 X68.49 Y116.611 E70.22612
G1 X68.334 Y116.932 E70.24304
G1 X68.198 Y117.015 E70.25059
G1 X68.132 Y116.995 E70.25386
G1 X67.982 Y116.799 E70.26556
G1 F937.5 X67.867 Y116.731 E70.27196
G1 F1007.5 X67.19 Y116.666 E70.30227
G1 F1210.8 X66.738 Y116.215 E70.32595
G1 F1350 X66.637 Y115.863 E70.33813
G1 F2700 E65.33813
G0 F7500 X65.807 Y116.107
G0 X65.737 Y115.865
G0 X65.957 Y115.107
G0 X66.509 Y114.526
G0 X67.3 Y114.303
G0 X68.012 Y114.504
G0 X70.207 Y116.107
G0 X71.037 Y115.863
G1 F2700 E70.33813
G1 F1350 X71.127 Y115.547 E70.34906
G1 X71.371 Y115.294 E70.36075
G1 X71.699 Y115.201 E70.37209
G1 X72.028 Y115.294 E70.38346
G1 X72.273 Y115.551 E70.39527
G1 F1099.8 X72.467 Y116.187 E70.42241
G1 F929.4 X72.61 Y116.245 E70.42987
G1 F939.1 X72.807 Y116.418 E70.4424
G1 F947.4 X72.89 Y116.611 E70.45236
G1 X72.734 Y116.932 E70.46928
G1 X72.598 Y117.015 E70.47683
G1 X72.532 Y116.995 E70.4801
G1 X72.382 Y116.799 E70.4918
G1 F937.5 X72.267 Y116.731 E70.49819
G1 F1007.5 X71.59 Y116.666 E70.52851
G1 F1210.8 X71.138 Y116.215 E70.55218
G1 F1350 X71.037 Y115.863 E70.56436
G1 F2700 E65.56436
G0 F7500 X70.207 Y116.107
G0 X70.137 Y115.865
G0 X70.357 Y115.107
G0 X70.909 Y114.526
G0 X71.7 Y114.303
G0 X72.412 Y114.504
G0 X74.607 Y116.107
G0 X75.437 Y115.863
G1 F2700 E70.56436
G1 F1350 X75.527 Y115.547 E70.57529
G1 X75.771 Y115.294 E70.58698
G1 X76.099 Y115.201 E70.59832
G1 X76.428 Y115.294 E70.60969
G1 X76.673 Y115.551 E70.6215
G1 F1099.8 X76.867 Y116.187 E70.64865
G1 F929.4 X77.01 Y116.245 E70.65611
G1 F939.1 X77.207 Y116.418 E70.66864
G1 F947.4 X77.29 Y116.611 E70.6786
G1 X77.134 Y116.932 E70.69551
G1 X76.998 Y117.015 E70.70307
G1 X76.932 Y116.995 E70.70633
G1 X76.782 Y116.799 E70.71803
G1 F937.5 X76.667 Y116.731 E70.72443
G1 F1007.5 X75.99 Y116.666 E70.75474
G1 F1210.8 X75.538 Y116.215 E70.77842
G1 F1350 X75.437 Y115.863 E70.7906
G1 F2700 E65.7906
G0 F7500 X74.607 Y116.107
G0 X74.537 Y115.865
G0 X74.757 Y115.107
G0 X75.309 Y114.526
G0 X76.1 Y114.303
G0 X76.812 Y114.504
G0 X79.007 Y116.107
G0 X79.837 Y115.863
G1 F2700 E70.7906
G1 F1350 X79.927 Y115.547 E70.80153
G1 X80.171 Y115.294 E70.81322
G1 X80.499 Y115.201 E70.82456
G1 X80.828 Y115.294 E70.83593
G1 X81.073 Y115.551 E70.84774
G1 F1099.8 X81.267 Y116.187 E70.87489
G1 F929.4 X81.41 Y116.245 E70.88234
G1 F939.1 X81.607 Y116.418 E70.89488
G1 F947.4 X81.69 Y116.611 E70.90484
G1 X81.534 Y116.932 E70.92175
G1 X81.398 Y117.015 E70.9293
G1 X81.332 Y116.995 E70.93257
G1 X81.182 Y116.799 E70.94427
G1 F937.5 X81.067 Y116.731 E70.95067
G1 F1007.5 X80.39 Y116.666 E70.98098
G1 F1210.8 X79.938 Y116.215 E71.00466
G1 F1350 X79.837 Y115.863 E71.01684
G1 F2700 E66.01684
G0 F7500 X79.007 Y116.107
G0 X78.937 Y115.865
G0 X79.157 Y115.107
G0 X79.709 Y114.526
G0 X80.5 Y114.303
G0 X81.212 Y114.504
G0 X83.407 Y116.107
G0 X84.237 Y115.863
G1 F2700 E71.01684
G1 F1350 X84.327 Y115.547 E71.02777
G1 X84.571 Y115.294 E71.03946
G1 X84.899 Y115.201 E71.0508
G1 X85.228 Y115.294 E71.06217
G1 X85.473 Y115.551 E71.07398
G1 F1099.8 X85.667 Y116.187 E71.10112
G1 F929.4 X85.81 Y116.245 E71.10858
G1 F939.1 X86.007 Y116.418 E71.12111
G1 F947.4 X86.09 Y116.611 E71.13107
G1 X85.934 Y116.932 E71.14799
G1 X85.798 Y117.015 E71.15554
G1 X85.732 Y116.995 E71.15881
G1 X85.582 Y116.799 E71.17051
G1 F937.5 X85.467 Y116.731 E71.1769
G1 F1007.5 X84.79 Y116.666 E71.20722
G1 F1210.8 X84.338 Y116.215 E71.2309
G1 F1350 X84.237 Y115.863 E71.24308
G1 F2700 E66.24308
G0 F7500 X83.407 Y116.107
G0 X83.337 Y115.865
G0 X83.557 Y115.107
G0 X84.109 Y114.526
G0 X84.9 Y114.303
G0 X85.612 Y114.504
G0 X87.807 Y116.107
G0 X88.637 Y115.863
G1 F2700 E71.24308
G1 F1350 X88.727 Y115.547 E71.254
G1 X88.971 Y115.294 E71.26569
G1 X89.299 Y115.201 E71.27703
G1 X89.628 Y115.294 E71.2884
G1 X89.873 Y115.551 E71.30021
G1 F1099.8 X90.067 Y116.187 E71.32736
G1 F929.4 X90.21 Y116.245 E71.33482
G1 F939.1 X90.407 Y116.418 E71.34735
G1 F947.4 X90.49 Y116.611 E71.35731
G1 X90.334 Y116.932 E71.37422
G1 X90.198 Y117.015 E71.38178
G1 X90.132 Y116.995 E71.38504
G1 X89.982 Y116.799 E71.39674
G1 F937.5 X89.867 Y116.731 E71.40314
G1 F1007.5 X89.19 Y116.666 E71.43345
G1 F1210.8 X88.738 Y116.215 E71.45713
G1 F1350 X88.637 Y115.863 E71.46931
G1 F2700 E66.46931
G0 F7500 X87.807 Y116.107
G0 X87.737 Y115.865
G0 X87.957 Y115.107
G0 X88.509 Y114.526
G0 X89.3 Y114.303
G0 X90.012 Y114.504
G0 X92.207 Y116.107
G0 X93.037 Y115.863
G1 F2700 E71.46931
G1 F1350 X93.127 Y115.547 E71.48024
G1 X93.371 Y115.294 E71.49193
G1 X93.699 Y115.201 E71.50327
G1 X94.028 Y115.294 E71.51464
G1 X94.273 Y115.551 E71.52645
G1 F1099.8 X94.467 Y116.187 E71.5536
G1 F929.4 X94.61 Y116.245 E71.56105
G1 F939.1 X94.807 Y116.418 E71.57359
G1 F947.4 X94.89 Y116.611 E71.58355
G1 X94.734 Y116.932 E71.60046
G1 X94.598 Y117.015 E71.60801
G1 X94.532 Y116.995 E71.61128
G1 X94.382 Y116.799 E71.62298
G1 F937.5 X94.267 Y116.731 E71.62938
G1 F1007.5 X93.59 Y116.666 E71.65969
G1 F1210.8 X93.138 Y116.215 E71.68337
G1 F1350 X93.037 Y115.863 E71.69555
G1 F2700 E66.69555
G0 F7500 X92.207 Y116.107
G0 X92.137 Y115.865
G0 X92.357 Y115.107
G0 X92.909 Y114.526
G0 X93.7 Y114.303
G0 X94.412 Y114.504
G0 X96.606 Y116.103
G0 X97.433 Y115.859
G1 F2700 E71.69555
G1 F1350 X97.523 Y115.552 E71.70619
G1 X97.771 Y115.294 E71.71809
G1 X98.099 Y115.201 E71.72943
G1 X98.425 Y115.294 E71.74071
G1 X98.673 Y115.551 E71.75259
G1 X98.819 Y116.063 E71.77029
G1 X98.905 Y116.131 E71.77394
G1 F1115.7 X98.919 Y116.226 E71.7778
G1 F950.7 X99.145 Y116.289 E71.78889
G1 X99.254 Y116.402 E71.7963
G1 X99.307 Y116.6 E71.80598
G1 X99.135 Y116.933 E71.82368
G1 X98.998 Y117.017 E71.83127
G1 X98.848 Y116.913 E71.83989
G1 X98.709 Y116.586 E71.85667
G1 F1115.7 X98.603 Y116.623 E71.86119
G1 F1350 X98.446 Y116.587 E71.86655
G1 X98.099 Y116.684 E71.87853
G1 X97.922 Y116.631 E71.88468
G1 X97.722 Y116.43 E71.89411
G1 X97.529 Y116.186 E71.90446
G1 X97.433 Y115.859 E71.91579
G1 F2700 E66.91579
G0 F7500 X96.606 Y115.618
G0 X96.757 Y115.107
G0 X97.309 Y114.526
G0 X98.1 Y114.303
G0 X98.741 Y114.484
G0 X101.006 Y115.623
G0 X101.837 Y115.863
G1 F2700 E71.91579
G1 F1350 X101.927 Y115.547 E71.92672
G1 X102.171 Y115.294 E71.93841
G1 X102.499 Y115.201 E71.94975
G1 X102.828 Y115.294 E71.96112
G1 X103.073 Y115.551 E71.97293
G1 F1099.8 X103.267 Y116.187 E72.00008
G1 F929.4 X103.41 Y116.245 E72.00753
G1 F939.1 X103.607 Y116.418 E72.02007
G1 F947.4 X103.69 Y116.611 E72.03003
G1 X103.534 Y116.932 E72.04694
G1 X103.398 Y117.015 E72.05449
G1 X103.332 Y116.995 E72.05776
G1 X103.182 Y116.799 E72.06946
G1 F937.5 X103.067 Y116.731 E72.07586
G1 F1007.5 X102.39 Y116.666 E72.10617
G1 F1210.8 X101.938 Y116.215 E72.12985
G1 F1350 X101.837 Y115.863 E72.14203
G1 F2700 E67.14203
G0 F7500 X101.007 Y116.107
G0 X100.937 Y115.865
G0 X101.157 Y115.107
G0 X101.709 Y114.526
G0 X102.5 Y114.303
G0 X103.212 Y114.504
G0 X105.407 Y116.107
G0 X106.237 Y115.863
G1 F2700 E72.14203
G1 F1350 X106.327 Y115.547 E72.15296
G1 X106.571 Y115.294 E72.16465
G1 X106.899 Y115.201 E72.17599
G1 X107.228 Y115.294 E72.18736
G1 X107.473 Y115.551 E72.19917
G1 F1099.8 X107.667 Y116.187 E72.22632
G1 F929.4 X107.81 Y116.245 E72.23377
G1 F939.1 X108.007 Y116.418 E72.24631
G1 F947.4 X108.09 Y116.611 E72.25626
G1 X107.934 Y116.932 E72.27318
G1 X107.798 Y117.015 E72.28073
G1 X107.732 Y116.995 E72.284
G1 X107.582 Y116.799 E72.2957
G1 F937.5 X107.467 Y116.731 E72.3021
G1 F1007.5 X106.79 Y116.666 E72.33241
G1 F1210.8 X106.338 Y116.215 E72.35609
G1 F1350 X106.237 Y115.863 E72.36827
G1 F2700 E67.36827
G0 F7500 X105.407 Y116.107
G0 X105.337 Y115.865
G0 X105.557 Y115.107
G0 X106.109 Y114.526
G0 X106.9 Y114.303
G0 X107.612 Y114.504
G0 X109.807 Y116.107
G0 X110.637 Y115.863
G1 F2700 E72.36827
G1 F1350 X110.727 Y115.547 E72.37919
G1 X110.971 Y115.294 E72.39088
G1 X111.299 Y115.201 E72.40222
G1 X111.628 Y115.294 E72.4136
G1 X111.873 Y115.551 E72.42541
G1 F1099.8 X112.067 Y116.187 E72.45255
G1 F929.4 X112.21 Y116.245 E72.46001
G1 F939.1 X112.407 Y116.418 E72.47254
G1 F947.4 X112.49 Y116.611 E72.4825
G1 X112.334 Y116.932 E72.49942
G1 X112.198 Y117.015 E72.50697
G1 X112.132 Y116.995 E72.51024
G1 X111.982 Y116.799 E72.52193
G1 F937.5 X111.867 Y116.731 E72.52833
G1 F1007.5 X111.19 Y116.666 E72.55864
G1 F1210.8 X110.738 Y116.215 E72.58232
G1 F1350 X110.637 Y115.863 E72.5945
G1 F2700 E67.5945
G0 F7500 X109.807 Y116.107
G0 X109.737 Y115.865
G0 X109.957 Y115.107
G0 X110.509 Y114.526
G0 X111.3 Y114.303
G0 X112.012 Y114.504
G0 X114.207 Y116.107
G0 X115.037 Y115.863
G1 F2700 E72.5945
G1 F1350 X115.127 Y115.547 E72.60543
G1 X115.371 Y115.294 E72.61712
G1 X115.699 Y115.201 E72.62846
G1 X116.028 Y115.294 E72.63983
G1 X116.273 Y115.551 E72.65164
G1 F1099.8 X116.467 Y116.187 E72.67879
G1 F929.4 X116.61 Y116.245 E72.68624
G1 F939.1 X116.807 Y116.418 E72.69878
G1 F947.4 X116.89 Y116.611 E72.70874
G1 X116.734 Y116.932 E72.72565
G1 X116.598 Y117.015 E72.7332
G1 X116.532 Y116.995 E72.73647
G1 X116.382 Y116.799 E72.74817
G1 F937.5 X116.267 Y116.731 E72.75457
G1 F1007.5 X115.59 Y116.666 E72.78488
G1 F1210.8 X115.138 Y116.215 E72.80856
G1 F1350 X115.037 Y115.863 E72.82074
G1 F2700 E67.82074
G0 F7500 X114.207 Y116.107
G0 X114.137 Y115.865
G0 X114.357 Y115.107
G0 X114.909 Y114.526
G0 X115.7 Y114.303
G0 X116.412 Y114.504
G0 X118.607 Y116.106
G0 X119.433 Y115.863
G1 F2700 E72.82074
G1 F1350 X119.526 Y115.548 E72.83166
G1 X119.771 Y115.294 E72.8434
G1 X120.099 Y115.201 E72.85474
G1 X120.428 Y115.294 E72.86611
G1 X120.673 Y115.551 E72.87792
G1 F1099.8 X120.867 Y116.187 E72.90507
G1 F929.4 X121.01 Y116.245 E72.91252
G1 F939.1 X121.207 Y116.418 E72.92506
G1 F947.4 X121.29 Y116.611 E72.93502
G1 X121.134 Y116.932 E72.95193
G1 X120.998 Y117.015 E72.95948
G1 X120.932 Y116.995 E72.96275
G1 X120.782 Y116.799 E72.97445
G1 F937.5 X120.668 Y116.731 E72.98081
G1 F1007.5 X119.993 Y116.665 E73.01103
G1 F1210.8 X119.538 Y116.214 E73.03479
G1 F1350 X119.433 Y115.863 E73.04698
G1 F2700 E68.04698
G0 F7500 X118.607 Y116.106
G0 X118.537 Y115.865
G0 X118.757 Y115.107
G0 X119.309 Y114.526
G0 X120.1 Y114.303
G0 X120.812 Y114.504
G0 X123.007 Y116.106
G0 X123.833 Y115.863
G1 F2700 E73.04698
G1 F1350 X123.926 Y115.548 E73.0579
G1 X124.171 Y115.294 E73.06964
G1 X124.499 Y115.201 E73.08098
G1 X124.828 Y115.294 E73.09235
G1 X125.073 Y115.551 E73.10416
G1 F1099.8 X125.267 Y116.187 E73.13131
G1 F929.4 X125.41 Y116.245 E73.13876
G1 F939.1 X125.607 Y116.418 E73.1513
G1 F947.4 X125.69 Y116.611 E73.16125
G1 X125.534 Y116.932 E73.17817
G1 X125.398 Y117.015 E73.18572
G1 X125.332 Y116.995 E73.18899
G1 X125.182 Y116.799 E73.20069
G1 F937.5 X125.068 Y116.731 E73.20705
G1 F1007.5 X124.393 Y116.665 E73.23727
G1 F1210.8 X123.938 Y116.214 E73.26103
G1 F1350 X123.833 Y115.863 E73.27322
G1 F2700 E68.27322
G0 F7500 X123.007 Y116.106
G0 X122.937 Y115.865
G0 X123.157 Y115.107
G0 X123.709 Y114.526
G0 X124.5 Y114.303
G0 X125.212 Y114.504
G0 X127.407 Y116.106
G0 X128.233 Y115.863
G1 F2700 E73.27322
G1 F1350 X128.326 Y115.548 E73.28414
G1 X128.571 Y115.294 E73.29588
G1 X128.899 Y115.201 E73.30722
G1 X129.228 Y115.294 E73.31859
G1 X129.473 Y115.551 E73.3304
G1 F1099.8 X129.667 Y116.187 E73.35755
G1 F929.4 X129.81 Y116.245 E73.365
G1 F939.1 X130.007 Y116.418 E73.37754
G1 F947.4 X130.09 Y116.611 E73.38749
G1 X129.934 Y116.932 E73.40441
G1 X129.798 Y117.015 E73.41196
G1 X129.732 Y116.995 E73.41523
G1 X129.582 Y116.799 E73.42693
G1 F937.5 X129.468 Y116.731 E73.43328
G1 F1007.5 X128.793 Y116.665 E73.46351
G1 F1210.8 X128.338 Y116.214 E73.48727
G1 F1350 X128.233 Y115.863 E73.49946
G1 F2700 E68.49946
G0 F7500 X127.407 Y116.106
G0 X127.337 Y115.865
G0 X127.557 Y115.107
G0 X128.109 Y114.526
G0 X128.9 Y114.303
G0 X129.612 Y114.504
G0 X131.807 Y116.106
G0 X132.633 Y115.863
G1 F2700 E73.49946
G1 F1350 X132.726 Y115.548 E73.51038
G1 X132.971 Y115.294 E73.52212
G1 X133.299 Y115.201 E73.53346
G1 X133.628 Y115.294 E73.54483
G1 X133.873 Y115.551 E73.55664
G1 F1099.8 X134.067 Y116.187 E73.58378
G1 F929.4 X134.21 Y116.245 E73.59124
G1 F939.1 X134.407 Y116.418 E73.60377
G1 F947.4 X134.49 Y116.611 E73.61373
G1 X134.334 Y116.932 E73.63065
G1 X134.198 Y117.015 E73.6382
G1 X134.132 Y116.995 E73.64147
G1 X133.982 Y116.799 E73.65316
G1 F937.5 X133.868 Y116.731 E73.65952
G1 F1007.5 X133.193 Y116.665 E73.68975
G1 F1210.8 X132.738 Y116.214 E73.71351
G1 F1350 X132.633 Y115.863 E73.72569
G1 F2700 E68.72569
G0 F7500 X131.807 Y116.106
G0 X131.737 Y115.865
G0 X131.957 Y115.107
G0 X132.509 Y114.526
G0 X133.3 Y114.303
G0 X134.012 Y114.504
G0 X136.207 Y116.106
G0 X137.033 Y115.863
G1 F2700 E73.72569
G1 F1350 X137.126 Y115.548 E73.73662
G1 X137.371 Y115.294 E73.74836
G1 X137.699 Y115.201 E73.75969
G1 X138.028 Y115.294 E73.77107
G1 X138.273 Y115.551 E73.78288
G1 F1099.8 X138.467 Y116.187 E73.81002
G1 F929.4 X138.61 Y116.245 E73.81748
G1 F939.1 X138.807 Y116.418 E73.83001
G1 F947.4 X138.89 Y116.611 E73.83997
G1 X138.734 Y116.932 E73.85689
G1 X138.598 Y117.015 E73.86444
G1 X138.532 Y116.995 E73.86771
G1 X138.382 Y116.799 E73.8794
G1 F937.5 X138.268 Y116.731 E73.88576
G1 F1007.5 X137.593 Y116.665 E73.91599
G1 F1210.8 X137.138 Y116.214 E73.93975
G1 F1350 X137.033 Y115.863 E73.95193
G1 F2700 E68.95193
G0 F7500 X136.207 Y116.106
G0 X136.137 Y115.865
G0 X136.357 Y115.107
G0 X136.909 Y114.526
G0 X137.7 Y114.303
G0 X138.412 Y114.504
G0 X140.607 Y116.106
G0 X141.433 Y115.863
G1 F2700 E73.95193
G1 F1350 X141.526 Y115.548 E73.96286
G1 X141.771 Y115.294 E73.97459
G1 X142.099 Y115.201 E73.98593
G1 X142.428 Y115.294 E73.9973
G1 X142.673 Y115.551 E74.00911
G1 F1099.8 X142.867 Y116.187 E74.03626
G1 F929.4 X143.01 Y116.245 E74.04372
G1 F939.1 X143.207 Y116.418 E74.05625
G1 F947.4 X143.29 Y116.611 E74.06621
G1 X143.134 Y116.932 E74.08312
G1 X142.998 Y117.015 E74.09068
G1 X142.932 Y116.995 E74.09394
G1 X142.782 Y116.799 E74.10564
G1 F937.5 X142.668 Y116.731 E74.112
G1 F1007.5 X141.993 Y116.665 E74.14223
G1 F1210.8 X141.538 Y116.214 E74.16598
G1 F1350 X141.433 Y115.863 E74.17817
G1 F2700 E69.17817
G0 F7500 X140.607 Y116.106
G0 X140.537 Y115.865
G0 X140.757 Y115.107
G0 X141.309 Y114.526
G0 X142.1 Y114.303
G0 X142.812 Y114.504
G0 X145.007 Y116.106
G0 X145.833 Y115.863
G1 F2700 E74.17817
G1 F1350 X145.926 Y115.548 E74.18909
G1 X146.171 Y115.294 E74.20083
G1 X146.499 Y115.201 E74.21217
G1 X146.828 Y115.294 E74.22354
G1 X147.073 Y115.551 E74.23535
G1 F1099.8 X147.267 Y116.187 E74.2625
G1 F929.4 X147.41 Y116.245 E74.26995
G1 F939.1 X147.607 Y116.418 E74.28249
G1 F947.4 X147.69 Y116.611 E74.29245
G1 X147.534 Y116.932 E74.30936
G1 X147.398 Y117.015 E74.31691
G1 X147.332 Y116.995 E74.32018
G1 X147.182 Y116.799 E74.33188
G1 F937.5 X147.068 Y116.731 E74.33824
G1 F1007.5 X146.393 Y116.665 E74.36847
G1 F1210.8 X145.938 Y116.214 E74.39222
G1 F1350 X145.833 Y115.863 E74.40441
G1 F2700 E69.40441
G0 F7500 X145.007 Y116.106
G0 X144.937 Y115.865
G0 X145.157 Y115.107
G0 X145.709 Y114.526
G0 X146.5 Y114.303
G0 X147.212 Y114.504
G0 X149.407 Y116.106
G0 X150.233 Y115.863
G1 F2700 E74.40441
G1 F1350 X150.326 Y115.548 E74.41533
G1 X150.571 Y115.294 E74.42707
G1 X150.899 Y115.201 E74.43841
G1 X151.228 Y115.294 E74.44978
G1 X151.473 Y115.551 E74.46159
G1 F1099.8 X151.667 Y116.187 E74.48874
G1 F929.4 X151.81 Y116.245 E74.49619
G1 F939.1 X152.007 Y116.418 E74.50873
G1 F947.4 X152.09 Y116.611 E74.51869
G1 X151.934 Y116.932 E74.5356
G1 X151.798 Y117.015 E74.54315
G1 X151.732 Y116.995 E74.54642
G1 X151.582 Y116.799 E74.55812
G1 F937.5 X151.468 Y116.731 E74.56448
G1 F1007.5 X150.793 Y116.665 E74.5947
G1 F1210.8 X150.338 Y116.214 E74.61846
G1 F1350 X150.233 Y115.863 E74.63065
G1 F2700 E69.63065
G0 F7500 X149.407 Y116.106
G0 X149.337 Y115.865
G0 X149.557 Y115.107
G0 X150.109 Y114.526
G0 X150.9 Y114.303
G0 X151.612 Y114.504
G0 X153.806 Y116.103
G0 X154.633 Y115.859
G1 F2700 E74.63065
G1 F1350 X154.723 Y115.552 E74.64129
G1 X154.971 Y115.294 E74.65319
G1 X155.299 Y115.201 E74.66453
G1 X155.628 Y115.294 E74.6759
G1 X155.873 Y115.551 E74.68771
G1 X156.003 Y116.004 E74.70339
G1 X156.105 Y116.127 E74.7087
G1 F1115.7 X156.119 Y116.222 E74.71257
G1 F950.7 X156.342 Y116.284 E74.7235
G1 X156.454 Y116.405 E74.73128
G1 X156.508 Y116.592 E74.74048
G1 X156.335 Y116.933 E74.75854
G1 X156.198 Y117.017 E74.76613
G1 X156.048 Y116.913 E74.77475
G1 X155.909 Y116.586 E74.79153
G1 F1115.7 X155.803 Y116.622 E74.79603
G1 F1350 X155.646 Y116.587 E74.80138
G1 X155.299 Y116.684 E74.81337
G1 X155.122 Y116.631 E74.81951
G1 X154.922 Y116.43 E74.82894
G1 X154.729 Y116.186 E74.83929
G1 X154.633 Y115.859 E74.85063
G1 F2700 E69.85063
G0 F7500 X153.806 Y115.618
G0 X153.957 Y115.107
G0 X154.509 Y114.526
G0 X155.3 Y114.303
G0 X155.941 Y114.484
G0 X158.205 Y115.624
G0 X159.033 Y115.863
G1 F2700 E74.85063
G1 F1350 X159.126 Y115.548 E74.86155
G1 X159.371 Y115.294 E74.87329
G1 X159.699 Y115.201 E74.88463
G1 X160.028 Y115.294 E74.896
G1 X160.273 Y115.551 E74.90781
G1 F1099.8 X160.467 Y116.187 E74.93495
G1 F929.4 X160.61 Y116.245 E74.94241
G1 F939.1 X160.807 Y116.418 E74.95494
G1 F947.4 X160.89 Y116.611 E74.9649
G1 X160.734 Y116.932 E74.98182
G1 X160.598 Y117.015 E74.98937
G1 X160.532 Y116.995 E74.99264
G1 X160.382 Y116.799 E75.00434
G1 F937.5 X160.268 Y116.731 E75.01069
G1 F1007.5 X159.593 Y116.665 E75.04092
G1 F1210.8 X159.138 Y116.214 E75.06468
G1 F1350 X159.033 Y115.863 E75.07686
G1 F2700 E70.07686
G0 F7500 X158.207 Y116.106
G0 X158.137 Y115.865
G0 X158.357 Y115.107
G0 X158.909 Y114.526
G0 X159.7 Y114.303
G0 X160.412 Y114.504
G0 X162.607 Y116.106
G0 X163.433 Y115.863
G1 F2700 E75.07686
G1 F1350 X163.526 Y115.548 E75.08779
G1 X163.771 Y115.294 E75.09953
G1 X164.099 Y115.201 E75.11086
G1 X164.428 Y115.294 E75.12224
G1 X164.673 Y115.551 E75.13405
G1 F1099.8 X164.867 Y116.187 E75.16119
G1 F929.4 X165.01 Y116.245 E75.16865
G1 F939.1 X165.207 Y116.418 E75.18118
G1 F947.4 X165.29 Y116.611 E75.19114
G1 X165.134 Y116.932 E75.20806
G1 X164.998 Y117.015 E75.21561
G1 X164.932 Y116.995 E75.21888
G1 X164.782 Y116.799 E75.23057
G1 F937.5 X164.668 Y116.731 E75.23693
G1 F1007.5 X163.993 Y116.665 E75.26716
G1 F1210.8 X163.538 Y116.214 E75.29092
G1 F1350 X163.433 Y115.863 E75.3031
G1 F2700 E70.3031
G0 F7500 X162.607 Y116.106
G0 X162.537 Y115.865
G0 X162.757 Y115.107
G0 X163.309 Y114.526
G0 X164.1 Y114.303
G0 X164.812 Y114.504
G0 X167.007 Y116.106
G0 X167.833 Y115.863
G1 F2700 E75.3031
G1 F1350 X167.926 Y115.548 E75.31403
G1 X168.171 Y115.294 E75.32576
G1 X168.499 Y115.201 E75.3371
G1 X168.828 Y115.294 E75.34847
G1 X169.073 Y115.551 E75.36028
G1 F1099.8 X169.267 Y116.187 E75.38743
G1 F929.4 X169.41 Y116.245 E75.39489
G1 F939.1 X169.607 Y116.418 E75.40742
G1 F947.4 X169.69 Y116.611 E75.41738
G1 X169.534 Y116.932 E75.43429
G1 X169.398 Y117.015 E75.44185
G1 X169.332 Y116.995 E75.44511
G1 X169.182 Y116.799 E75.45681
G1 F937.5 X169.068 Y116.731 E75.46317
G1 F1007.5 X168.393 Y116.665 E75.4934
G1 F1210.8 X167.938 Y116.214 E75.51716
G1 F1350 X167.833 Y115.863 E75.52934
G1 F2700 E70.52934
G0 F7500 X167.007 Y116.106
G0 X166.937 Y115.865
G0 X167.157 Y115.107
G0 X167.709 Y114.526
G0 X168.5 Y114.303
G0 X169.212 Y114.504
G0 X171.407 Y116.106
G0 X172.233 Y115.863
G1 F2700 E75.52934
G1 F1350 X172.326 Y115.548 E75.54026
G1 X172.571 Y115.294 E75.552
G1 X172.899 Y115.201 E75.56334
G1 X173.228 Y115.294 E75.57471
G1 X173.473 Y115.551 E75.58652
G1 F1099.8 X173.667 Y116.187 E75.61367
G1 F929.4 X173.81 Y116.245 E75.62112
G1 F939.1 X174.007 Y116.418 E75.63366
G1 F947.4 X174.09 Y116.611 E75.64362
G1 X173.934 Y116.932 E75.66053
G1 X173.798 Y117.015 E75.66808
G1 X173.732 Y116.995 E75.67135
G1 X173.582 Y116.799 E75.68305
G1 F937.5 X173.468 Y116.731 E75.68941
G1 F1007.5 X172.793 Y116.665 E75.71964
G1 F1210.8 X172.338 Y116.214 E75.74339
G1 F1350 X172.233 Y115.863 E75.75558
G1 F2700 E70.75558
G0 F7500 X171.407 Y116.106
G0 X171.337 Y115.865
G0 X171.557 Y115.107
G0 X172.109 Y114.526
G0 X172.9 Y114.303
G0 X173.612 Y114.504
G0 X175.807 Y116.106
G0 X176.633 Y115.863
G1 F2700 E75.75558
G1 F1350 X176.726 Y115.548 E75.7665
G1 X176.971 Y115.294 E75.77824
G1 X177.299 Y115.201 E75.78958
G1 X177.628 Y115.294 E75.80095
G1 X177.873 Y115.551 E75.81276
G1 F1099.8 X178.067 Y116.187 E75.83991
G1 F929.4 X178.21 Y116.245 E75.84736
G1 F939.1 X178.407 Y116.418 E75.8599
G1 F947.4 X178.49 Y116.611 E75.86986
G1 X178.334 Y116.932 E75.88677
G1 X178.198 Y117.015 E75.89432
G1 X178.132 Y116.995 E75.89759
G1 X177.982 Y116.799 E75.90929
G1 F937.5 X177.868 Y116.731 E75.91565
G1 F1007.5 X177.193 Y116.665 E75.94587
G1 F1210.8 X176.738 Y116.214 E75.96963
G1 F1350 X176.633 Y115.863 E75.98182
G1 F2700 E70.98182
G0 F7500 X175.807 Y116.106
G0 X175.737 Y115.865
G0 X175.957 Y115.107
G0 X176.509 Y114.526
G0 X177.3 Y114.303
G0 X178.012 Y114.504
G0 X180.207 Y116.106
G0 X181.033 Y115.863
G1 F2700 E75.98182
G1 F1350 X181.126 Y115.548 E75.99274
G1 X181.371 Y115.294 E76.00448
G1 X181.699 Y115.201 E76.01582
G1 X182.028 Y115.294 E76.02719
G1 X182.273 Y115.551 E76.039
G1 F1099.8 X182.467 Y116.187 E76.06615
G1 F929.4 X182.61 Y116.245 E76.0736
G1 F939.1 X182.807 Y116.418 E76.08614
G1 F947.4 X182.89 Y116.611 E76.09609
G1 X182.734 Y116.932 E76.11301
G1 X182.598 Y117.015 E76.12056
G1 X182.532 Y116.995 E76.12383
G1 X182.382 Y116.799 E76.13553
G1 F937.5 X182.268 Y116.731 E76.14189
G1 F1007.5 X181.593 Y116.665 E76.17211
G1 F1210.8 X181.138 Y116.214 E76.19587
G1 F1350 X181.033 Y115.863 E76.20806
G1 F2700 E71.20806
G0 F7500 X180.207 Y116.106
G0 X180.137 Y115.865
G0 X180.357 Y115.107
G0 X180.909 Y114.526
G0 X181.7 Y114.303
G0 X182.491 Y114.526
G0 X182.805 Y114.856
G0 X183.806 Y116.103
G0 X184.633 Y115.859
G1 F2700 E76.20806
G1 F1350 X184.723 Y115.552 E76.2187
G1 X184.971 Y115.294 E76.2306
G1 X185.299 Y115.201 E76.24194
G1 X185.628 Y115.294 E76.25331
G1 X185.873 Y115.551 E76.26512
G1 X185.964 Y115.858 E76.27577
G1 X185.866 Y116.206 E76.28779
G1 X185.675 Y116.441 E76.29787
G1 X185.487 Y116.629 E76.30671
G1 X185.298 Y116.683 E76.31325
G1 X185.122 Y116.631 E76.31935
G1 X184.926 Y116.434 E76.32859
G1 X184.73 Y116.186 E76.33911
G1 X184.633 Y115.859 E76.35045
G1 F2700 E71.35045
;MESH:middle_union.STL
G0 F7500 X183.806 Y116.103
G0 X183.923 Y116.498
G0 X184.633 Y117.723
G0 X184.633 Y118.799
G0 X117.5 Y119.332
G0 X117.5 Y119.577
;TYPE:WALL-INNER
G1 F2700 E76.35045
G1 F1028.6 X184.621 Y119.577 E79.28055
G1 X184.628 Y119.051 E79.30351
G1 F1026.6 X50.371 Y119.051 E85.17552
G1 X50.376 Y119.577 E85.19853
G1 X117.5 Y119.577 E88.13433
G0 F7500 X117.5 Y120.04
;TYPE:WALL-OUTER
G1 F1350 X185.078 Y120.039 E90.38199
G1 X185.097 Y118.589 E90.43022
G1 X49.903 Y118.588 E94.92679
G1 X49.918 Y120.04 E94.97509
G1 X117.5 Y120.04 E97.22287
G1 F2700 E92.22287
;MESH:NONMESH
G0 F300 X117.5 Y120.04 Z0.6
G0 F7500 X117.5 Y119.332
G0 X50.129 Y118.813
G0 X49.977 Y117.749
G0 X49.115 Y117.413
G0 X48.374 Y116.672
G0 X45.466 Y105.512
;TIME_ELAPSED:196.559818
;LAYER:2
M106 S170
;TYPE:SKIRT
G1 F2700 E97.22287
G1 F1200 X46.028 Y105.31 E97.24274
G1 X46.467 Y105.173 E97.25803
G1 X47.347 Y104.938 E97.28833
G1 X47.949 Y104.814 E97.30877
G1 X48.436 Y104.742 E97.32514
G1 X49.133 Y104.678 E97.34842
G1 X49.704 Y104.662 E97.36742
G1 X52.369 Y104.68 E97.45606
G1 X54.305 Y104.662 E97.52046
G1 X56.769 Y104.68 E97.60241
G1 X58.705 Y104.662 E97.66681
G1 X61.169 Y104.68 E97.74876
G1 X63.105 Y104.662 E97.81316
G1 X65.569 Y104.68 E97.89511
G1 X67.505 Y104.662 E97.9595
G1 X69.969 Y104.68 E98.04146
G1 X71.905 Y104.662 E98.10585
G1 X74.369 Y104.68 E98.18781
G1 X76.305 Y104.662 E98.2522
G1 X78.769 Y104.68 E98.33416
G1 X80.705 Y104.662 E98.39855
G1 X83.169 Y104.68 E98.48051
G1 X85.105 Y104.662 E98.5449
G1 X87.569 Y104.68 E98.62686
G1 X89.505 Y104.662 E98.69125
G1 X91.969 Y104.68 E98.77321
G1 X93.905 Y104.662 E98.8376
G1 X96.369 Y104.68 E98.91956
G1 X98.305 Y104.662 E98.98395
G1 X100.769 Y104.68 E99.06591
G1 X102.705 Y104.662 E99.1303
G1 X105.169 Y104.68 E99.21226
G1 X107.105 Y104.662 E99.27665
G1 X109.569 Y104.68 E99.35861
G1 X111.505 Y104.662 E99.423
G1 X113.969 Y104.68 E99.50496
G1 X115.905 Y104.662 E99.56935
G1 X118.369 Y104.68 E99.65131
G1 X120.305 Y104.662 E99.7157
G1 X122.769 Y104.68 E99.79765
G1 X124.705 Y104.662 E99.86205
G1 X127.169 Y104.68 E99.944
G1 X129.105 Y104.662 E100.0084
G1 X131.569 Y104.68 E100.09035
G1 X133.505 Y104.662 E100.15475
G1 X135.969 Y104.68 E100.2367
G1 X137.905 Y104.662 E100.3011
G1 X140.369 Y104.68 E100.38305
G1 X142.305 Y104.662 E100.44745
G1 X144.769 Y104.68 E100.5294
G1 X146.705 Y104.662 E100.5938
G1 X149.169 Y104.68 E100.67575
G1 X151.105 Y104.662 E100.74015
G1 X153.569 Y104.68 E100.8221
G1 X155.505 Y104.662 E100.8865
G1 X157.969 Y104.68 E100.96845
G1 X159.905 Y104.662 E101.03285
G1 X162.369 Y104.68 E101.1148
G1 X164.305 Y104.662 E101.1792
G1 X166.769 Y104.68 E101.26115
G1 X168.705 Y104.662 E101.32554
G1 X171.169 Y104.68 E101.4075
G1 X173.105 Y104.662 E101.47189
G1 X175.569 Y104.68 E101.55385
G1 X177.505 Y104.662 E101.61824
G1 X179.969 Y104.68 E101.7002
G1 X182.332 Y104.659 E101.7788
G1 X183.954 Y104.67 E101.83275
G1 X185.184 Y104.662 E101.87366
G1 X186.087 Y104.696 E101.90371
G1 X186.983 Y104.809 E101.93375
G1 X187.835 Y104.994 E101.96275
G1 X188.382 Y105.137 E101.98155
G1 X189.245 Y105.404 E102.0116
G1 X190.08 Y105.746 E102.04161
G1 X190.883 Y106.16 E102.07166
G1 X191.645 Y106.644 E102.10168
G1 X192.448 Y107.267 E102.13548
G1 X193.02 Y107.798 E102.16144
G1 X193.635 Y108.441 E102.19104
G1 X193.872 Y108.707 E102.20289
G1 X194.433 Y109.415 E102.23293
G1 X194.929 Y110.169 E102.26295
G1 X195.356 Y110.965 E102.29299
G1 X195.857 Y112.212 E102.33769
G1 X195.977 Y112.592 E102.35094
G1 X196.195 Y113.383 E102.37823
G1 X196.375 Y114.268 E102.40827
G1 X196.477 Y115.166 E102.43833
G1 X196.5 Y115.865 E102.46159
G1 X196.46 Y116.767 E102.49162
G1 X196.34 Y117.662 E102.52166
G1 X196.204 Y118.304 E102.54348
G1 X196.015 Y119.073 E102.56982
G1 X195.509 Y121.246 E102.64403
G1 X195.242 Y122.446 E102.68492
G1 X195.006 Y123.317 E102.71493
G1 X194.695 Y124.165 E102.74497
G1 X194.309 Y124.982 E102.77503
G1 X193.853 Y125.761 E102.80505
G1 X193.33 Y126.498 E102.83511
G1 X192.744 Y127.184 E102.86512
G1 X192.099 Y127.817 E102.89517
G1 X191.401 Y128.39 E102.92521
G1 X190.655 Y128.899 E102.95525
G1 X189.867 Y129.34 E102.98528
G1 X189.043 Y129.709 E103.01531
G1 X188.189 Y130.004 E103.04536
G1 X187.313 Y130.223 E103.07539
G1 X186.421 Y130.363 E103.10542
G1 X185.471 Y130.424 E103.13709
G1 X184.406 Y130.442 E103.17251
G1 X50.269 Y130.441 E107.63393
G1 X49.57 Y130.431 E107.65718
G1 X48.669 Y130.378 E107.6872
G1 X47.775 Y130.246 E107.71726
G1 X46.897 Y130.035 E107.74729
G1 X46.041 Y129.747 E107.77733
G1 X45.214 Y129.385 E107.80735
G1 X44.422 Y128.951 E107.83739
G1 X43.671 Y128.448 E107.86746
G1 X42.968 Y127.881 E107.8975
G1 X42.318 Y127.254 E107.92753
G1 X41.726 Y126.572 E107.95757
G1 X41.197 Y125.841 E107.98758
G1 X40.592 Y124.792 E108.02786
G1 X40.224 Y123.967 E108.0579
G1 X39.931 Y123.113 E108.08793
G1 X39.776 Y122.523 E108.10822
G1 X39.612 Y121.812 E108.13249
G1 X39.33 Y120.514 E108.17667
G1 X38.801 Y118.334 E108.25128
G1 X38.622 Y117.449 E108.28131
G1 X38.522 Y116.552 E108.31133
G1 X38.501 Y115.649 E108.34137
G1 X38.561 Y114.748 E108.37141
G1 X38.7 Y113.855 E108.40147
G1 X38.866 Y113.16 E108.42523
G1 X39.096 Y112.36 E108.45292
G1 X39.402 Y111.511 E108.48294
G1 X39.782 Y110.691 E108.51299
G1 X40.232 Y109.909 E108.543
G1 X40.751 Y109.169 E108.57307
G1 X41.151 Y108.681 E108.59405
G1 X41.448 Y108.348 E108.60889
G1 X41.917 Y107.863 E108.63133
G1 X42.577 Y107.246 E108.66138
G1 X43.29 Y106.691 E108.69143
G1 X44.048 Y106.201 E108.72146
G1 X44.641 Y105.88 E108.74388
G1 X45.466 Y105.512 E108.77393
G1 F2700 E103.77393
G0 F9000 X50.933 Y115.069
G0 X51.056 Y115.557
G0 X50.598 Y116.559
;TYPE:SUPPORT
G1 F2700 E108.77393
G1 F790.5 X50.303 Y116.361 E108.79635
G0 F9000 X49.445 Y115.241
G1 F1500 X49.699 Y115.162 E108.8052
G1 X49.951 Y115.241 E108.81398
G1 X50.146 Y115.474 E108.82409
G1 X50.236 Y115.817 E108.83588
G1 X50.198 Y115.958 E108.84074
G1 F1295.9 X50.21 Y116.174 E108.84907
G1 F1011.8 X50.303 Y116.361 E108.85937
G1 F1045.3 X50.039 Y116.383 E108.87201
G1 F1290.3 X49.736 Y116.555 E108.88548
G1 F1421.8 X49.551 Y116.498 E108.89227
G1 F1500 X49.253 Y116.121 E108.90826
G1 X49.161 Y115.82 E108.91873
G1 X49.254 Y115.474 E108.93064
G1 X49.445 Y115.241 E108.94066
G1 F2700 E103.94066
G0 F9000 X49.188 Y114.42
G0 X49.7 Y114.261
G0 X54.1 Y114.261
G0 X54.853 Y114.497
G0 X55.285 Y115.012
G0 X55.456 Y115.557
G0 X54.998 Y116.559
G1 F2700 E108.94066
G1 F790.5 X54.703 Y116.361 E108.96308
G0 F9000 X53.561 Y115.82
G1 F1500 X53.654 Y115.474 E108.975
G1 X53.845 Y115.241 E108.98502
G1 X54.099 Y115.162 E108.99387
G1 X54.351 Y115.241 E109.00265
G1 X54.546 Y115.474 E109.01276
G1 X54.636 Y115.817 E109.02455
G1 X54.598 Y115.958 E109.02941
G1 F1295.9 X54.61 Y116.174 E109.03774
G1 F1011.8 X54.703 Y116.361 E109.04804
G1 F1045.3 X54.439 Y116.383 E109.06068
G1 F1290.3 X54.136 Y116.555 E109.07415
G1 F1421.8 X53.951 Y116.498 E109.08094
G1 F1500 X53.653 Y116.121 E109.09693
G1 X53.561 Y115.82 E109.1074
G1 F2700 E104.1074
G0 F9000 X52.735 Y116.068
G0 X52.867 Y115.069
G0 X53.347 Y114.497
G0 X54.1 Y114.261
G0 X58.5 Y114.261
G0 X59.253 Y114.497
G0 X59.685 Y115.012
G0 X59.856 Y115.557
G0 X59.398 Y116.559
G1 F2700 E109.1074
G1 F790.5 X59.103 Y116.361 E109.12982
G0 F9000 X57.961 Y115.82
G1 F1500 X58.054 Y115.474 E109.14174
G1 X58.245 Y115.241 E109.15176
G1 X58.499 Y115.162 E109.1606
G1 X58.751 Y115.241 E109.16939
G1 X58.946 Y115.474 E109.17949
G1 X59.036 Y115.817 E109.19129
G1 X58.998 Y115.958 E109.19614
G1 F1295.9 X59.01 Y116.174 E109.20447
G1 F1011.8 X59.103 Y116.361 E109.21477
G1 F1045.3 X58.839 Y116.383 E109.22741
G1 F1290.3 X58.536 Y116.555 E109.24089
G1 F1421.8 X58.351 Y116.498 E109.24768
G1 F1500 X58.053 Y116.121 E109.26366
G1 X57.961 Y115.82 E109.27413
G1 F2700 E104.27413
G0 F9000 X57.135 Y116.068
G0 X57.267 Y115.069
G0 X57.747 Y114.497
G0 X58.5 Y114.261
G0 X62.9 Y114.261
G0 X63.653 Y114.497
G0 X64.085 Y115.012
G0 X64.256 Y115.557
G0 X63.798 Y116.559
G1 F2700 E109.27413
G1 F790.5 X63.503 Y116.361 E109.29655
G0 F9000 X62.361 Y115.82
G1 F1500 X62.454 Y115.474 E109.30847
G1 X62.645 Y115.241 E109.31849
G1 X62.899 Y115.162 E109.32734
G1 X63.151 Y115.241 E109.33612
G1 X63.346 Y115.474 E109.34623
G1 X63.436 Y115.817 E109.35802
G1 X63.398 Y115.958 E109.36288
G1 F1295.9 X63.41 Y116.174 E109.37121
G1 F1011.8 X63.503 Y116.361 E109.3815
G1 F1045.3 X63.239 Y116.383 E109.39415
G1 F1290.3 X62.936 Y116.555 E109.40762
G1 F1421.8 X62.751 Y116.498 E109.41441
G1 F1500 X62.453 Y116.121 E109.4304
G1 X62.361 Y115.82 E109.44086
G1 F2700 E104.44086
G0 F9000 X61.535 Y116.068
G0 X61.667 Y115.069
G0 X62.147 Y114.497
G0 X62.9 Y114.261
G0 X67.3 Y114.261
G0 X68.053 Y114.497
G0 X68.485 Y115.012
G0 X68.656 Y115.557
G0 X68.198 Y116.559
G1 F2700 E109.44086
G1 F790.5 X67.903 Y116.361 E109.46329
G0 F9000 X66.761 Y115.82
G1 F1500 X66.854 Y115.474 E109.4752
G1 X67.045 Y115.241 E109.48522
G1 X67.299 Y115.162 E109.49407
G1 X67.551 Y115.241 E109.50285
G1 X67.746 Y115.474 E109.51296
G1 X67.836 Y115.817 E109.52475
G1 X67.798 Y115.958 E109.52961
G1 F1295.9 X67.81 Y116.174 E109.53794
G1 F1011.8 X67.903 Y116.361 E109.54824
G1 F1045.3 X67.639 Y116.383 E109.56088
G1 F1290.3 X67.336 Y116.555 E109.57435
G1 F1421.8 X67.151 Y116.498 E109.58115
G1 F1500 X66.853 Y116.121 E109.59713
G1 X66.761 Y115.82 E109.6076
G1 F2700 E104.6076
G0 F9000 X65.935 Y116.068
G0 X66.067 Y115.069
G0 X66.547 Y114.497
G0 X67.3 Y114.261
G0 X71.7 Y114.261
G0 X72.453 Y114.497
G0 X72.885 Y115.012
G0 X73.056 Y115.557
G0 X72.598 Y116.559
G1 F2700 E109.6076
G1 F790.5 X72.303 Y116.361 E109.63002
G0 F9000 X71.161 Y115.82
G1 F1500 X71.254 Y115.474 E109.64194
G1 X71.445 Y115.241 E109.65196
G1 X71.699 Y115.162 E109.66081
G1 X71.951 Y115.241 E109.66959
G1 X72.146 Y115.474 E109.67969
G1 X72.236 Y115.817 E109.69149
G1 X72.198 Y115.958 E109.69635
G1 F1295.9 X72.21 Y116.174 E109.70467
G1 F1011.8 X72.303 Y116.361 E109.71497
G1 F1045.3 X72.039 Y116.383 E109.72762
G1 F1290.3 X71.736 Y116.555 E109.74109
G1 F1421.8 X71.551 Y116.498 E109.74788
G1 F1500 X71.253 Y116.121 E109.76386
G1 X71.161 Y115.82 E109.77433
G1 F2700 E104.77433
G0 F9000 X70.335 Y116.068
G0 X70.467 Y115.069
G0 X70.947 Y114.497
G0 X71.7 Y114.261
G0 X76.1 Y114.261
G0 X76.853 Y114.497
G0 X77.285 Y115.012
G0 X77.456 Y115.557
G0 X76.998 Y116.559
G1 F2700 E109.77433
G1 F790.5 X76.703 Y116.361 E109.79675
G0 F9000 X75.561 Y115.82
G1 F1500 X75.654 Y115.474 E109.80867
G1 X75.845 Y115.241 E109.81869
G1 X76.099 Y115.162 E109.82754
G1 X76.351 Y115.241 E109.83632
G1 X76.546 Y115.474 E109.84643
G1 X76.636 Y115.817 E109.85822
G1 X76.598 Y115.958 E109.86308
G1 F1295.9 X76.61 Y116.174 E109.87141
G1 F1011.8 X76.703 Y116.361 E109.88171
G1 F1045.3 X76.439 Y116.383 E109.89435
G1 F1290.3 X76.136 Y116.555 E109.90782
G1 F1421.8 X75.951 Y116.498 E109.91461
G1 F1500 X75.653 Y116.121 E109.9306
G1 X75.561 Y115.82 E109.94107
G1 F2700 E104.94107
G0 F9000 X74.735 Y116.068
G0 X74.867 Y115.069
G0 X75.347 Y114.497
G0 X76.1 Y114.261
G0 X80.5 Y114.261
G0 X81.253 Y114.497
G0 X81.685 Y115.012
G0 X81.856 Y115.557
G0 X81.398 Y116.559
G1 F2700 E109.94107
G1 F790.5 X81.103 Y116.361 E109.96349
G0 F9000 X79.961 Y115.82
G1 F1500 X80.054 Y115.474 E109.97541
G1 X80.245 Y115.241 E109.98543
G1 X80.499 Y115.162 E109.99427
G1 X80.751 Y115.241 E110.00306
G1 X80.946 Y115.474 E110.01316
G1 X81.036 Y115.817 E110.02496
G1 X80.998 Y115.958 E110.02981
G1 F1295.9 X81.01 Y116.174 E110.03814
G1 F1011.8 X81.103 Y116.361 E110.04844
G1 F1045.3 X80.839 Y116.383 E110.06108
G1 F1290.3 X80.536 Y116.555 E110.07456
G1 F1421.8 X80.351 Y116.498 E110.08135
G1 F1500 X80.053 Y116.121 E110.09733
G1 X79.961 Y115.82 E110.1078
G1 F2700 E105.1078
G0 F9000 X79.135 Y116.068
G0 X79.267 Y115.069
G0 X79.747 Y114.497
G0 X80.5 Y114.261
G0 X84.9 Y114.261
G0 X85.653 Y114.497
G0 X86.085 Y115.012
G0 X86.256 Y115.557
G0 X85.798 Y116.559
G1 F2700 E110.1078
G1 F790.5 X85.503 Y116.361 E110.13022
G0 F9000 X84.361 Y115.82
G1 F1500 X84.454 Y115.474 E110.14214
G1 X84.645 Y115.241 E110.15216
G1 X84.899 Y115.162 E110.16101
G1 X85.151 Y115.241 E110.16979
G1 X85.346 Y115.474 E110.1799
G1 X85.436 Y115.817 E110.19169
G1 X85.398 Y115.958 E110.19655
G1 F1295.9 X85.41 Y116.174 E110.20488
G1 F1011.8 X85.503 Y116.361 E110.21517
G1 F1045.3 X85.239 Y116.383 E110.22782
G1 F1290.3 X84.936 Y116.555 E110.24129
G1 F1421.8 X84.751 Y116.498 E110.24808
G1 F1500 X84.453 Y116.121 E110.26407
G1 X84.361 Y115.82 E110.27453
G1 F2700 E105.27453
G0 F9000 X83.535 Y116.068
G0 X83.667 Y115.069
G0 X84.147 Y114.497
G0 X84.9 Y114.261
G0 X89.3 Y114.261
G0 X90.053 Y114.497
G0 X90.485 Y115.012
G0 X90.656 Y115.557
G0 X90.198 Y116.559
G1 F2700 E110.27453
G1 F790.5 X89.903 Y116.361 E110.29696
G0 F9000 X88.761 Y115.82
G1 F1500 X88.854 Y115.474 E110.30887
G1 X89.045 Y115.241 E110.31889
G1 X89.299 Y115.162 E110.32774
G1 X89.551 Y115.241 E110.33652
G1 X89.746 Y115.474 E110.34663
G1 X89.836 Y115.817 E110.35842
G1 X89.798 Y115.958 E110.36328
G1 F1295.9 X89.81 Y116.174 E110.37161
G1 F1011.8 X89.903 Y116.361 E110.38191
G1 F1045.3 X89.639 Y116.383 E110.39455
G1 F1290.3 X89.336 Y116.555 E110.40802
G1 F1421.8 X89.151 Y116.498 E110.41482
G1 F1500 X88.853 Y116.121 E110.4308
G1 X88.761 Y115.82 E110.44127
G1 F2700 E105.44127
G0 F9000 X87.935 Y116.068
G0 X88.067 Y115.069
G0 X88.547 Y114.497
G0 X89.3 Y114.261
G0 X93.7 Y114.261
G0 X94.453 Y114.497
G0 X94.885 Y115.012
G0 X95.056 Y115.557
G0 X94.598 Y116.559
G1 F2700 E110.44127
G1 F790.5 X94.303 Y116.361 E110.46369
G0 F9000 X93.161 Y115.82
G1 F1500 X93.254 Y115.474 E110.47561
G1 X93.445 Y115.241 E110.48563
G1 X93.699 Y115.162 E110.49447
G1 X93.951 Y115.241 E110.50326
G1 X94.146 Y115.474 E110.51336
G1 X94.236 Y115.817 E110.52516
G1 X94.198 Y115.958 E110.53002
G1 F1295.9 X94.21 Y116.174 E110.53834
G1 F1011.8 X94.303 Y116.361 E110.54864
G1 F1045.3 X94.039 Y116.383 E110.56129
G1 F1290.3 X93.736 Y116.555 E110.57476
G1 F1421.8 X93.551 Y116.498 E110.58155
G1 F1500 X93.253 Y116.121 E110.59753
G1 X93.161 Y115.82 E110.608
G1 F2700 E105.608
G0 F9000 X92.335 Y116.068
G0 X92.467 Y115.069
G0 X92.947 Y114.497
G0 X93.7 Y114.261
G0 X98.1 Y114.261
G0 X98.853 Y114.497
G0 X99.285 Y115.012
G0 X99.456 Y115.557
G0 X98.998 Y116.559
G1 F2700 E110.608
G1 F790.5 X98.703 Y116.361 E110.63042
G0 F9000 X97.561 Y115.82
G1 F1500 X97.654 Y115.474 E110.64234
G1 X97.845 Y115.241 E110.65236
G1 X98.099 Y115.162 E110.66121
G1 X98.351 Y115.241 E110.66999
G1 X98.546 Y115.474 E110.6801
G1 X98.636 Y115.817 E110.69189
G1 X98.598 Y115.958 E110.69675
G1 F1295.9 X98.61 Y116.174 E110.70508
G1 F1011.8 X98.703 Y116.361 E110.71538
G1 F1045.3 X98.439 Y116.383 E110.72802
G1 F1290.3 X98.136 Y116.555 E110.74149
G1 F1421.8 X97.951 Y116.498 E110.74828
G1 F1500 X97.653 Y116.121 E110.76427
G1 X97.561 Y115.82 E110.77474
G1 F2700 E105.77474
G0 F9000 X96.735 Y116.068
G0 X96.867 Y115.069
G0 X97.347 Y114.497
G0 X98.1 Y114.261
G0 X102.5 Y114.261
G0 X103.253 Y114.497
G0 X103.685 Y115.012
G0 X103.856 Y115.557
G0 X103.398 Y116.559
G1 F2700 E110.77474
G1 F790.5 X103.103 Y116.361 E110.79716
G0 F9000 X101.961 Y115.82
G1 F1500 X102.054 Y115.474 E110.80907
G1 X102.245 Y115.241 E110.8191
G1 X102.499 Y115.162 E110.82794
G1 X102.751 Y115.241 E110.83673
G1 X102.946 Y115.474 E110.84683
G1 X103.036 Y115.817 E110.85863
G1 X102.998 Y115.958 E110.86348
G1 F1295.9 X103.01 Y116.174 E110.87181
G1 F1011.8 X103.103 Y116.361 E110.88211
G1 F1045.3 X102.839 Y116.383 E110.89475
G1 F1290.3 X102.536 Y116.555 E110.90823
G1 F1421.8 X102.351 Y116.498 E110.91502
G1 F1500 X102.053 Y116.121 E110.931
G1 X101.961 Y115.82 E110.94147
G1 F2700 E105.94147
G0 F9000 X101.135 Y116.068
G0 X101.267 Y115.069
G0 X101.747 Y114.497
G0 X102.5 Y114.261
G0 X106.9 Y114.261
G0 X107.653 Y114.497
G0 X108.085 Y115.012
G0 X108.256 Y115.557
G0 X107.798 Y116.559
G1 F2700 E110.94147
G1 F790.5 X107.503 Y116.361 E110.96389
G0 F9000 X106.361 Y115.82
G1 F1500 X106.454 Y115.474 E110.97581
G1 X106.645 Y115.241 E110.98583
G1 X106.899 Y115.162 E110.99468
G1 X107.151 Y115.241 E111.00346
G1 X107.346 Y115.474 E111.01357
G1 X107.436 Y115.817 E111.02536
G1 X107.398 Y115.958 E111.03022
G1 F1295.9 X107.41 Y116.174 E111.03855
G1 F1011.8 X107.503 Y116.361 E111.04884
G1 F1045.3 X107.239 Y116.383 E111.06149
G1 F1290.3 X106.936 Y116.555 E111.07496
G1 F1421.8 X106.751 Y116.498 E111.08175
G1 F1500 X106.453 Y116.121 E111.09774
G1 X106.361 Y115.82 E111.1082
G1 F2700 E106.1082
G0 F9000 X105.535 Y116.068
G0 X105.667 Y115.069
G0 X106.147 Y114.497
G0 X106.9 Y114.261
G0 X111.3 Y114.261
G0 X112.053 Y114.497
G0 X112.485 Y115.012
G0 X112.656 Y115.557
G0 X112.198 Y116.559
G1 F2700 E111.1082
G1 F790.5 X111.903 Y116.361 E111.13063
G0 F9000 X110.761 Y115.82
G1 F1500 X110.854 Y115.474 E111.14254
G1 X111.045 Y115.241 E111.15256
G1 X111.299 Y115.162 E111.16141
G1 X111.551 Y115.241 E111.17019
G1 X111.746 Y115.474 E111.1803
G1 X111.836 Y115.817 E111.19209
G1 X111.798 Y115.958 E111.19695
G1 F1295.9 X111.81 Y116.174 E111.20528
G1 F1011.8 X111.903 Y116.361 E111.21558
G1 F1045.3 X111.639 Y116.383 E111.22822
G1 F1290.3 X111.336 Y116.555 E111.24169
G1 F1421.8 X111.151 Y116.498 E111.24849
G1 F1500 X110.853 Y116.121 E111.26447
G1 X110.761 Y115.82 E111.27494
G1 F2700 E106.27494
G0 F9000 X109.935 Y116.068
G0 X110.067 Y115.069
G0 X110.547 Y114.497
G0 X111.3 Y114.261
G0 X115.7 Y114.261
G0 X116.453 Y114.497
G0 X116.885 Y115.012
G0 X117.056 Y115.557
G0 X116.598 Y116.559
G1 F2700 E111.27494
G1 F790.5 X116.303 Y116.361 E111.29736
G0 F9000 X115.161 Y115.82
G1 F1500 X115.254 Y115.474 E111.30928
G1 X115.445 Y115.241 E111.3193
G1 X115.699 Y115.162 E111.32814
G1 X115.951 Y115.241 E111.33693
G1 X116.146 Y115.474 E111.34703
G1 X116.236 Y115.817 E111.35883
G1 X116.198 Y115.958 E111.36369
G1 F1295.9 X116.21 Y116.174 E111.37201
G1 F1011.8 X116.303 Y116.361 E111.38231
G1 F1045.3 X116.039 Y116.383 E111.39496
G1 F1290.3 X115.736 Y116.555 E111.40843
G1 F1421.8 X115.551 Y116.498 E111.41522
G1 F1500 X115.253 Y116.121 E111.4312
G1 X115.161 Y115.82 E111.44167
G1 F2700 E106.44167
G0 F9000 X114.335 Y116.068
G0 X114.467 Y115.069
G0 X114.947 Y114.497
G0 X115.7 Y114.261
G0 X120.1 Y114.26
G0 X120.853 Y114.496
G0 X121.285 Y115.011
G0 X121.456 Y115.557
G0 X121.004 Y116.57
G1 F2700 E111.44167
G1 F796.8 X120.754 Y116.39 E111.46096
G0 F9000 X119.563 Y115.816
G1 F1500 X119.651 Y115.471 E111.4728
G1 X119.844 Y115.242 E111.48276
G1 X120.099 Y115.162 E111.49165
G1 X120.352 Y115.242 E111.50048
G1 X120.545 Y115.471 E111.51044
G1 X120.636 Y115.817 E111.52234
G1 X120.594 Y115.968 E111.52755
G1 F1315.8 X120.63 Y116.199 E111.53642
G1 F1027.4 X120.754 Y116.39 E111.54747
G1 F1016.9 X120.346 Y116.404 E111.5675
G1 F1293.1 X120.213 Y116.511 E111.57409
G1 F1500 X120.098 Y116.543 E111.57806
G1 X119.951 Y116.498 E111.58317
G1 X119.653 Y116.122 E111.59913
G1 X119.563 Y115.816 E111.60974
G1 F2700 E106.60974
G0 F9000 X118.734 Y116.062
G0 X118.867 Y115.068
G0 X119.347 Y114.496
G0 X120.1 Y114.26
G0 X124.5 Y114.26
G0 X125.253 Y114.496
G0 X125.685 Y115.011
G0 X125.856 Y115.557
G0 X125.404 Y116.57
G1 F2700 E111.60974
G1 F796.8 X125.154 Y116.39 E111.62902
G0 F9000 X123.963 Y115.816
G1 F1500 X124.051 Y115.471 E111.64087
G1 X124.244 Y115.242 E111.65083
G1 X124.499 Y115.162 E111.65972
G1 X124.752 Y115.242 E111.66854
G1 X124.945 Y115.471 E111.6785
G1 X125.036 Y115.817 E111.6904
G1 X124.994 Y115.968 E111.69561
G1 F1315.8 X125.03 Y116.199 E111.70448
G1 F1027.4 X125.154 Y116.39 E111.71554
G1 F1016.9 X124.746 Y116.404 E111.73557
G1 F1293.1 X124.613 Y116.511 E111.74215
G1 F1500 X124.498 Y116.543 E111.74612
G1 X124.351 Y116.498 E111.75123
G1 X124.053 Y116.122 E111.76719
G1 X123.963 Y115.816 E111.7778
G1 F2700 E106.7778
G0 F9000 X123.134 Y116.062
G0 X123.267 Y115.068
G0 X123.747 Y114.496
G0 X124.5 Y114.26
G0 X128.9 Y114.26
G0 X129.653 Y114.496
G0 X130.085 Y115.011
G0 X130.256 Y115.557
G0 X129.804 Y116.57
G1 F2700 E111.7778
G1 F796.8 X129.554 Y116.39 E111.79709
G0 F9000 X128.363 Y115.816
G1 F1500 X128.451 Y115.471 E111.80893
G1 X128.644 Y115.242 E111.81889
G1 X128.899 Y115.162 E111.82778
G1 X129.152 Y115.242 E111.83661
G1 X129.345 Y115.471 E111.84657
G1 X129.436 Y115.817 E111.85847
G1 X129.394 Y115.968 E111.86368
G1 F1315.8 X129.43 Y116.199 E111.87254
G1 F1027.4 X129.554 Y116.39 E111.8836
G1 F1016.9 X129.146 Y116.404 E111.90363
G1 F1293.1 X129.013 Y116.511 E111.91022
G1 F1500 X128.898 Y116.543 E111.91419
G1 X128.751 Y116.498 E111.9193
G1 X128.453 Y116.122 E111.93526
G1 X128.363 Y115.816 E111.94586
G1 F2700 E106.94586
G0 F9000 X127.534 Y116.062
G0 X127.667 Y115.068
G0 X128.147 Y114.496
G0 X128.9 Y114.26
G0 X133.3 Y114.26
G0 X134.053 Y114.496
G0 X134.485 Y115.011
G0 X134.656 Y115.557
G0 X134.204 Y116.57
G1 F2700 E111.94586
G1 F796.8 X133.954 Y116.39 E111.96515
G0 F9000 X132.763 Y115.816
G1 F1500 X132.851 Y115.471 E111.97699
G1 X133.044 Y115.242 E111.98696
G1 X133.299 Y115.162 E111.99584
G1 X133.552 Y115.242 E112.00467
G1 X133.745 Y115.471 E112.01463
G1 X133.836 Y115.817 E112.02653
G1 X133.794 Y115.968 E112.03174
G1 F1315.8 X133.83 Y116.199 E112.04061
G1 F1027.4 X133.954 Y116.39 E112.05167
G1 F1016.9 X133.546 Y116.404 E112.07169
G1 F1293.1 X133.413 Y116.511 E112.07828
G1 F1500 X133.298 Y116.543 E112.08225
G1 X133.151 Y116.498 E112.08736
G1 X132.853 Y116.122 E112.10332
G1 X132.763 Y115.816 E112.11393
G1 F2700 E107.11393
G0 F9000 X131.934 Y116.062
G0 X132.067 Y115.068
G0 X132.547 Y114.496
G0 X133.3 Y114.26
G0 X137.7 Y114.26
G0 X138.453 Y114.496
G0 X138.885 Y115.011
G0 X139.056 Y115.557
G0 X138.604 Y116.57
G1 F2700 E112.11393
G1 F796.8 X138.354 Y116.39 E112.13322
G0 F9000 X137.163 Y115.816
G1 F1500 X137.251 Y115.471 E112.14506
G1 X137.444 Y115.242 E112.15502
G1 X137.699 Y115.162 E112.16391
G1 X137.952 Y115.242 E112.17273
G1 X138.145 Y115.471 E112.1827
G1 X138.236 Y115.817 E112.19459
G1 X138.194 Y115.968 E112.19981
G1 F1315.8 X138.23 Y116.199 E112.20867
G1 F1027.4 X138.354 Y116.39 E112.21973
G1 F1016.9 X137.946 Y116.404 E112.23976
G1 F1293.1 X137.813 Y116.511 E112.24634
G1 F1500 X137.698 Y116.543 E112.25031
G1 X137.551 Y116.498 E112.25543
G1 X137.253 Y116.122 E112.27138
G1 X137.163 Y115.816 E112.28199
G1 F2700 E107.28199
G0 F9000 X136.334 Y116.062
G0 X136.467 Y115.068
G0 X136.947 Y114.496
G0 X137.7 Y114.26
G0 X142.1 Y114.26
G0 X142.853 Y114.496
G0 X143.285 Y115.011
G0 X143.456 Y115.557
G0 X143.004 Y116.57
G1 F2700 E112.28199
G1 F796.8 X142.754 Y116.39 E112.30128
G0 F9000 X141.563 Y115.816
G1 F1500 X141.651 Y115.471 E112.31312
G1 X141.844 Y115.242 E112.32308
G1 X142.099 Y115.162 E112.33197
G1 X142.352 Y115.242 E112.3408
G1 X142.545 Y115.471 E112.35076
G1 X142.636 Y115.817 E112.36266
G1 X142.594 Y115.968 E112.36787
G1 F1315.8 X142.63 Y116.199 E112.37674
G1 F1027.4 X142.754 Y116.39 E112.38779
G1 F1016.9 X142.346 Y116.404 E112.40782
G1 F1293.1 X142.213 Y116.511 E112.41441
G1 F1500 X142.098 Y116.543 E112.41838
G1 X141.951 Y116.498 E112.42349
G1 X141.653 Y116.122 E112.43945
G1 X141.563 Y115.816 E112.45006
G1 F2700 E107.45006
G0 F9000 X140.734 Y116.062
G0 X140.867 Y115.068
G0 X141.347 Y114.496
G0 X142.1 Y114.26
G0 X146.5 Y114.26
G0 X147.253 Y114.496
G0 X147.685 Y115.011
G0 X147.856 Y115.557
G0 X147.404 Y116.57
G1 F2700 E112.45006
G1 F796.8 X147.154 Y116.39 E112.46935
G0 F9000 X145.963 Y115.816
G1 F1500 X146.051 Y115.471 E112.48119
G1 X146.244 Y115.242 E112.49115
G1 X146.499 Y115.162 E112.50004
G1 X146.752 Y115.242 E112.50886
G1 X146.945 Y115.471 E112.51882
G1 X147.036 Y115.817 E112.53072
G1 X146.994 Y115.968 E112.53594
G1 F1315.8 X147.03 Y116.199 E112.5448
G1 F1027.4 X147.154 Y116.39 E112.55586
G1 F1016.9 X146.746 Y116.404 E112.57589
G1 F1293.1 X146.613 Y116.511 E112.58247
G1 F1500 X146.498 Y116.543 E112.58644
G1 X146.351 Y116.498 E112.59156
G1 X146.053 Y116.122 E112.60751
G1 X145.963 Y115.816 E112.61812
G1 F2700 E107.61812
G0 F9000 X145.134 Y116.062
G0 X145.267 Y115.068
G0 X145.747 Y114.496
G0 X146.5 Y114.26
G0 X150.9 Y114.26
G0 X151.653 Y114.496
G0 X152.085 Y115.011
G0 X152.256 Y115.557
G0 X151.804 Y116.57
G1 F2700 E112.61812
G1 F796.8 X151.554 Y116.39 E112.63741
G0 F9000 X150.363 Y115.816
G1 F1500 X150.451 Y115.471 E112.64925
G1 X150.644 Y115.242 E112.65921
G1 X150.899 Y115.162 E112.6681
G1 X151.152 Y115.242 E112.67693
G1 X151.345 Y115.471 E112.68689
G1 X151.436 Y115.817 E112.69879
G1 X151.394 Y115.968 E112.704
G1 F1315.8 X151.43 Y116.199 E112.71286
G1 F1027.4 X151.554 Y116.39 E112.72392
G1 F1016.9 X151.146 Y116.404 E112.74395
G1 F1293.1 X151.013 Y116.511 E112.75054
G1 F1500 X150.898 Y116.543 E112.75451
G1 X150.751 Y116.498 E112.75962
G1 X150.453 Y116.122 E112.77558
G1 X150.363 Y115.816 E112.78619
G1 F2700 E107.78619
G0 F9000 X149.534 Y116.062
G0 X149.667 Y115.068
G0 X150.147 Y114.496
G0 X150.9 Y114.26
G0 X155.3 Y114.26
G0 X156.053 Y114.496
G0 X156.485 Y115.011
G0 X156.656 Y115.557
G0 X156.204 Y116.57
G1 F2700 E112.78619
G1 F796.8 X155.954 Y116.39 E112.80547
G0 F9000 X154.763 Y115.816
G1 F1500 X154.851 Y115.471 E112.81732
G1 X155.044 Y115.242 E112.82728
G1 X155.299 Y115.162 E112.83617
G1 X155.552 Y115.242 E112.84499
G1 X155.745 Y115.471 E112.85495
G1 X155.836 Y115.817 E112.86685
G1 X155.794 Y115.968 E112.87206
G1 F1315.8 X155.83 Y116.199 E112.88093
G1 F1027.4 X155.954 Y116.39 E112.89199
G1 F1016.9 X155.546 Y116.404 E112.91201
G1 F1293.1 X155.413 Y116.511 E112.9186
G1 F1500 X155.298 Y116.543 E112.92257
G1 X155.151 Y116.498 E112.92768
G1 X154.853 Y116.122 E112.94364
G1 X154.763 Y115.816 E112.95425
G1 F2700 E107.95425
G0 F9000 X153.934 Y116.062
G0 X154.067 Y115.068
G0 X154.547 Y114.496
G0 X155.3 Y114.26
G0 X159.7 Y114.26
G0 X160.453 Y114.496
G0 X160.885 Y115.011
G0 X161.056 Y115.557
G0 X160.604 Y116.57
G1 F2700 E112.95425
G1 F796.8 X160.354 Y116.39 E112.97354
G0 F9000 X159.163 Y115.816
G1 F1500 X159.251 Y115.471 E112.98538
G1 X159.444 Y115.242 E112.99534
G1 X159.699 Y115.162 E113.00423
G1 X159.952 Y115.242 E113.01306
G1 X160.145 Y115.471 E113.02302
G1 X160.236 Y115.817 E113.03492
G1 X160.194 Y115.968 E113.04013
G1 F1315.8 X160.23 Y116.199 E113.04899
G1 F1027.4 X160.354 Y116.39 E113.06005
G1 F1016.9 X159.946 Y116.404 E113.08008
G1 F1293.1 X159.813 Y116.511 E113.08666
G1 F1500 X159.698 Y116.543 E113.09064
G1 X159.551 Y116.498 E113.09575
G1 X159.253 Y116.122 E113.11171
G1 X159.163 Y115.816 E113.12231
G1 F2700 E108.12231
G0 F9000 X158.334 Y116.062
G0 X158.467 Y115.068
G0 X158.947 Y114.496
G0 X159.7 Y114.26
G0 X164.1 Y114.26
G0 X164.853 Y114.496
G0 X165.285 Y115.011
G0 X165.456 Y115.557
G0 X165.004 Y116.57
G1 F2700 E113.12231
G1 F796.8 X164.754 Y116.39 E113.1416
G0 F9000 X163.563 Y115.816
G1 F1500 X163.651 Y115.471 E113.15344
G1 X163.844 Y115.242 E113.16341
G1 X164.099 Y115.162 E113.17229
G1 X164.352 Y115.242 E113.18112
G1 X164.545 Y115.471 E113.19108
G1 X164.636 Y115.817 E113.20298
G1 X164.594 Y115.968 E113.20819
G1 F1315.8 X164.63 Y116.199 E113.21706
G1 F1027.4 X164.754 Y116.39 E113.22812
G1 F1016.9 X164.346 Y116.404 E113.24814
G1 F1293.1 X164.213 Y116.511 E113.25473
G1 F1500 X164.098 Y116.543 E113.2587
G1 X163.951 Y116.498 E113.26381
G1 X163.653 Y116.122 E113.27977
G1 X163.563 Y115.816 E113.29038
G1 F2700 E108.29038
G0 F9000 X162.734 Y116.062
G0 X162.867 Y115.068
G0 X163.347 Y114.496
G0 X164.1 Y114.26
G0 X168.5 Y114.26
G0 X169.253 Y114.496
G0 X169.685 Y115.011
G0 X169.856 Y115.557
G0 X169.404 Y116.57
G1 F2700 E113.29038
G1 F796.8 X169.154 Y116.39 E113.30967
G0 F9000 X167.963 Y115.816
G1 F1500 X168.051 Y115.471 E113.32151
G1 X168.244 Y115.242 E113.33147
G1 X168.499 Y115.162 E113.34036
G1 X168.752 Y115.242 E113.34918
G1 X168.945 Y115.471 E113.35914
G1 X169.036 Y115.817 E113.37104
G1 X168.994 Y115.968 E113.37626
G1 F1315.8 X169.03 Y116.199 E113.38512
G1 F1027.4 X169.154 Y116.39 E113.39618
G1 F1016.9 X168.746 Y116.404 E113.41621
G1 F1293.1 X168.613 Y116.511 E113.42279
G1 F1500 X168.498 Y116.543 E113.42676
G1 X168.351 Y116.498 E113.43188
G1 X168.053 Y116.122 E113.44783
G1 X167.963 Y115.816 E113.45844
G1 F2700 E108.45844
G0 F9000 X167.134 Y116.062
G0 X167.267 Y115.068
G0 X167.747 Y114.496
G0 X168.5 Y114.26
G0 X172.9 Y114.26
G0 X173.653 Y114.496
G0 X174.085 Y115.011
G0 X174.256 Y115.557
G0 X173.804 Y116.57
G1 F2700 E113.45844
G1 F796.8 X173.554 Y116.39 E113.47773
G0 F9000 X172.363 Y115.816
G1 F1500 X172.451 Y115.471 E113.48957
G1 X172.644 Y115.242 E113.49953
G1 X172.899 Y115.162 E113.50842
G1 X173.152 Y115.242 E113.51725
G1 X173.345 Y115.471 E113.52721
G1 X173.436 Y115.817 E113.53911
G1 X173.394 Y115.968 E113.54432
G1 F1315.8 X173.43 Y116.199 E113.55319
G1 F1027.4 X173.554 Y116.39 E113.56424
G1 F1016.9 X173.146 Y116.404 E113.58427
G1 F1293.1 X173.013 Y116.511 E113.59086
G1 F1500 X172.898 Y116.543 E113.59483
G1 X172.751 Y116.498 E113.59994
G1 X172.453 Y116.122 E113.6159
G1 X172.363 Y115.816 E113.62651
G1 F2700 E108.62651
G0 F9000 X171.534 Y116.062
G0 X171.667 Y115.068
G0 X172.147 Y114.496
G0 X172.9 Y114.26
G0 X177.3 Y114.26
G0 X178.053 Y114.496
G0 X178.485 Y115.011
G0 X178.656 Y115.557
G0 X178.204 Y116.57
G1 F2700 E113.62651
G1 F796.8 X177.954 Y116.39 E113.6458
G0 F9000 X176.763 Y115.816
G1 F1500 X176.851 Y115.471 E113.65764
G1 X177.044 Y115.242 E113.6676
G1 X177.299 Y115.162 E113.67649
G1 X177.552 Y115.242 E113.68531
G1 X177.745 Y115.471 E113.69527
G1 X177.836 Y115.817 E113.70717
G1 X177.794 Y115.968 E113.71239
G1 F1315.8 X177.83 Y116.199 E113.72125
G1 F1027.4 X177.954 Y116.39 E113.73231
G1 F1016.9 X177.546 Y116.404 E113.75234
G1 F1293.1 X177.413 Y116.511 E113.75892
G1 F1500 X177.298 Y116.543 E113.76289
G1 X177.151 Y116.498 E113.76801
G1 X176.853 Y116.122 E113.78396
G1 X176.763 Y115.816 E113.79457
G1 F2700 E108.79457
G0 F9000 X175.934 Y116.062
G0 X176.067 Y115.068
G0 X176.547 Y114.496
G0 X177.3 Y114.26
G0 X181.7 Y114.26
G0 X182.453 Y114.496
G0 X182.885 Y115.011
G0 X183.056 Y115.557
G0 X182.604 Y116.57
G1 F2700 E113.79457
G1 F796.8 X182.354 Y116.39 E113.81386
G0 F9000 X181.163 Y115.816
G1 F1500 X181.251 Y115.471 E113.8257
G1 X181.444 Y115.242 E113.83566
G1 X181.699 Y115.162 E113.84455
G1 X181.952 Y115.242 E113.85338
G1 X182.145 Y115.471 E113.86334
G1 X182.236 Y115.817 E113.87524
G1 X182.194 Y115.968 E113.88045
G1 F1315.8 X182.23 Y116.199 E113.88931
G1 F1027.4 X182.354 Y116.39 E113.90037
G1 F1016.9 X181.946 Y116.404 E113.9204
G1 F1293.1 X181.813 Y116.511 E113.92699
G1 F1500 X181.698 Y116.543 E113.93096
G1 X181.551 Y116.498 E113.93607
G1 X181.253 Y116.122 E113.95203
G1 X181.163 Y115.816 E113.96264
G1 F2700 E108.96264
G0 F9000 X180.334 Y116.062
G0 X180.467 Y115.068
G0 X180.947 Y114.496
G0 X181.7 Y114.26
G0 X182.378 Y114.472
G0 X183.935 Y116.065
G0 X184.764 Y115.819
G1 F2700 E113.96264
G1 F1500 X184.851 Y115.471 E113.97457
G1 X185.044 Y115.242 E113.98453
G1 X185.299 Y115.162 E113.99342
G1 X185.552 Y115.242 E114.00224
G1 X185.745 Y115.471 E114.0122
G1 X185.836 Y115.816 E114.02407
G1 X185.743 Y116.133 E114.03506
G1 X185.448 Y116.5 E114.05072
G1 X185.297 Y116.544 E114.05595
G1 X185.15 Y116.502 E114.06103
G1 X184.854 Y116.122 E114.07706
G1 X184.764 Y115.819 E114.08757
G1 F2700 E109.08757
;MESH:middle_union.STL
G0 F9000 X183.935 Y116.065
G0 X184.046 Y116.438
G0 X184.48 Y117.228
G0 X117.5 Y119.64
;TYPE:WALL-INNER
G1 F2700 E114.08757
G1 F1500 X184.661 Y119.64 E116.32135
G1 X184.685 Y118.493 E116.35951
G1 X50.314 Y118.492 E120.82871
G1 X50.335 Y119.64 E120.8669
G1 X117.5 Y119.64 E123.10081
G0 F9000 X117.5 Y120.04
;TYPE:WALL-OUTER
G1 F1500 X185.057 Y120.04 E125.34777
G1 X185.095 Y118.093 E125.41254
G1 X49.905 Y118.092 E129.90898
G1 X49.939 Y120.04 E129.97378
G1 X117.5 Y120.04 E132.22086
G0 F9000 X117.5 Y119.273
;TYPE:SKIN
G1 F1449.3 X50.698 Y119.273 E134.52047
G1 X50.688 Y118.859 E134.53473
G1 X184.308 Y118.859 E139.1345
G1 F1452.8 X184.298 Y119.273 E139.14872
G1 X117.5 Y119.273 E141.44263
G1 F2700 E136.44263
;MESH:NONMESH
G0 F300 X117.5 Y119.273 Z0.8
G0 F9000 X117.5 Y119.54
G0 X50.506 Y119.468
G0 X50.479 Y118.692
G0 X49.056 Y118.726
G0 X48.267 Y115.835
G0 X48.445 Y115.149
G0 X49.555 Y115.439
;TIME_ELAPSED:287.033758
;LAYER:3
M106 S255
;TYPE:SUPPORT
G1 F2700 E141.44263
G1 F1029.2 X49.698 Y115.399 E141.44983
G1 X49.841 Y115.439 E141.45703
G1 X49.949 Y115.551 E141.46457
G1 X50.002 Y115.731 E141.47367
G1 X49.935 Y115.996 E141.48692
G1 X49.776 Y116.208 E141.49976
G1 X49.636 Y116.21 E141.50655
G1 X49.464 Y115.984 E141.52032
G1 X49.397 Y115.728 E141.53315
G1 X49.448 Y115.551 E141.54208
G1 X49.555 Y115.439 E141.54959
G1 F2700 E136.54959
G0 F9000 X50.395 Y114.635
G0 X52.88 Y115.463
G0 X53.797 Y115.728
G1 F2700 E141.54959
G1 F1029.2 X53.848 Y115.551 E141.55852
G1 X53.955 Y115.439 E141.56602
G1 X54.098 Y115.399 E141.57322
G1 X54.241 Y115.439 E141.58042
G1 X54.349 Y115.551 E141.58796
G1 X54.402 Y115.731 E141.59706
G1 X54.335 Y115.996 E141.61031
G1 X54.176 Y116.208 E141.62316
G1 X54.036 Y116.21 E141.62994
G1 X53.864 Y115.984 E141.64371
G1 X53.797 Y115.728 E141.65654
G1 F2700 E136.65654
G0 F9000 X52.88 Y115.463
G0 X52.998 Y115.062
G0 X53.449 Y114.59
G0 X54.1 Y114.405
G0 X57.28 Y115.463
G0 X58.197 Y115.728
G1 F2700 E141.65654
G1 F1029.2 X58.248 Y115.551 E141.66547
G1 X58.355 Y115.439 E141.67298
G1 X58.498 Y115.399 E141.68018
G1 X58.641 Y115.439 E141.68737
G1 X58.749 Y115.551 E141.69492
G1 X58.802 Y115.731 E141.70401
G1 X58.735 Y115.996 E141.71726
G1 X58.576 Y116.208 E141.73011
G1 X58.436 Y116.21 E141.7369
G1 X58.264 Y115.984 E141.75066
G1 X58.197 Y115.728 E141.76349
G1 F2700 E136.76349
G0 F9000 X57.28 Y115.463
G0 X57.398 Y115.062
G0 X57.849 Y114.59
G0 X58.5 Y114.405
G0 X61.68 Y115.463
G0 X62.597 Y115.728
G1 F2700 E141.76349
G1 F1029.2 X62.648 Y115.551 E141.77242
G1 X62.755 Y115.439 E141.77993
G1 X62.898 Y115.399 E141.78713
G1 X63.041 Y115.439 E141.79433
G1 X63.149 Y115.551 E141.80187
G1 X63.202 Y115.731 E141.81097
G1 X63.135 Y115.996 E141.82422
G1 X62.976 Y116.208 E141.83706
G1 X62.836 Y116.21 E141.84385
G1 X62.664 Y115.984 E141.85762
G1 X62.597 Y115.728 E141.87045
G1 F2700 E136.87045
G0 F9000 X61.68 Y115.463
G0 X61.798 Y115.062
G0 X62.249 Y114.59
G0 X62.9 Y114.405
G0 X66.08 Y115.463
G0 X66.997 Y115.728
G1 F2700 E141.87045
G1 F1029.2 X67.048 Y115.551 E141.87938
G1 X67.155 Y115.439 E141.88688
G1 X67.298 Y115.399 E141.89408
G1 X67.441 Y115.439 E141.90128
G1 X67.549 Y115.551 E141.90882
G1 X67.602 Y115.731 E141.91792
G1 X67.535 Y115.996 E141.93117
G1 X67.376 Y116.208 E141.94402
G1 X67.236 Y116.21 E141.9508
G1 X67.064 Y115.984 E141.96457
G1 X66.997 Y115.728 E141.9774
G1 F2700 E136.9774
G0 F9000 X66.08 Y115.463
G0 X66.198 Y115.062
G0 X66.649 Y114.59
G0 X67.3 Y114.405
G0 X70.48 Y115.463
G0 X71.397 Y115.728
G1 F2700 E141.9774
G1 F1029.2 X71.448 Y115.551 E141.98633
G1 X71.555 Y115.439 E141.99384
G1 X71.698 Y115.399 E142.00104
G1 X71.841 Y115.439 E142.00823
G1 X71.949 Y115.551 E142.01578
G1 X72.002 Y115.731 E142.02487
G1 X71.935 Y115.996 E142.03812
G1 X71.776 Y116.208 E142.05097
G1 X71.636 Y116.21 E142.05776
G1 X71.464 Y115.984 E142.07153
G1 X71.397 Y115.728 E142.08435
G1 F2700 E137.08435
G0 F9000 X70.48 Y115.463
G0 X70.598 Y115.062
G0 X71.049 Y114.59
G0 X71.7 Y114.405
G0 X74.88 Y115.463
G0 X75.797 Y115.728
G1 F2700 E142.08435
G1 F1029.2 X75.848 Y115.551 E142.09328
G1 X75.955 Y115.439 E142.10079
G1 X76.098 Y115.399 E142.10799
G1 X76.241 Y115.439 E142.11519
G1 X76.349 Y115.551 E142.12273
G1 X76.402 Y115.731 E142.13183
G1 X76.335 Y115.996 E142.14508
G1 X76.176 Y116.208 E142.15792
G1 X76.036 Y116.21 E142.16471
G1 X75.864 Y115.984 E142.17848
G1 X75.797 Y115.728 E142.19131
G1 F2700 E137.19131
G0 F9000 X74.88 Y115.463
G0 X74.998 Y115.062
G0 X75.449 Y114.59
G0 X76.1 Y114.405
G0 X79.28 Y115.463
G0 X80.197 Y115.728
G1 F2700 E142.19131
G1 F1029.2 X80.248 Y115.551 E142.20024
G1 X80.355 Y115.439 E142.20774
G1 X80.498 Y115.399 E142.21494
G1 X80.641 Y115.439 E142.22214
G1 X80.749 Y115.551 E142.22968
G1 X80.802 Y115.731 E142.23878
G1 X80.735 Y115.996 E142.25203
G1 X80.576 Y116.208 E142.26488
G1 X80.436 Y116.21 E142.27166
G1 X80.264 Y115.984 E142.28543
G1 X80.197 Y115.728 E142.29826
G1 F2700 E137.29826
G0 F9000 X79.28 Y115.463
G0 X79.398 Y115.062
G0 X79.849 Y114.59
G0 X80.5 Y114.405
G0 X83.68 Y115.463
G0 X84.597 Y115.728
G1 F2700 E142.29826
G1 F1029.2 X84.648 Y115.551 E142.30719
G1 X84.755 Y115.439 E142.3147
G1 X84.898 Y115.399 E142.3219
G1 X85.041 Y115.439 E142.32909
G1 X85.149 Y115.551 E142.33664
G1 X85.202 Y115.731 E142.34573
G1 X85.135 Y115.996 E142.35898
G1 X84.976 Y116.208 E142.37183
G1 X84.836 Y116.21 E142.37862
G1 X84.664 Y115.984 E142.39239
G1 X84.597 Y115.728 E142.40521
G1 F2700 E137.40521
G0 F9000 X83.68 Y115.463
G0 X83.798 Y115.062
G0 X84.249 Y114.59
G0 X84.9 Y114.405
G0 X88.08 Y115.463
G0 X88.997 Y115.728
G1 F2700 E142.40521
G1 F1029.2 X89.048 Y115.551 E142.41414
G1 X89.155 Y115.439 E142.42165
G1 X89.298 Y115.399 E142.42885
G1 X89.441 Y115.439 E142.43605
G1 X89.549 Y115.551 E142.44359
G1 X89.602 Y115.731 E142.45269
G1 X89.535 Y115.996 E142.46594
G1 X89.376 Y116.208 E142.47878
G1 X89.236 Y116.21 E142.48557
G1 X89.064 Y115.984 E142.49934
G1 X88.997 Y115.728 E142.51217
G1 F2700 E137.51217
G0 F9000 X88.08 Y115.463
G0 X88.198 Y115.062
G0 X88.649 Y114.59
G0 X89.3 Y114.405
G0 X92.48 Y115.463
G0 X93.397 Y115.728
G1 F2700 E142.51217
G1 F1029.2 X93.448 Y115.551 E142.5211
G1 X93.555 Y115.439 E142.52861
G1 X93.698 Y115.399 E142.5358
G1 X93.841 Y115.439 E142.543
G1 X93.949 Y115.551 E142.55054
G1 X94.002 Y115.731 E142.55964
G1 X93.935 Y115.996 E142.57289
G1 X93.776 Y116.208 E142.58574
G1 X93.636 Y116.21 E142.59252
G1 X93.464 Y115.984 E142.60629
G1 X93.397 Y115.728 E142.61912
G1 F2700 E137.61912
G0 F9000 X92.48 Y115.463
G0 X92.598 Y115.062
G0 X93.049 Y114.59
G0 X93.7 Y114.405
G0 X96.88 Y115.463
G0 X97.797 Y115.728
G1 F2700 E142.61912
G1 F1029.2 X97.848 Y115.551 E142.62805
G1 X97.955 Y115.439 E142.63556
G1 X98.098 Y115.399 E142.64276
G1 X98.241 Y115.439 E142.64996
G1 X98.349 Y115.551 E142.6575
G1 X98.402 Y115.731 E142.66659
G1 X98.335 Y115.996 E142.67984
G1 X98.176 Y116.208 E142.69269
G1 X98.036 Y116.21 E142.69948
G1 X97.864 Y115.984 E142.71325
G1 X97.797 Y115.728 E142.72607
G1 F2700 E137.72607
G0 F9000 X96.88 Y115.463
G0 X96.998 Y115.062
G0 X97.449 Y114.59
G0 X98.1 Y114.405
G0 X101.28 Y115.463
G0 X102.197 Y115.728
G1 F2700 E142.72607
G1 F1029.2 X102.248 Y115.551 E142.735
G1 X102.355 Y115.439 E142.74251
G1 X102.498 Y115.399 E142.74971
G1 X102.641 Y115.439 E142.75691
G1 X102.749 Y115.551 E142.76445
G1 X102.802 Y115.731 E142.77355
G1 X102.735 Y115.996 E142.7868
G1 X102.576 Y116.208 E142.79964
G1 X102.436 Y116.21 E142.80643
G1 X102.264 Y115.984 E142.8202
G1 X102.197 Y115.728 E142.83303
G1 F2700 E137.83303
G0 F9000 X101.28 Y115.463
G0 X101.398 Y115.062
G0 X101.849 Y114.59
G0 X102.5 Y114.405
G0 X105.68 Y115.463
G0 X106.597 Y115.728
G1 F2700 E142.83303
G1 F1029.2 X106.648 Y115.551 E142.84196
G1 X106.755 Y115.439 E142.84947
G1 X106.898 Y115.399 E142.85666
G1 X107.041 Y115.439 E142.86386
G1 X107.149 Y115.551 E142.8714
G1 X107.202 Y115.731 E142.8805
G1 X107.135 Y115.996 E142.89375
G1 X106.976 Y116.208 E142.9066
G1 X106.836 Y116.21 E142.91339
G1 X106.664 Y115.984 E142.92715
G1 X106.597 Y115.728 E142.93998
G1 F2700 E137.93998
G0 F9000 X105.68 Y115.463
G0 X105.798 Y115.062
G0 X106.249 Y114.59
G0 X106.9 Y114.405
G0 X110.08 Y115.463
G0 X110.997 Y115.728
G1 F2700 E142.93998
G1 F1029.2 X111.048 Y115.551 E142.94891
G1 X111.155 Y115.439 E142.95642
G1 X111.298 Y115.399 E142.96362
G1 X111.441 Y115.439 E142.97082
G1 X111.549 Y115.551 E142.97836
G1 X111.602 Y115.731 E142.98745
G1 X111.535 Y115.996 E143.0007
G1 X111.376 Y116.208 E143.01355
G1 X111.236 Y116.21 E143.02034
G1 X111.064 Y115.984 E143.03411
G1 X110.997 Y115.728 E143.04693
G1 F2700 E138.04693
G0 F9000 X110.08 Y115.463
G0 X110.198 Y115.062
G0 X110.649 Y114.59
G0 X111.3 Y114.405
G0 X114.48 Y115.463
G0 X115.397 Y115.728
G1 F2700 E143.04693
G1 F1029.2 X115.448 Y115.551 E143.05586
G1 X115.555 Y115.439 E143.06337
G1 X115.698 Y115.399 E143.07057
G1 X115.841 Y115.439 E143.07777
G1 X115.949 Y115.551 E143.08531
G1 X116.002 Y115.731 E143.09441
G1 X115.935 Y115.996 E143.10766
G1 X115.776 Y116.208 E143.1205
G1 X115.636 Y116.21 E143.12729
G1 X115.464 Y115.984 E143.14106
G1 X115.397 Y115.728 E143.15389
G1 F2700 E138.15389
G0 F9000 X114.48 Y115.463
G0 X114.598 Y115.062
G0 X115.049 Y114.59
G0 X115.7 Y114.405
G0 X118.881 Y115.46
G0 X119.799 Y115.727
G1 F2700 E143.15389
G1 F1027.4 X119.849 Y115.551 E143.16277
G1 X119.957 Y115.436 E143.17043
G1 X120.098 Y115.396 E143.17755
G1 X120.239 Y115.436 E143.18467
G1 X120.348 Y115.551 E143.19236
G1 X120.402 Y115.732 E143.20153
G1 X120.339 Y115.99 E143.21443
G1 X120.175 Y116.206 E143.2276
G1 X120.039 Y116.209 E143.23421
G1 X119.861 Y115.986 E143.24806
G1 X119.799 Y115.727 E143.26099
G1 F2700 E138.26099
G0 F9000 X118.881 Y115.46
G0 X118.999 Y115.061
G0 X119.449 Y114.589
G0 X120.1 Y114.404
G0 X123.281 Y115.46
G0 X124.199 Y115.727
G1 F2700 E143.26099
G1 F1027.4 X124.249 Y115.551 E143.26988
G1 X124.357 Y115.436 E143.27754
G1 X124.498 Y115.396 E143.28466
G1 X124.639 Y115.436 E143.29177
G1 X124.748 Y115.551 E143.29947
G1 X124.802 Y115.732 E143.30864
G1 X124.739 Y115.99 E143.32154
G1 X124.575 Y116.206 E143.33471
G1 X124.439 Y116.209 E143.34131
G1 X124.261 Y115.986 E143.35517
G1 X124.199 Y115.727 E143.3681
G1 F2700 E138.3681
G0 F9000 X123.281 Y115.46
G0 X123.399 Y115.061
G0 X123.849 Y114.589
G0 X124.5 Y114.404
G0 X127.681 Y115.46
G0 X128.599 Y115.727
G1 F2700 E143.3681
G1 F1027.4 X128.649 Y115.551 E143.37698
G1 X128.757 Y115.436 E143.38465
G1 X128.898 Y115.396 E143.39176
G1 X129.039 Y115.436 E143.39888
G1 X129.148 Y115.551 E143.40657
G1 X129.202 Y115.732 E143.41575
G1 X129.139 Y115.99 E143.42864
G1 X128.975 Y116.206 E143.44181
G1 X128.839 Y116.209 E143.44842
G1 X128.661 Y115.986 E143.46227
G1 X128.599 Y115.727 E143.47521
G1 F2700 E138.47521
G0 F9000 X127.681 Y115.46
G0 X127.799 Y115.061
G0 X128.249 Y114.589
G0 X128.9 Y114.404
G0 X132.081 Y115.46
G0 X132.999 Y115.727
G1 F2700 E143.47521
G1 F1027.4 X133.049 Y115.551 E143.48409
G1 X133.157 Y115.436 E143.49175
G1 X133.298 Y115.396 E143.49887
G1 X133.439 Y115.436 E143.50599
G1 X133.548 Y115.551 E143.51368
G1 X133.602 Y115.732 E143.52285
G1 X133.539 Y115.99 E143.53575
G1 X133.375 Y116.206 E143.54892
G1 X133.239 Y116.209 E143.55552
G1 X133.061 Y115.986 E143.56938
G1 X132.999 Y115.727 E143.58231
G1 F2700 E138.58231
G0 F9000 X132.081 Y115.46
G0 X132.199 Y115.061
G0 X132.649 Y114.589
G0 X133.3 Y114.404
G0 X136.481 Y115.46
G0 X137.399 Y115.727
G1 F2700 E143.58231
G1 F1027.4 X137.449 Y115.551 E143.5912
G1 X137.557 Y115.436 E143.59886
G1 X137.698 Y115.396 E143.60597
G1 X137.839 Y115.436 E143.61309
G1 X137.948 Y115.551 E143.62079
G1 X138.002 Y115.732 E143.62996
G1 X137.939 Y115.99 E143.64285
G1 X137.775 Y116.206 E143.65602
G1 X137.639 Y116.209 E143.66263
G1 X137.461 Y115.986 E143.67649
G1 X137.399 Y115.727 E143.68942
G1 F2700 E138.68942
G0 F9000 X136.481 Y115.46
G0 X136.599 Y115.061
G0 X137.049 Y114.589
G0 X137.7 Y114.404
G0 X140.881 Y115.46
G0 X141.799 Y115.727
G1 F2700 E143.68942
G1 F1027.4 X141.849 Y115.551 E143.6983
G1 X141.957 Y115.436 E143.70596
G1 X142.098 Y115.396 E143.71308
G1 X142.239 Y115.436 E143.7202
G1 X142.348 Y115.551 E143.72789
G1 X142.402 Y115.732 E143.73706
G1 X142.339 Y115.99 E143.74996
G1 X142.175 Y116.206 E143.76313
G1 X142.039 Y116.209 E143.76974
G1 X141.861 Y115.986 E143.78359
G1 X141.799 Y115.727 E143.79652
G1 F2700 E138.79652
G0 F9000 X140.881 Y115.46
G0 X140.999 Y115.061
G0 X141.449 Y114.589
G0 X142.1 Y114.404
G0 X145.281 Y115.46
G0 X146.199 Y115.727
G1 F2700 E143.79652
G1 F1027.4 X146.249 Y115.551 E143.80541
G1 X146.357 Y115.436 E143.81307
G1 X146.498 Y115.396 E143.82019
G1 X146.639 Y115.436 E143.8273
G1 X146.748 Y115.551 E143.835
G1 X146.802 Y115.732 E143.84417
G1 X146.739 Y115.99 E143.85707
G1 X146.575 Y116.206 E143.87024
G1 X146.439 Y116.209 E143.87684
G1 X146.261 Y115.986 E143.8907
G1 X146.199 Y115.727 E143.90363
G1 F2700 E138.90363
G0 F9000 X145.281 Y115.46
G0 X145.399 Y115.061
G0 X145.849 Y114.589
G0 X146.5 Y114.404
G0 X149.681 Y115.46
G0 X150.599 Y115.727
G1 F2700 E143.90363
G1 F1027.4 X150.649 Y115.551 E143.91251
G1 X150.757 Y115.436 E143.92018
G1 X150.898 Y115.396 E143.92729
G1 X151.039 Y115.436 E143.93441
G1 X151.148 Y115.551 E143.9421
G1 X151.202 Y115.732 E143.95128
G1 X151.139 Y115.99 E143.96417
G1 X150.975 Y116.206 E143.97734
G1 X150.839 Y116.209 E143.98395
G1 X150.661 Y115.986 E143.9978
G1 X150.599 Y115.727 E144.01074
G1 F2700 E139.01074
G0 F9000 X149.681 Y115.46
G0 X149.799 Y115.061
G0 X150.249 Y114.589
G0 X150.9 Y114.404
G0 X154.081 Y115.46
G0 X154.999 Y115.727
G1 F2700 E144.01074
G1 F1027.4 X155.049 Y115.551 E144.01962
G1 X155.157 Y115.436 E144.02728
G1 X155.298 Y115.396 E144.0344
G1 X155.439 Y115.436 E144.04152
G1 X155.548 Y115.551 E144.04921
G1 X155.602 Y115.732 E144.05838
G1 X155.539 Y115.99 E144.07128
G1 X155.375 Y116.206 E144.08445
G1 X155.239 Y116.209 E144.09105
G1 X155.061 Y115.986 E144.10491
G1 X154.999 Y115.727 E144.11784
G1 F2700 E139.11784
G0 F9000 X154.081 Y115.46
G0 X154.199 Y115.061
G0 X154.649 Y114.589
G0 X155.3 Y114.404
G0 X158.481 Y115.46
G0 X159.399 Y115.727
G1 F2700 E144.11784
G1 F1027.4 X159.449 Y115.551 E144.12673
G1 X159.557 Y115.436 E144.13439
G1 X159.698 Y115.396 E144.1415
G1 X159.839 Y115.436 E144.14862
G1 X159.948 Y115.551 E144.15632
G1 X160.002 Y115.732 E144.16549
G1 X159.939 Y115.99 E144.17838
G1 X159.775 Y116.206 E144.19155
G1 X159.639 Y116.209 E144.19816
G1 X159.461 Y115.986 E144.21202
G1 X159.399 Y115.727 E144.22495
G1 F2700 E139.22495
G0 F9000 X158.481 Y115.46
G0 X158.599 Y115.061
G0 X159.049 Y114.589
G0 X159.7 Y114.404
G0 X162.881 Y115.46
G0 X163.799 Y115.727
G1 F2700 E144.22495
G1 F1027.4 X163.849 Y115.551 E144.23383
G1 X163.957 Y115.436 E144.24149
G1 X164.098 Y115.396 E144.24861
G1 X164.239 Y115.436 E144.25573
G1 X164.348 Y115.551 E144.26342
G1 X164.402 Y115.732 E144.27259
G1 X164.339 Y115.99 E144.28549
G1 X164.175 Y116.206 E144.29866
G1 X164.039 Y116.209 E144.30527
G1 X163.861 Y115.986 E144.31912
G1 X163.799 Y115.727 E144.33205
G1 F2700 E139.33205
G0 F9000 X162.881 Y115.46
G0 X162.999 Y115.061
G0 X163.449 Y114.589
G0 X164.1 Y114.404
G0 X167.281 Y115.46
G0 X168.199 Y115.727
G1 F2700 E144.33205
G1 F1027.4 X168.249 Y115.551 E144.34094
G1 X168.357 Y115.436 E144.3486
G1 X168.498 Y115.396 E144.35572
G1 X168.639 Y115.436 E144.36283
G1 X168.748 Y115.551 E144.37053
G1 X168.802 Y115.732 E144.3797
G1 X168.739 Y115.99 E144.3926
G1 X168.575 Y116.206 E144.40577
G1 X168.439 Y116.209 E144.41237
G1 X168.261 Y115.986 E144.42623
G1 X168.199 Y115.727 E144.43916
G1 F2700 E139.43916
G0 F9000 X167.281 Y115.46
G0 X167.399 Y115.061
G0 X167.849 Y114.589
G0 X168.5 Y114.404
G0 X171.681 Y115.46
G0 X172.599 Y115.727
G1 F2700 E144.43916
G1 F1027.4 X172.649 Y115.551 E144.44804
G1 X172.757 Y115.436 E144.45571
G1 X172.898 Y115.396 E144.46282
G1 X173.039 Y115.436 E144.46994
G1 X173.148 Y115.551 E144.47763
G1 X173.202 Y115.732 E144.48681
G1 X173.139 Y115.99 E144.4997
G1 X172.975 Y116.206 E144.51287
G1 X172.839 Y116.209 E144.51948
G1 X172.661 Y115.986 E144.53333
G1 X172.599 Y115.727 E144.54627
G1 F2700 E139.54627
G0 F9000 X171.681 Y115.46
G0 X171.799 Y115.061
G0 X172.249 Y114.589
G0 X172.9 Y114.404
G0 X176.081 Y115.46
G0 X176.999 Y115.727
G1 F2700 E144.54627
G1 F1027.4 X177.049 Y115.551 E144.55515
G1 X177.157 Y115.436 E144.56281
G1 X177.298 Y115.396 E144.56993
G1 X177.439 Y115.436 E144.57705
G1 X177.548 Y115.551 E144.58474
G1 X177.602 Y115.732 E144.59391
G1 X177.539 Y115.99 E144.60681
G1 X177.375 Y116.206 E144.61998
G1 X177.239 Y116.209 E144.62658
G1 X177.061 Y115.986 E144.64044
G1 X176.999 Y115.727 E144.65337
G1 F2700 E139.65337
G0 F9000 X176.081 Y115.46
G0 X176.199 Y115.061
G0 X176.649 Y114.589
G0 X177.3 Y114.404
G0 X180.481 Y115.46
G0 X181.399 Y115.727
G1 F2700 E144.65337
G1 F1027.4 X181.449 Y115.551 E144.66226
G1 X181.557 Y115.436 E144.66992
G1 X181.698 Y115.396 E144.67703
G1 X181.839 Y115.436 E144.68415
G1 X181.948 Y115.551 E144.69185
G1 X182.002 Y115.732 E144.70102
G1 X181.939 Y115.99 E144.71392
G1 X181.775 Y116.206 E144.72708
G1 X181.639 Y116.209 E144.73369
G1 X181.461 Y115.986 E144.74755
G1 X181.399 Y115.727 E144.76048
G1 F2700 E139.76048
G0 F9000 X180.481 Y115.46
G0 X180.599 Y115.061
G0 X181.049 Y114.589
G0 X181.7 Y114.404
G0 X182.227 Y114.553
G0 X184.081 Y115.46
G0 X184.999 Y115.727
G1 F2700 E144.76048
G1 F1027.4 X185.049 Y115.551 E144.76936
G1 X185.157 Y115.436 E144.77702
G1 X185.298 Y115.396 E144.78414
G1 X185.439 Y115.436 E144.79126
G1 X185.548 Y115.551 E144.79895
G1 X185.602 Y115.732 E144.80812
G1 X185.539 Y115.99 E144.82102
G1 X185.375 Y116.206 E144.83419
G1 X185.239 Y116.209 E144.8408
G1 X185.061 Y115.986 E144.85465
G1 X184.999 Y115.727 E144.86758
G1 F2700 E139.86758
;MESH:middle_union.STL
G0 F9000 X184.171 Y116.357
G0 X184.474 Y116.77
G0 X117.5 Y119.64
;TYPE:WALL-INNER
G1 F2700 E144.86758
G1 F1500 X184.618 Y119.64 E147.09994
G1 X184.624 Y119.318 E147.11065
G1 X184.66 Y118.675 E147.13207
G1 X184.68 Y118.032 E147.15347
G1 X50.317 Y118.036 E151.6224
G1 X50.336 Y118.694 E151.64429
G1 X50.372 Y119.338 E151.66574
G1 X50.379 Y119.64 E151.67579
G1 X117.5 Y119.64 E153.90825
G0 F9000 X117.5 Y120.04
;TYPE:WALL-OUTER
G1 F1500 X185.011 Y120.04 E156.15367
G1 X185.024 Y119.34 E156.17696
G1 X185.06 Y118.688 E156.19868
G1 X185.093 Y117.632 E156.23382
G1 X49.906 Y117.636 E160.73015
G1 X49.936 Y118.716 E160.76609
G1 X49.972 Y119.347 E160.78711
G1 X49.988 Y120.04 E160.81016
G1 X117.5 Y120.04 E163.05562
G1 F2700 E158.05562
G0 F9000 X117.5 Y119.732
G0 X51.144 Y119.44
G0 X51.144 Y118.838
;TYPE:SKIN
G1 F2700 E163.05562
G1 F1239.7 X117.493 Y118.837 E165.72582
G1 F1234.6 X183.842 Y118.836 E168.40706
G1 F2700 E163.40706
G0 F9000 X183.842 Y119.44
G0 X117.5 Y119.28
G1 F2700 E168.40706
G1 F1500 X50.726 Y119.28 E170.62797
G1 X50.685 Y118.396 E170.6574
G1 X184.306 Y118.392 E175.10165
G1 X184.268 Y119.28 E175.13122
G1 X117.5 Y119.28 E177.35193
G1 F2700 E172.35193
;MESH:NONMESH
G0 F300 X117.5 Y119.28 Z1
G0 F9000 X117.5 Y119.54
G0 X50.548 Y119.469
G0 X50.483 Y118.235
G0 X49.586 Y115.667
;TIME_ELAPSED:356.988634
;LAYER:4
;TYPE:SUPPORT
G1 F2700 E177.35193
G1 F1398.6 X49.699 Y115.635 E177.35612
G1 X49.813 Y115.667 E177.36034
G1 X49.894 Y115.753 E177.36456
G1 X49.928 Y115.867 E177.3688
G1 X49.897 Y115.976 E177.37284
G1 X49.815 Y116.058 E177.37698
G1 X49.699 Y116.092 E177.38129
G1 X49.598 Y116.059 E177.38508
G1 X49.498 Y115.961 E177.39008
G1 X49.468 Y115.86 E177.39383
G1 X49.499 Y115.756 E177.39771
G1 X49.586 Y115.667 E177.40215
G1 F2700 E172.40215
G0 F9000 X50.333 Y114.941
G0 X53.028 Y115.616
G0 X53.868 Y115.86
G1 F2700 E177.40215
G1 F1398.6 X53.899 Y115.756 E177.40602
G1 X53.986 Y115.667 E177.41046
G1 X54.099 Y115.635 E177.41465
G1 X54.213 Y115.667 E177.41887
G1 X54.294 Y115.753 E177.42308
G1 X54.328 Y115.867 E177.42733
G1 X54.297 Y115.976 E177.43137
G1 X54.215 Y116.058 E177.43551
G1 X54.099 Y116.092 E177.43982
G1 X53.998 Y116.059 E177.44361
G1 X53.898 Y115.961 E177.4486
G1 X53.868 Y115.86 E177.45236
G1 F2700 E172.45236
G0 F9000 X55.138 Y115.499
G0 X57.428 Y115.616
G0 X58.268 Y115.86
G1 F2700 E177.45236
G1 F1398.6 X58.299 Y115.756 E177.45623
G1 X58.386 Y115.667 E177.46067
G1 X58.499 Y115.635 E177.46486
G1 X58.613 Y115.667 E177.46908
G1 X58.694 Y115.753 E177.4733
G1 X58.728 Y115.867 E177.47754
G1 X58.697 Y115.976 E177.48159
G1 X58.615 Y116.058 E177.48572
G1 X58.499 Y116.092 E177.49003
G1 X58.398 Y116.059 E177.49382
G1 X58.298 Y115.961 E177.49882
G1 X58.268 Y115.86 E177.50258
G1 F2700 E172.50258
G0 F9000 X59.538 Y115.499
G0 X61.828 Y115.616
G0 X62.668 Y115.86
G1 F2700 E177.50258
G1 F1398.6 X62.699 Y115.756 E177.50645
G1 X62.786 Y115.667 E177.51089
G1 X62.899 Y115.635 E177.51508
G1 X63.013 Y115.667 E177.5193
G1 X63.094 Y115.753 E177.52352
G1 X63.128 Y115.867 E177.52776
G1 X63.097 Y115.976 E177.5318
G1 X63.015 Y116.058 E177.53594
G1 X62.899 Y116.092 E177.54025
G1 X62.798 Y116.059 E177.54404
G1 X62.698 Y115.961 E177.54903
G1 X62.668 Y115.86 E177.55279
G1 F2700 E172.55279
G0 F9000 X63.938 Y115.499
G0 X66.228 Y115.616
G0 X67.068 Y115.86
G1 F2700 E177.55279
G1 F1398.6 X67.099 Y115.756 E177.55666
G1 X67.186 Y115.667 E177.5611
G1 X67.299 Y115.635 E177.56529
G1 X67.413 Y115.667 E177.56952
G1 X67.494 Y115.753 E177.57373
G1 X67.528 Y115.867 E177.57797
G1 X67.497 Y115.976 E177.58202
G1 X67.415 Y116.058 E177.58615
G1 X67.299 Y116.092 E177.59047
G1 X67.198 Y116.059 E177.59426
G1 X67.098 Y115.961 E177.59925
G1 X67.068 Y115.86 E177.60301
G1 F2700 E172.60301
G0 F9000 X68.338 Y115.499
G0 X70.628 Y115.616
G0 X71.468 Y115.86
G1 F2700 E177.60301
G1 F1398.6 X71.499 Y115.756 E177.60688
G1 X71.586 Y115.667 E177.61132
G1 X71.699 Y115.635 E177.61551
G1 X71.813 Y115.667 E177.61973
G1 X71.894 Y115.753 E177.62395
G1 X71.928 Y115.867 E177.62819
G1 X71.897 Y115.976 E177.63223
G1 X71.815 Y116.058 E177.63637
G1 X71.699 Y116.092 E177.64068
G1 X71.598 Y116.059 E177.64447
G1 X71.498 Y115.961 E177.64947
G1 X71.468 Y115.86 E177.65322
G1 F2700 E172.65322
G0 F9000 X72.738 Y115.499
G0 X75.028 Y115.616
G0 X75.868 Y115.86
G1 F2700 E177.65322
G1 F1398.6 X75.899 Y115.756 E177.6571
G1 X75.986 Y115.667 E177.66154
G1 X76.099 Y115.635 E177.66572
G1 X76.213 Y115.667 E177.66995
G1 X76.294 Y115.753 E177.67416
G1 X76.328 Y115.867 E177.67841
G1 X76.297 Y115.976 E177.68245
G1 X76.215 Y116.058 E177.68659
G1 X76.099 Y116.092 E177.6909
G1 X75.998 Y116.059 E177.69469
G1 X75.898 Y115.961 E177.69968
G1 X75.868 Y115.86 E177.70344
G1 F2700 E172.70344
G0 F9000 X77.138 Y115.499
G0 X79.428 Y115.616
G0 X80.268 Y115.86
G1 F2700 E177.70344
G1 F1398.6 X80.299 Y115.756 E177.70731
G1 X80.386 Y115.667 E177.71175
G1 X80.499 Y115.635 E177.71594
G1 X80.613 Y115.667 E177.72016
G1 X80.694 Y115.753 E177.72438
G1 X80.728 Y115.867 E177.72862
G1 X80.697 Y115.976 E177.73266
G1 X80.615 Y116.058 E177.7368
G1 X80.499 Y116.092 E177.74111
G1 X80.398 Y116.059 E177.7449
G1 X80.298 Y115.961 E177.7499
G1 X80.268 Y115.86 E177.75366
G1 F2700 E172.75366
G0 F9000 X81.538 Y115.499
G0 X83.828 Y115.616
G0 X84.668 Y115.86
G1 F2700 E177.75366
G1 F1398.6 X84.699 Y115.756 E177.75753
G1 X84.786 Y115.667 E177.76197
G1 X84.899 Y115.635 E177.76616
G1 X85.013 Y115.667 E177.77038
G1 X85.094 Y115.753 E177.77459
G1 X85.128 Y115.867 E177.77884
G1 X85.097 Y115.976 E177.78288
G1 X85.015 Y116.058 E177.78702
G1 X84.899 Y116.092 E177.79133
G1 X84.798 Y116.059 E177.79512
G1 X84.698 Y115.961 E177.80011
G1 X84.668 Y115.86 E177.80387
G1 F2700 E172.80387
G0 F9000 X85.938 Y115.499
G0 X88.228 Y115.616
G0 X89.068 Y115.86
G1 F2700 E177.80387
G1 F1398.6 X89.099 Y115.756 E177.80774
G1 X89.186 Y115.667 E177.81218
G1 X89.299 Y115.635 E177.81637
G1 X89.413 Y115.667 E177.8206
G1 X89.494 Y115.753 E177.82481
G1 X89.528 Y115.867 E177.82905
G1 X89.497 Y115.976 E177.8331
G1 X89.415 Y116.058 E177.83723
G1 X89.299 Y116.092 E177.84154
G1 X89.198 Y116.059 E177.84533
G1 X89.098 Y115.961 E177.85033
G1 X89.068 Y115.86 E177.85409
G1 F2700 E172.85409
G0 F9000 X90.338 Y115.499
G0 X92.628 Y115.616
G0 X93.468 Y115.86
G1 F2700 E177.85409
G1 F1398.6 X93.499 Y115.756 E177.85796
G1 X93.586 Y115.667 E177.8624
G1 X93.699 Y115.635 E177.86659
G1 X93.813 Y115.667 E177.87081
G1 X93.894 Y115.753 E177.87503
G1 X93.928 Y115.867 E177.87927
G1 X93.897 Y115.976 E177.88331
G1 X93.815 Y116.058 E177.88745
G1 X93.699 Y116.092 E177.89176
G1 X93.598 Y116.059 E177.89555
G1 X93.498 Y115.961 E177.90055
G1 X93.468 Y115.86 E177.9043
G1 F2700 E172.9043
G0 F9000 X94.738 Y115.499
G0 X97.028 Y115.616
G0 X97.868 Y115.86
G1 F2700 E177.9043
G1 F1398.6 X97.899 Y115.756 E177.90817
G1 X97.986 Y115.667 E177.91261
G1 X98.099 Y115.635 E177.9168
G1 X98.213 Y115.667 E177.92103
G1 X98.294 Y115.753 E177.92524
G1 X98.328 Y115.867 E177.92949
G1 X98.297 Y115.976 E177.93353
G1 X98.215 Y116.058 E177.93766
G1 X98.099 Y116.092 E177.94198
G1 X97.998 Y116.059 E177.94577
G1 X97.898 Y115.961 E177.95076
G1 X97.868 Y115.86 E177.95452
G1 F2700 E172.95452
G0 F9000 X99.138 Y115.499
G0 X101.428 Y115.616
G0 X102.268 Y115.86
G1 F2700 E177.95452
G1 F1398.6 X102.299 Y115.756 E177.95839
G1 X102.386 Y115.667 E177.96283
G1 X102.499 Y115.635 E177.96702
G1 X102.613 Y115.667 E177.97124
G1 X102.694 Y115.753 E177.97546
G1 X102.728 Y115.867 E177.9797
G1 X102.697 Y115.976 E177.98374
G1 X102.615 Y116.058 E177.98788
G1 X102.499 Y116.092 E177.99219
G1 X102.398 Y116.059 E177.99598
G1 X102.298 Y115.961 E178.00098
G1 X102.268 Y115.86 E178.00474
G1 F2700 E173.00474
G0 F9000 X103.538 Y115.499
G0 X105.828 Y115.616
G0 X106.668 Y115.86
G1 F2700 E178.00474
G1 F1398.6 X106.699 Y115.756 E178.00861
G1 X106.786 Y115.667 E178.01305
G1 X106.899 Y115.635 E178.01724
G1 X107.013 Y115.667 E178.02146
G1 X107.094 Y115.753 E178.02567
G1 X107.128 Y115.867 E178.02992
G1 X107.097 Y115.976 E178.03396
G1 X107.015 Y116.058 E178.0381
G1 X106.899 Y116.092 E178.04241
G1 X106.798 Y116.059 E178.0462
G1 X106.698 Y115.961 E178.05119
G1 X106.668 Y115.86 E178.05495
G1 F2700 E173.05495
G0 F9000 X107.938 Y115.499
G0 X110.228 Y115.616
G0 X111.068 Y115.86
G1 F2700 E178.05495
G1 F1398.6 X111.099 Y115.756 E178.05882
G1 X111.186 Y115.667 E178.06326
G1 X111.299 Y115.635 E178.06745
G1 X111.413 Y115.667 E178.07168
G1 X111.494 Y115.753 E178.07589
G1 X111.528 Y115.867 E178.08013
G1 X111.497 Y115.976 E178.08418
G1 X111.415 Y116.058 E178.08831
G1 X111.299 Y116.092 E178.09262
G1 X111.198 Y116.059 E178.09641
G1 X111.098 Y115.961 E178.10141
G1 X111.068 Y115.86 E178.10517
G1 F2700 E173.10517
G0 F9000 X112.338 Y115.499
G0 X114.628 Y115.616
G0 X115.468 Y115.86
G1 F2700 E178.10517
G1 F1398.6 X115.499 Y115.756 E178.10904
G1 X115.586 Y115.667 E178.11348
G1 X115.699 Y115.635 E178.11767
G1 X115.813 Y115.667 E178.12189
G1 X115.894 Y115.753 E178.12611
G1 X115.928 Y115.867 E178.13035
G1 X115.897 Y115.976 E178.13439
G1 X115.815 Y116.058 E178.13853
G1 X115.699 Y116.092 E178.14284
G1 X115.598 Y116.059 E178.14663
G1 X115.498 Y115.961 E178.15162
G1 X115.468 Y115.86 E178.15538
G1 F2700 E173.15538
G0 F9000 X116.738 Y115.499
G0 X119.028 Y115.616
G0 X119.868 Y115.86
G1 F2700 E178.15538
G1 F1398.6 X119.899 Y115.756 E178.15925
G1 X119.986 Y115.667 E178.16369
G1 X120.099 Y115.635 E178.16788
G1 X120.213 Y115.667 E178.17211
G1 X120.294 Y115.753 E178.17632
G1 X120.328 Y115.867 E178.18056
G1 X120.297 Y115.976 E178.18461
G1 X120.215 Y116.058 E178.18874
G1 X120.099 Y116.092 E178.19306
G1 X119.998 Y116.059 E178.19685
G1 X119.898 Y115.961 E178.20184
G1 X119.868 Y115.86 E178.2056
G1 F2700 E173.2056
G0 F9000 X121.138 Y115.499
G0 X123.428 Y115.616
G0 X124.268 Y115.86
G1 F2700 E178.2056
G1 F1398.6 X124.299 Y115.756 E178.20947
G1 X124.386 Y115.667 E178.21391
G1 X124.499 Y115.635 E178.2181
G1 X124.613 Y115.667 E178.22232
G1 X124.694 Y115.753 E178.22654
G1 X124.728 Y115.867 E178.23078
G1 X124.697 Y115.976 E178.23482
G1 X124.615 Y116.058 E178.23896
G1 X124.499 Y116.092 E178.24327
G1 X124.398 Y116.059 E178.24706
G1 X124.298 Y115.961 E178.25206
G1 X124.268 Y115.86 E178.25581
G1 F2700 E173.25581
G0 F9000 X125.538 Y115.499
G0 X127.828 Y115.616
G0 X128.668 Y115.86
G1 F2700 E178.25581
G1 F1398.6 X128.699 Y115.756 E178.25969
G1 X128.786 Y115.667 E178.26413
G1 X128.899 Y115.635 E178.26831
G1 X129.013 Y115.667 E178.27254
G1 X129.094 Y115.753 E178.27675
G1 X129.128 Y115.867 E178.281
G1 X129.097 Y115.976 E178.28504
G1 X129.015 Y116.058 E178.28918
G1 X128.899 Y116.092 E178.29349
G1 X128.798 Y116.059 E178.29728
G1 X128.698 Y115.961 E178.30227
G1 X128.668 Y115.86 E178.30603
G1 F2700 E173.30603
G0 F9000 X129.938 Y115.499
G0 X132.228 Y115.616
G0 X133.068 Y115.86
G1 F2700 E178.30603
G1 F1398.6 X133.099 Y115.756 E178.3099
G1 X133.186 Y115.667 E178.31434
G1 X133.299 Y115.635 E178.31853
G1 X133.413 Y115.667 E178.32275
G1 X133.494 Y115.753 E178.32697
G1 X133.528 Y115.867 E178.33121
G1 X133.497 Y115.976 E178.33525
G1 X133.415 Y116.058 E178.33939
G1 X133.299 Y116.092 E178.3437
G1 X133.198 Y116.059 E178.34749
G1 X133.098 Y115.961 E178.35249
G1 X133.068 Y115.86 E178.35625
G1 F2700 E173.35625
G0 F9000 X134.338 Y115.499
G0 X136.628 Y115.616
G0 X137.468 Y115.86
G1 F2700 E178.35625
G1 F1398.6 X137.499 Y115.756 E178.36012
G1 X137.586 Y115.667 E178.36456
G1 X137.699 Y115.635 E178.36875
G1 X137.813 Y115.667 E178.37297
G1 X137.894 Y115.753 E178.37718
G1 X137.928 Y115.867 E178.38143
G1 X137.897 Y115.976 E178.38547
G1 X137.815 Y116.058 E178.38961
G1 X137.699 Y116.092 E178.39392
G1 X137.598 Y116.059 E178.39771
G1 X137.498 Y115.961 E178.4027
G1 X137.468 Y115.86 E178.40646
G1 F2700 E173.40646
G0 F9000 X138.738 Y115.499
G0 X141.028 Y115.616
G0 X141.868 Y115.86
G1 F2700 E178.40646
G1 F1398.6 X141.899 Y115.756 E178.41033
G1 X141.986 Y115.667 E178.41477
G1 X142.099 Y115.635 E178.41896
G1 X142.213 Y115.667 E178.42319
G1 X142.294 Y115.753 E178.4274
G1 X142.328 Y115.867 E178.43164
G1 X142.297 Y115.976 E178.43569
G1 X142.215 Y116.058 E178.43982
G1 X142.099 Y116.092 E178.44413
G1 X141.998 Y116.059 E178.44793
G1 X141.898 Y115.961 E178.45292
G1 X141.868 Y115.86 E178.45668
G1 F2700 E173.45668
G0 F9000 X143.138 Y115.499
G0 X145.428 Y115.616
G0 X146.268 Y115.86
G1 F2700 E178.45668
G1 F1398.6 X146.299 Y115.756 E178.46055
G1 X146.386 Y115.667 E178.46499
G1 X146.499 Y115.635 E178.46918
G1 X146.613 Y115.667 E178.4734
G1 X146.694 Y115.753 E178.47762
G1 X146.728 Y115.867 E178.48186
G1 X146.697 Y115.976 E178.4859
G1 X146.615 Y116.058 E178.49004
G1 X146.499 Y116.092 E178.49435
G1 X146.398 Y116.059 E178.49814
G1 X146.298 Y115.961 E178.50314
G1 X146.268 Y115.86 E178.50689
G1 F2700 E173.50689
G0 F9000 X147.538 Y115.499
G0 X149.828 Y115.616
G0 X150.668 Y115.86
G1 F2700 E178.50689
G1 F1398.6 X150.699 Y115.756 E178.51077
G1 X150.786 Y115.667 E178.5152
G1 X150.899 Y115.635 E178.51939
G1 X151.013 Y115.667 E178.52362
G1 X151.094 Y115.753 E178.52783
G1 X151.128 Y115.867 E178.53208
G1 X151.097 Y115.976 E178.53612
G1 X151.015 Y116.058 E178.54025
G1 X150.899 Y116.092 E178.54457
G1 X150.798 Y116.059 E178.54836
G1 X150.698 Y115.961 E178.55335
G1 X150.668 Y115.86 E178.55711
G1 F2700 E173.55711
G0 F9000 X151.938 Y115.499
G0 X154.228 Y115.616
G0 X155.068 Y115.86
G1 F2700 E178.55711
G1 F1398.6 X155.099 Y115.756 E178.56098
G1 X155.186 Y115.667 E178.56542
G1 X155.299 Y115.635 E178.56961
G1 X155.413 Y115.667 E178.57383
G1 X155.494 Y115.753 E178.57805
G1 X155.528 Y115.867 E178.58229
G1 X155.497 Y115.976 E178.58633
G1 X155.415 Y116.058 E178.59047
G1 X155.299 Y116.092 E178.59478
G1 X155.198 Y116.059 E178.59857
G1 X155.098 Y115.961 E178.60357
G1 X155.068 Y115.86 E178.60733
G1 F2700 E173.60733
G0 F9000 X156.338 Y115.499
G0 X158.628 Y115.616
G0 X159.468 Y115.86
G1 F2700 E178.60733
G1 F1398.6 X159.499 Y115.756 E178.6112
G1 X159.586 Y115.667 E178.61564
G1 X159.699 Y115.635 E178.61983
G1 X159.813 Y115.667 E178.62405
G1 X159.894 Y115.753 E178.62826
G1 X159.928 Y115.867 E178.63251
G1 X159.897 Y115.976 E178.63655
G1 X159.815 Y116.058 E178.64069
G1 X159.699 Y116.092 E178.645
G1 X159.598 Y116.059 E178.64879
G1 X159.498 Y115.961 E178.65378
G1 X159.468 Y115.86 E178.65754
G1 F2700 E173.65754
G0 F9000 X160.738 Y115.499
G0 X163.028 Y115.616
G0 X163.868 Y115.86
G1 F2700 E178.65754
G1 F1398.6 X163.899 Y115.756 E178.66141
G1 X163.986 Y115.667 E178.66585
G1 X164.099 Y115.635 E178.67004
G1 X164.213 Y115.667 E178.67427
G1 X164.294 Y115.753 E178.67848
G1 X164.328 Y115.867 E178.68272
G1 X164.297 Y115.976 E178.68677
G1 X164.215 Y116.058 E178.6909
G1 X164.099 Y116.092 E178.69521
G1 X163.998 Y116.059 E178.699
G1 X163.898 Y115.961 E178.704
G1 X163.868 Y115.86 E178.70776
G1 F2700 E173.70776
G0 F9000 X165.138 Y115.499
G0 X167.428 Y115.616
G0 X168.268 Y115.86
G1 F2700 E178.70776
G1 F1398.6 X168.299 Y115.756 E178.71163
G1 X168.386 Y115.667 E178.71607
G1 X168.499 Y115.635 E178.72026
G1 X168.613 Y115.667 E178.72448
G1 X168.694 Y115.753 E178.7287
G1 X168.728 Y115.867 E178.73294
G1 X168.697 Y115.976 E178.73698
G1 X168.615 Y116.058 E178.74112
G1 X168.499 Y116.092 E178.74543
G1 X168.398 Y116.059 E178.74922
G1 X168.298 Y115.961 E178.75421
G1 X168.268 Y115.86 E178.75797
G1 F2700 E173.75797
G0 F9000 X169.538 Y115.499
G0 X171.828 Y115.616
G0 X172.668 Y115.86
G1 F2700 E178.75797
G1 F1398.6 X172.699 Y115.756 E178.76184
G1 X172.786 Y115.667 E178.76628
G1 X172.899 Y115.635 E178.77047
G1 X173.013 Y115.667 E178.7747
G1 X173.094 Y115.753 E178.77891
G1 X173.128 Y115.867 E178.78315
G1 X173.097 Y115.976 E178.7872
G1 X173.015 Y116.058 E178.79133
G1 X172.899 Y116.092 E178.79565
G1 X172.798 Y116.059 E178.79944
G1 X172.698 Y115.961 E178.80443
G1 X172.668 Y115.86 E178.80819
G1 F2700 E173.80819
G0 F9000 X173.938 Y115.499
G0 X176.228 Y115.616
G0 X177.068 Y115.86
G1 F2700 E178.80819
G1 F1398.6 X177.099 Y115.756 E178.81206
G1 X177.186 Y115.667 E178.8165
G1 X177.299 Y115.635 E178.82069
G1 X177.413 Y115.667 E178.82491
G1 X177.494 Y115.753 E178.82913
G1 X177.528 Y115.867 E178.83337
G1 X177.497 Y115.976 E178.83741
G1 X177.415 Y116.058 E178.84155
G1 X177.299 Y116.092 E178.84586
G1 X177.198 Y116.059 E178.84965
G1 X177.098 Y115.961 E178.85465
G1 X177.068 Y115.86 E178.8584
G1 F2700 E173.8584
G0 F9000 X178.338 Y115.499
G0 X180.628 Y115.616
G0 X181.468 Y115.86
G1 F2700 E178.8584
G1 F1398.6 X181.499 Y115.756 E178.86228
G1 X181.586 Y115.667 E178.86672
G1 X181.699 Y115.635 E178.87091
G1 X181.813 Y115.667 E178.87513
G1 X181.894 Y115.753 E178.87934
G1 X181.928 Y115.867 E178.88359
G1 X181.897 Y115.976 E178.88763
G1 X181.815 Y116.058 E178.89177
G1 X181.699 Y116.092 E178.89608
G1 X181.598 Y116.059 E178.89987
G1 X181.498 Y115.961 E178.90486
G1 X181.468 Y115.86 E178.90862
G1 F2700 E173.90862
G0 F9000 X182.738 Y115.499
G0 X184.228 Y115.616
G0 X185.068 Y115.86
G1 F2700 E178.90862
G1 F1398.6 X185.099 Y115.756 E178.91249
G1 X185.186 Y115.667 E178.91693
G1 X185.299 Y115.635 E178.92112
G1 X185.413 Y115.667 E178.92534
G1 X185.494 Y115.753 E178.92956
G1 X185.528 Y115.867 E178.9338
G1 X185.497 Y115.976 E178.93784
G1 X185.415 Y116.058 E178.94198
G1 X185.299 Y116.092 E178.94629
G1 X185.198 Y116.059 E178.95008
G1 X185.098 Y115.961 E178.95508
G1 X185.068 Y115.86 E178.95884
G1 F2700 E173.95884
;MESH:middle_union.STL
G0 F9000 X184.479 Y117.912
G0 X117.5 Y119.64
;TYPE:WALL-INNER
G1 F2700 E178.95884
G1 F1500 X184.569 Y119.64 E181.18956
G1 X184.576 Y119.355 E181.19904
G1 X184.624 Y118.471 E181.22849
G1 X184.661 Y118.113 E181.24046
G1 X184.676 Y117.712 E181.25381
G1 X50.322 Y117.716 E185.72244
G1 X50.336 Y118.126 E185.73608
G1 X50.372 Y118.456 E185.74712
G1 X50.427 Y119.64 E185.78655
G1 X117.5 Y119.64 E188.0174
G0 F9000 X117.5 Y120.04
;TYPE:WALL-OUTER
G1 F1500 X184.96 Y120.04 E190.26113
G1 X184.976 Y119.377 E190.28319
G1 X185.025 Y118.483 E190.31297
G1 X185.06 Y118.141 E190.3244
G1 X185.092 Y117.312 E190.352
G1 X49.908 Y117.316 E194.84823
G1 X49.934 Y118.112 E194.87472
G1 X49.972 Y118.477 E194.88693
G1 X50.02 Y119.383 E194.9171
G1 X50.036 Y120.04 E194.93896
G1 X117.5 Y120.04 E197.18282
G0 F9000 X117.5 Y119.28
;TYPE:SKIN
G1 F1500 X50.775 Y119.28 E199.40211
G1 X50.728 Y118.381 E199.43205
G1 X50.693 Y118.077 E199.44223
G1 X184.299 Y118.073 E203.88598
G1 X184.268 Y118.397 E203.89681
G1 X184.218 Y119.279 E203.92619
G1 X117.5 Y119.28 E206.14524
G1 F2700 E201.14524
G0 F9000 X117.5 Y119.54
G0 X51.197 Y119.54
G0 X51.197 Y119.08
G1 F2700 E206.14524
G1 F1500 X50.95 Y118.832 E206.15688
G0 F9000 X50.96 Y118.277
G1 F1500 X51.763 Y119.08 E206.19465
G0 F9000 X52.329 Y119.08
G1 F1500 X51.526 Y118.277 E206.23242
G0 F9000 X52.092 Y118.277
G1 F1500 X52.894 Y119.08 E206.27017
G0 F9000 X53.46 Y119.08
G1 F1500 X52.658 Y118.277 E206.30792
G0 F9000 X53.223 Y118.277
G1 F1500 X54.026 Y119.08 E206.34569
G0 F9000 X54.591 Y119.08
G1 F1500 X53.789 Y118.277 E206.38343
G0 F9000 X54.355 Y118.277
G1 F1500 X55.157 Y119.08 E206.42118
G0 F9000 X55.723 Y119.08
G1 F1500 X54.92 Y118.277 E206.45895
G0 F9000 X55.486 Y118.277
G1 F1500 X56.289 Y119.08 E206.49672
G0 F9000 X56.854 Y119.08
G1 F1500 X56.052 Y118.277 E206.53447
G0 F9000 X56.617 Y118.277
G1 F1500 X57.42 Y119.08 E206.57224
G0 F9000 X57.986 Y119.08
G1 F1500 X57.183 Y118.277 E206.61001
G0 F9000 X57.749 Y118.277
G1 F1500 X58.551 Y119.08 E206.64776
G0 F9000 X59.117 Y119.08
G1 F1500 X58.314 Y118.277 E206.68553
G0 F9000 X58.88 Y118.277
G1 F1500 X59.683 Y119.08 E206.7233
G0 F9000 X60.248 Y119.08
G1 F1500 X59.446 Y118.277 E206.76105
G0 F9000 X60.011 Y118.277
G1 F1500 X60.814 Y119.08 E206.79882
G0 F9000 X61.38 Y119.08
G1 F1500 X60.577 Y118.277 E206.83659
G0 F9000 X61.143 Y118.277
G1 F1500 X61.945 Y119.08 E206.87433
G0 F9000 X62.511 Y119.08
G1 F1500 X61.709 Y118.277 E206.91208
G0 F9000 X62.274 Y118.277
G1 F1500 X63.077 Y119.08 E206.94985
G0 F9000 X63.642 Y119.08
G1 F1500 X62.84 Y118.277 E206.9876
G0 F9000 X63.406 Y118.277
G1 F1500 X64.208 Y119.08 E207.02535
G0 F9000 X64.774 Y119.08
G1 F1500 X63.971 Y118.277 E207.06312
G0 F9000 X64.537 Y118.277
G1 F1500 X65.339 Y119.08 E207.10086
G0 F9000 X65.905 Y119.08
G1 F1500 X65.103 Y118.277 E207.13861
G0 F9000 X65.668 Y118.277
G1 F1500 X66.471 Y119.08 E207.17638
G0 F9000 X67.037 Y119.08
G1 F1500 X66.234 Y118.277 E207.21415
G0 F9000 X66.8 Y118.277
G1 F1500 X67.602 Y119.08 E207.2519
G0 F9000 X68.168 Y119.08
G1 F1500 X67.365 Y118.277 E207.28967
G0 F9000 X67.931 Y118.277
G1 F1500 X68.734 Y119.08 E207.32744
G0 F9000 X69.299 Y119.08
G1 F1500 X68.497 Y118.277 E207.36519
G0 F9000 X69.062 Y118.277
G1 F1500 X69.865 Y119.08 E207.40296
G0 F9000 X70.431 Y119.08
G1 F1500 X69.628 Y118.277 E207.44073
G0 F9000 X70.194 Y118.277
G1 F1500 X70.996 Y119.08 E207.47848
G0 F9000 X71.562 Y119.08
G1 F1500 X70.759 Y118.277 E207.51625
G0 F9000 X71.325 Y118.277
G1 F1500 X72.128 Y119.08 E207.55402
G0 F9000 X72.693 Y119.08
G1 F1500 X71.891 Y118.277 E207.59176
G0 F9000 X72.457 Y118.277
G1 F1500 X73.259 Y119.08 E207.62951
G0 F9000 X73.825 Y119.08
G1 F1500 X73.022 Y118.277 E207.66728
G0 F9000 X73.587 Y118.276
G1 F1500 X74.39 Y119.08 E207.70508
G0 F9000 X74.956 Y119.08
G1 F1500 X74.153 Y118.276 E207.74287
G0 F9000 X74.719 Y118.276
G1 F1500 X75.522 Y119.08 E207.78067
G0 F9000 X76.088 Y119.08
G1 F1500 X75.284 Y118.276 E207.81848
G0 F9000 X75.85 Y118.276
G1 F1500 X76.653 Y119.08 E207.85628
G0 F9000 X77.219 Y119.08
G1 F1500 X76.416 Y118.276 E207.89407
G0 F9000 X76.981 Y118.276
G1 F1500 X77.785 Y119.08 E207.93189
G0 F9000 X78.35 Y119.08
G1 F1500 X77.547 Y118.276 E207.96968
G0 F9000 X78.113 Y118.276
G1 F1500 X78.916 Y119.08 E208.00748
G0 F9000 X79.482 Y119.08
G1 F1500 X78.678 Y118.276 E208.0453
G0 F9000 X79.244 Y118.276
G1 F1500 X80.047 Y119.08 E208.08309
G0 F9000 X80.613 Y119.08
G1 F1500 X79.81 Y118.276 E208.12088
G0 F9000 X80.375 Y118.276
G1 F1500 X81.179 Y119.08 E208.1587
G0 F9000 X81.744 Y119.08
G1 F1500 X80.941 Y118.276 E208.1965
G0 F9000 X81.507 Y118.276
G1 F1500 X82.31 Y119.08 E208.23429
G0 F9000 X82.876 Y119.08
G1 F1500 X82.072 Y118.276 E208.27211
G0 F9000 X82.638 Y118.276
G1 F1500 X83.441 Y119.08 E208.3099
G0 F9000 X84.007 Y119.08
G1 F1500 X83.204 Y118.276 E208.3477
G0 F9000 X83.77 Y118.276
G1 F1500 X84.573 Y119.08 E208.38549
G0 F9000 X85.138 Y119.08
G1 F1500 X84.335 Y118.276 E208.42328
G0 F9000 X84.901 Y118.276
G1 F1500 X85.704 Y119.08 E208.46108
G0 F9000 X86.27 Y119.08
G1 F1500 X85.467 Y118.276 E208.49887
G0 F9000 X86.032 Y118.276
G1 F1500 X86.836 Y119.08 E208.53669
G0 F9000 X87.401 Y119.08
G1 F1500 X86.598 Y118.276 E208.57448
G0 F9000 X87.164 Y118.276
G1 F1500 X87.967 Y119.08 E208.61228
G0 F9000 X88.533 Y119.08
G1 F1500 X87.729 Y118.276 E208.6501
G0 F9000 X88.295 Y118.276
G1 F1500 X89.098 Y119.08 E208.68789
G0 F9000 X89.664 Y119.08
G1 F1500 X88.861 Y118.276 E208.72568
G0 F9000 X89.426 Y118.276
G1 F1500 X90.23 Y119.08 E208.7635
G0 F9000 X90.795 Y119.08
G1 F1500 X89.992 Y118.276 E208.8013
G0 F9000 X90.558 Y118.276
G1 F1500 X91.361 Y119.08 E208.83909
G0 F9000 X91.927 Y119.08
G1 F1500 X91.123 Y118.276 E208.87691
G0 F9000 X91.689 Y118.276
G1 F1500 X92.492 Y119.08 E208.9147
G0 F9000 X93.058 Y119.08
G1 F1500 X92.255 Y118.276 E208.9525
G0 F9000 X92.82 Y118.276
G1 F1500 X93.624 Y119.08 E208.99031
G0 F9000 X94.189 Y119.08
G1 F1500 X93.386 Y118.276 E209.02811
G0 F9000 X93.952 Y118.276
G1 F1500 X94.755 Y119.08 E209.0659
G0 F9000 X95.321 Y119.08
G1 F1500 X94.518 Y118.276 E209.1037
G0 F9000 X95.083 Y118.276
G1 F1500 X95.887 Y119.08 E209.14151
G0 F9000 X96.452 Y119.08
G1 F1500 X95.648 Y118.276 E209.17933
G0 F9000 X96.214 Y118.276
G1 F1500 X97.018 Y119.08 E209.21715
G0 F9000 X97.584 Y119.08
G1 F1500 X96.78 Y118.276 E209.25497
G0 F9000 X97.345 Y118.276
G1 F1500 X98.149 Y119.08 E209.29279
G0 F9000 X98.715 Y119.08
G1 F1500 X97.911 Y118.276 E209.3306
G0 F9000 X98.477 Y118.276
G1 F1500 X99.281 Y119.08 E209.36842
G0 F9000 X99.846 Y119.08
G1 F1500 X99.042 Y118.276 E209.40624
G0 F9000 X99.608 Y118.276
G1 F1500 X100.412 Y119.08 E209.44406
G0 F9000 X100.978 Y119.08
G1 F1500 X100.174 Y118.276 E209.48187
G0 F9000 X100.739 Y118.276
G1 F1500 X101.543 Y119.08 E209.51969
G0 F9000 X102.109 Y119.08
G1 F1500 X101.305 Y118.276 E209.55751
G0 F9000 X101.871 Y118.276
G1 F1500 X102.675 Y119.08 E209.59533
G0 F9000 X103.24 Y119.08
G1 F1500 X102.436 Y118.276 E209.63314
G0 F9000 X103.002 Y118.276
G1 F1500 X103.806 Y119.08 E209.67096
G0 F9000 X104.372 Y119.08
G1 F1500 X103.568 Y118.276 E209.70878
G0 F9000 X104.133 Y118.276
G1 F1500 X104.937 Y119.08 E209.7466
G0 F9000 X105.503 Y119.08
G1 F1500 X104.699 Y118.276 E209.78442
G0 F9000 X105.265 Y118.276
G1 F1500 X106.069 Y119.08 E209.82223
G0 F9000 X106.635 Y119.08
G1 F1500 X105.831 Y118.276 E209.86005
G0 F9000 X106.396 Y118.276
G1 F1500 X107.2 Y119.08 E209.89787
G0 F9000 X107.766 Y119.08
G1 F1500 X106.962 Y118.276 E209.93569
G0 F9000 X107.528 Y118.276
G1 F1500 X108.332 Y119.08 E209.9735
G0 F9000 X108.897 Y119.08
G1 F1500 X108.093 Y118.276 E210.01132
G0 F9000 X108.659 Y118.276
G1 F1500 X109.463 Y119.08 E210.04914
G0 F9000 X110.029 Y119.08
G1 F1500 X109.225 Y118.276 E210.08696
G0 F9000 X109.79 Y118.276
G1 F1500 X110.594 Y119.08 E210.12477
G0 F9000 X111.16 Y119.08
G1 F1500 X110.356 Y118.276 E210.16259
G0 F9000 X110.922 Y118.276
G1 F1500 X111.726 Y119.08 E210.20041
G0 F9000 X112.291 Y119.08
G1 F1500 X111.487 Y118.276 E210.23823
G0 F9000 X112.053 Y118.276
G1 F1500 X112.857 Y119.08 E210.27605
G0 F9000 X113.423 Y119.08
G1 F1500 X112.619 Y118.276 E210.31386
G0 F9000 X113.184 Y118.276
G1 F1500 X113.988 Y119.08 E210.35168
G0 F9000 X114.554 Y119.08
G1 F1500 X113.75 Y118.276 E210.3895
G0 F9000 X114.316 Y118.276
G1 F1500 X115.12 Y119.08 E210.42732
G0 F9000 X115.685 Y119.08
G1 F1500 X114.882 Y118.276 E210.46511
G0 F9000 X115.447 Y118.276
G1 F1500 X116.251 Y119.08 E210.50293
G0 F9000 X116.817 Y119.08
G1 F1500 X116.013 Y118.276 E210.54075
G0 F9000 X116.579 Y118.276
G1 F1500 X117.383 Y119.08 E210.57856
G0 F9000 X117.948 Y119.079
G1 F1500 X117.144 Y118.276 E210.61636
G0 F9000 X117.709 Y118.275
G1 F1500 X118.513 Y119.079 E210.65418
G0 F9000 X119.079 Y119.079
G1 F1500 X118.275 Y118.275 E210.69199
G0 F9000 X118.841 Y118.275
G1 F1500 X119.645 Y119.079 E210.72981
G0 F9000 X120.21 Y119.079
G1 F1500 X119.406 Y118.275 E210.76763
G0 F9000 X119.972 Y118.275
G1 F1500 X120.776 Y119.079 E210.80545
G0 F9000 X121.342 Y119.079
G1 F1500 X120.538 Y118.275 E210.84326
G0 F9000 X121.103 Y118.275
G1 F1500 X121.907 Y119.079 E210.88108
G0 F9000 X122.473 Y119.079
G1 F1500 X121.669 Y118.275 E210.9189
G0 F9000 X122.235 Y118.275
G1 F1500 X123.039 Y119.079 E210.95672
G0 F9000 X123.604 Y119.079
G1 F1500 X122.8 Y118.275 E210.99453
G0 F9000 X123.366 Y118.275
G1 F1500 X124.17 Y119.079 E211.03235
G0 F9000 X124.736 Y119.079
G1 F1500 X123.932 Y118.275 E211.07017
G0 F9000 X124.497 Y118.275
G1 F1500 X125.301 Y119.079 E211.10799
G0 F9000 X125.867 Y119.079
G1 F1500 X125.063 Y118.275 E211.14581
G0 F9000 X125.629 Y118.275
G1 F1500 X126.433 Y119.079 E211.18362
G0 F9000 X126.998 Y119.079
G1 F1500 X126.195 Y118.275 E211.22142
G0 F9000 X126.76 Y118.275
G1 F1500 X127.564 Y119.079 E211.25923
G0 F9000 X128.13 Y119.079
G1 F1500 X127.326 Y118.275 E211.29705
G0 F9000 X127.892 Y118.275
G1 F1500 X128.696 Y119.079 E211.33487
G0 F9000 X129.261 Y119.079
G1 F1500 X128.457 Y118.275 E211.37269
G0 F9000 X129.023 Y118.275
G1 F1500 X129.827 Y119.079 E211.41051
G0 F9000 X130.393 Y119.079
G1 F1500 X129.589 Y118.275 E211.44832
G0 F9000 X130.154 Y118.275
G1 F1500 X130.958 Y119.079 E211.48614
G0 F9000 X131.524 Y119.079
G1 F1500 X130.72 Y118.275 E211.52396
G0 F9000 X131.286 Y118.275
G1 F1500 X132.09 Y119.079 E211.56178
G0 F9000 X132.655 Y119.079
G1 F1500 X131.851 Y118.275 E211.59959
G0 F9000 X132.417 Y118.275
G1 F1500 X133.221 Y119.079 E211.63741
G0 F9000 X133.787 Y119.079
G1 F1500 X132.983 Y118.275 E211.67523
G0 F9000 X133.548 Y118.275
G1 F1500 X134.352 Y119.079 E211.71305
G0 F9000 X134.918 Y119.079
G1 F1500 X134.114 Y118.275 E211.75086
G0 F9000 X134.68 Y118.275
G1 F1500 X135.484 Y119.079 E211.78868
G0 F9000 X136.049 Y119.079
G1 F1500 X135.245 Y118.275 E211.8265
G0 F9000 X135.811 Y118.275
G1 F1500 X136.615 Y119.079 E211.86432
G0 F9000 X137.181 Y119.079
G1 F1500 X136.377 Y118.275 E211.90214
G0 F9000 X136.943 Y118.275
G1 F1500 X137.747 Y119.079 E211.93995
G0 F9000 X138.312 Y119.079
G1 F1500 X137.508 Y118.275 E211.97777
G0 F9000 X138.074 Y118.275
G1 F1500 X138.878 Y119.079 E212.01559
G0 F9000 X139.444 Y119.079
G1 F1500 X138.64 Y118.275 E212.05341
G0 F9000 X139.205 Y118.275
G1 F1500 X140.009 Y119.079 E212.09122
G0 F9000 X140.575 Y119.079
G1 F1500 X139.77 Y118.274 E212.12909
G0 F9000 X140.336 Y118.274
G1 F1500 X141.141 Y119.079 E212.16695
G0 F9000 X141.706 Y119.079
G1 F1500 X140.902 Y118.274 E212.20479
G0 F9000 X141.467 Y118.274
G1 F1500 X142.272 Y119.079 E212.24266
G0 F9000 X142.838 Y119.079
G1 F1500 X142.033 Y118.274 E212.28052
G0 F9000 X142.599 Y118.274
G1 F1500 X143.403 Y119.079 E212.31837
G0 F9000 X143.969 Y119.079
G1 F1500 X143.164 Y118.274 E212.35623
G0 F9000 X143.73 Y118.274
G1 F1500 X144.535 Y119.079 E212.3941
G0 F9000 X145.1 Y119.079
G1 F1500 X144.296 Y118.274 E212.43194
G0 F9000 X144.861 Y118.274
G1 F1500 X145.666 Y119.079 E212.4698
G0 F9000 X146.232 Y119.079
G1 F1500 X145.427 Y118.274 E212.50767
G0 F9000 X145.993 Y118.274
G1 F1500 X146.797 Y119.079 E212.54551
G0 F9000 X147.363 Y119.079
G1 F1500 X146.558 Y118.274 E212.58337
G0 F9000 X147.124 Y118.274
G1 F1500 X147.929 Y119.079 E212.62124
G0 F9000 X148.495 Y119.079
G1 F1500 X147.69 Y118.274 E212.6591
G0 F9000 X148.256 Y118.274
G1 F1500 X149.06 Y119.079 E212.69694
G0 F9000 X149.626 Y119.079
G1 F1500 X148.821 Y118.274 E212.73481
G0 F9000 X149.387 Y118.274
G1 F1500 X150.192 Y119.079 E212.77267
G0 F9000 X150.757 Y119.079
G1 F1500 X149.953 Y118.274 E212.81051
G0 F9000 X150.518 Y118.274
G1 F1500 X151.323 Y119.079 E212.84838
G0 F9000 X151.889 Y119.079
G1 F1500 X151.084 Y118.274 E212.88624
G0 F9000 X151.65 Y118.274
G1 F1500 X152.454 Y119.079 E212.92408
G0 F9000 X153.02 Y119.079
G1 F1500 X152.215 Y118.274 E212.96195
G0 F9000 X152.781 Y118.274
G1 F1500 X153.586 Y119.079 E212.99981
G0 F9000 X154.151 Y119.079
G1 F1500 X153.347 Y118.274 E213.03765
G0 F9000 X153.912 Y118.274
G1 F1500 X154.717 Y119.079 E213.07552
G0 F9000 X155.283 Y119.079
G1 F1500 X154.478 Y118.274 E213.11338
G0 F9000 X155.044 Y118.274
G1 F1500 X155.848 Y119.079 E213.15123
G0 F9000 X156.414 Y119.079
G1 F1500 X155.609 Y118.274 E213.18909
G0 F9000 X156.175 Y118.274
G1 F1500 X156.98 Y119.079 E213.22695
G0 F9000 X157.546 Y119.079
G1 F1500 X156.741 Y118.274 E213.26482
G0 F9000 X157.307 Y118.274
G1 F1500 X158.111 Y119.079 E213.30266
G0 F9000 X158.677 Y119.079
G1 F1500 X157.872 Y118.274 E213.34053
G0 F9000 X158.438 Y118.274
G1 F1500 X159.243 Y119.079 E213.37839
G0 F9000 X159.808 Y119.079
G1 F1500 X159.004 Y118.274 E213.41623
G0 F9000 X159.569 Y118.274
G1 F1500 X160.374 Y119.079 E213.4541
G0 F9000 X160.94 Y119.079
G1 F1500 X160.135 Y118.274 E213.49196
G0 F9000 X160.701 Y118.274
G1 F1500 X161.505 Y119.079 E213.5298
G0 F9000 X162.071 Y119.079
G1 F1500 X161.266 Y118.274 E213.56767
G0 F9000 X161.832 Y118.274
G1 F1500 X162.637 Y119.079 E213.60553
G0 F9000 X163.202 Y119.079
G1 F1500 X162.397 Y118.274 E213.6434
G0 F9000 X162.963 Y118.274
G1 F1500 X163.768 Y119.079 E213.68126
G0 F9000 X164.334 Y119.079
G1 F1500 X163.528 Y118.274 E213.71915
G0 F9000 X164.094 Y118.274
G1 F1500 X164.899 Y119.079 E213.75701
G0 F9000 X165.465 Y119.079
G1 F1500 X164.66 Y118.274 E213.79488
G0 F9000 X165.225 Y118.274
G1 F1500 X166.031 Y119.079 E213.83277
G0 F9000 X166.596 Y119.079
G1 F1500 X165.791 Y118.274 E213.87063
G0 F9000 X166.357 Y118.274
G1 F1500 X167.162 Y119.079 E213.9085
G0 F9000 X167.728 Y119.079
G1 F1500 X166.922 Y118.274 E213.94638
G0 F9000 X167.488 Y118.274
G1 F1500 X168.294 Y119.079 E213.98427
G0 F9000 X168.859 Y119.079
G1 F1500 X168.054 Y118.274 E214.02214
G0 F9000 X168.62 Y118.274
G1 F1500 X169.425 Y119.079 E214.06
G0 F9000 X169.991 Y119.079
G1 F1500 X169.185 Y118.274 E214.09789
G0 F9000 X169.751 Y118.274
G1 F1500 X170.556 Y119.079 E214.13576
G0 F9000 X171.122 Y119.079
G1 F1500 X170.317 Y118.274 E214.17362
G0 F9000 X170.882 Y118.274
G1 F1500 X171.688 Y119.079 E214.21151
G0 F9000 X172.253 Y119.079
G1 F1500 X171.448 Y118.274 E214.24937
G0 F9000 X172.014 Y118.274
G1 F1500 X172.819 Y119.079 E214.28724
G0 F9000 X173.385 Y119.079
G1 F1500 X172.579 Y118.274 E214.32513
G0 F9000 X173.145 Y118.274
G1 F1500 X173.95 Y119.079 E214.36299
G0 F9000 X174.516 Y119.079
G1 F1500 X173.711 Y118.274 E214.40086
G0 F9000 X174.276 Y118.274
G1 F1500 X175.082 Y119.079 E214.43874
G0 F9000 X175.647 Y119.079
G1 F1500 X174.842 Y118.274 E214.47661
G0 F9000 X175.408 Y118.274
G1 F1500 X176.213 Y119.079 E214.51447
G0 F9000 X176.779 Y119.079
G1 F1500 X175.973 Y118.274 E214.55236
G0 F9000 X176.539 Y118.274
G1 F1500 X177.345 Y119.079 E214.59025
G0 F9000 X177.91 Y119.079
G1 F1500 X177.105 Y118.274 E214.62811
G0 F9000 X177.67 Y118.274
G1 F1500 X178.476 Y119.079 E214.666
G0 F9000 X179.042 Y119.079
G1 F1500 X178.236 Y118.274 E214.70389
G0 F9000 X178.802 Y118.274
G1 F1500 X179.607 Y119.079 E214.74176
G0 F9000 X180.173 Y119.079
G1 F1500 X179.368 Y118.274 E214.77962
G0 F9000 X179.933 Y118.274
G1 F1500 X180.739 Y119.079 E214.81751
G0 F9000 X181.304 Y119.079
G1 F1500 X180.499 Y118.274 E214.85537
G0 F9000 X181.065 Y118.274
G1 F1500 X181.87 Y119.079 E214.89324
G0 F9000 X182.436 Y119.079
G1 F1500 X181.63 Y118.274 E214.93113
G0 F9000 X182.196 Y118.274
G1 F1500 X183.001 Y119.079 E214.96899
G0 F9000 X183.567 Y119.079
G1 F1500 X182.762 Y118.274 E215.00686
G0 F9000 X183.327 Y118.274
G1 F1500 X184.036 Y118.982 E215.04018
G0 F9000 X184.068 Y118.449
G1 F1500 X183.893 Y118.274 E215.04841
G1 F2700 E210.04841
;MESH:NONMESH
G0 F300 X183.893 Y118.274 Z1.2
G0 F9000 X183.893 Y117.812
G0 X184.508 Y117.886
G0 X184.401 Y119.469
G0 X117.5 Y119.64
;TIME_ELAPSED:443.315051
;LAYER:5
;TYPE:WALL-INNER
;MESH:middle_union.STL
G1 F2700 E215.04841
G1 F1500 X184.499 Y119.639 E217.27681
G1 X184.511 Y119.352 E217.28636
G1 X184.553 Y118.933 E217.30037
G1 X184.578 Y118.514 E217.31433
G1 X184.683 Y117.405 E217.35138
G1 X50.325 Y117.408 E221.82015
G1 X50.336 Y117.66 E221.82853
G1 X50.419 Y118.521 E221.8573
G1 X50.448 Y118.963 E221.87204
G1 X50.486 Y119.358 E221.88524
G1 X50.496 Y119.64 E221.89462
G1 X117.5 Y119.64 E224.12318
G0 F9000 X117.5 Y120.04
;TYPE:WALL-OUTER
G1 F1500 X184.886 Y120.039 E226.36445
G1 X184.909 Y119.394 E226.38592
G1 X184.952 Y118.983 E226.39966
G1 X184.976 Y118.552 E226.41402
G1 X185.06 Y117.682 E226.44309
G1 X185.09 Y117.005 E226.46563
G1 X49.909 Y117.008 E230.96177
G1 X49.936 Y117.682 E230.9842
G1 X50.02 Y118.547 E231.01311
G1 X50.05 Y119.001 E231.02824
G1 X50.088 Y119.396 E231.04144
G1 X50.11 Y120.04 E231.06287
G1 X117.5 Y120.04 E233.30427
G0 F9000 X117.5 Y119.332
G0 X116.07 Y119.332
G0 X116.07 Y119.56
;TYPE:FILL
G1 F3000 X116.201 Y119.068 E233.32121
G0 F9000 X116.201 Y119.289
G0 X114.92 Y119.289
G0 X114.92 Y119.069
G1 F3000 X113.088 Y119.56 E233.38429
G0 F9000 X112.274 Y119.56
G1 F3000 X111.783 Y119.069 E233.40738
G0 F9000 X111.783 Y119.289
G0 X109.99 Y119.289
G0 X109.99 Y119.069
G1 F3000 X109.858 Y119.56 E233.42429
G0 F9000 X109.858 Y119.332
G0 X103.788 Y119.332
G0 X103.788 Y119.56
G1 F3000 X103.298 Y119.069 E233.44737
G0 F9000 X103.778 Y119.068
G1 F3000 X103.646 Y119.561 E233.46434
G0 F9000 X103.646 Y119.332
G0 X97.566 Y119.289
G0 X97.566 Y119.068
G1 F3000 X97.434 Y119.561 E233.48132
G0 F9000 X97.434 Y119.332
G0 X95.303 Y119.332
G0 X95.303 Y119.56
G1 F3000 X94.812 Y119.069 E233.50441
G0 F9000 X94.812 Y119.289
G0 X91.738 Y119.289
G0 X91.738 Y119.069
G1 F3000 X89.904 Y119.56 E233.56756
G0 F9000 X89.904 Y119.332
G0 X91.223 Y119.332
G0 X91.223 Y119.56
G1 F3000 X91.355 Y119.068 E233.5845
G0 F9000 X91.355 Y119.289
G0 X86.818 Y119.332
G0 X86.818 Y119.56
G1 F3000 X86.327 Y119.069 E233.6076
G0 F9000 X86.327 Y119.289
G0 X85.143 Y119.289
G0 X85.143 Y119.069
G1 F3000 X85.011 Y119.56 E233.62451
G0 F9000 X85.011 Y119.332
G0 X78.931 Y119.289
G0 X78.931 Y119.068
G1 F3000 X78.799 Y119.561 E233.64148
G0 F9000 X78.333 Y119.56
G1 F3000 X77.842 Y119.069 E233.66458
G0 F9000 X77.842 Y119.289
G0 X72.72 Y119.289
G0 X72.72 Y119.068
G1 F3000 X72.588 Y119.561 E233.68155
G0 F9000 X72.588 Y119.332
G0 X69.847 Y119.332
G0 X69.847 Y119.56
G1 F3000 X69.357 Y119.069 E233.70462
G0 F9000 X68.555 Y119.069
G1 F3000 X66.721 Y119.56 E233.76777
G0 F9000 X66.376 Y119.56
G1 F3000 X66.508 Y119.069 E233.78468
G0 F9000 X66.508 Y119.289
G0 X61.362 Y119.332
G0 X61.362 Y119.56
G1 F3000 X60.871 Y119.069 E233.80778
G0 F9000 X60.296 Y119.069
G1 F3000 X60.164 Y119.561 E233.82472
G0 F9000 X60.164 Y119.332
G0 X54.085 Y119.289
G0 X54.085 Y119.068
G1 F3000 X53.953 Y119.561 E233.84169
G0 F9000 X53.953 Y119.332
G0 X52.877 Y119.332
G0 X52.877 Y119.56
G1 F3000 X52.386 Y119.069 E233.86479
G1 F2700 E228.86479
G0 F9000 X52.386 Y119.289
G0 X120.268 Y119.289
G0 X120.268 Y119.069
G1 F2700 E233.86479
G1 F3000 X120.758 Y119.559 E233.88784
G0 F9000 X120.758 Y119.332
G0 X122.281 Y119.332
G0 X122.281 Y119.561
G1 F3000 X122.413 Y119.068 E233.90481
G0 F9000 X122.413 Y119.289
G0 X128.493 Y119.332
G0 X128.493 Y119.56
G1 F3000 X128.625 Y119.068 E233.92175
G1 X128.754 Y119.069
G1 X129.244 Y119.559 E233.9448
G0 F9000 X129.244 Y119.332
G0 X134.705 Y119.332
G0 X134.705 Y119.56
G1 F3000 X134.836 Y119.068 E233.96174
G0 F9000 X134.836 Y119.289
G0 X136.272 Y119.332
G0 X136.272 Y119.559
G1 F3000 X138.103 Y119.068 E234.02479
G0 F9000 X137.729 Y119.559
G1 F3000 X137.239 Y119.069 E234.04784
G0 F9000 X137.239 Y119.289
G0 X140.916 Y119.332
G0 X140.916 Y119.56
G1 F3000 X141.048 Y119.068 E234.06478
G0 F9000 X141.048 Y119.289
G0 X145.724 Y119.289
G0 X145.724 Y119.069
G1 F3000 X146.214 Y119.559 E234.08783
G0 F9000 X147.128 Y119.56
G1 F3000 X147.26 Y119.068 E234.10477
G0 F9000 X147.26 Y119.289
G0 X153.339 Y119.332
G0 X153.339 Y119.56
G1 F3000 X153.471 Y119.067 E234.12174
G0 F9000 X154.209 Y119.069
G1 F3000 X154.699 Y119.559 E234.14479
G0 F9000 X154.699 Y119.332
G0 X159.454 Y119.332
G0 X159.454 Y119.559
G1 F3000 X161.286 Y119.068 E234.20787
G0 F9000 X161.286 Y119.289
G0 X162.695 Y119.289
G0 X162.695 Y119.069
G1 F3000 X163.185 Y119.559 E234.23092
G0 F9000 X163.185 Y119.332
G0 X165.763 Y119.332
G0 X165.763 Y119.56
G1 F3000 X165.895 Y119.068 E234.24787
G0 F9000 X165.895 Y119.289
G0 X171.18 Y119.289
G0 X171.18 Y119.069
G1 F3000 X171.67 Y119.559 E234.27091
G0 F9000 X171.974 Y119.56
G1 F3000 X172.106 Y119.068 E234.28786
G0 F9000 X172.106 Y119.289
G0 X178.186 Y119.332
G0 X178.186 Y119.56
G1 F3000 X178.318 Y119.067 E234.30483
G0 F9000 X178.318 Y119.289
G0 X179.665 Y119.289
G0 X179.665 Y119.069
G1 F3000 X180.155 Y119.559 E234.32788
G0 F9000 X180.155 Y119.332
G0 X182.638 Y119.332
G0 X182.638 Y119.559
G1 F3000 X184.46 Y119.07 E234.39062
G0 F9000 X184.425 Y119.46
G1 F3000 X184.398 Y119.56 E234.39407
G0 F9000 X184.23 Y119.361
G0 X159.683 Y119.289
G0 X159.683 Y119.068
G1 F3000 X159.551 Y119.56 E234.41101
G1 F2700 E229.41101
G0 F9000 X159.551 Y119.332
G0 X117.5 Y119.289
G0 X117.5 Y119.028
;TYPE:SKIN
G1 F2700 E234.41101
G1 F1500 X50.817 Y119.028 E236.6289
G1 X50.708 Y117.768 E236.67096
G1 X184.284 Y117.764 E241.11372
G1 X184.22 Y118.433 E241.13607
G1 X184.181 Y119.028 E241.1559
G1 X117.5 Y119.028 E243.37372
G1 F2700 E238.37372
G0 F9000 X117.5 Y119.289
G0 X183.813 Y119.289
G0 X183.813 Y118.829
G1 F2700 E243.37372
G1 F1500 X184.008 Y118.634 E243.38289
G0 F9000 X184.058 Y118.018
G1 F1500 X183.247 Y118.829 E243.42104
G0 F9000 X182.682 Y118.829
G1 F1500 X183.547 Y117.964 E243.46173
G0 F9000 X182.981 Y117.964
G1 F1500 X182.116 Y118.829 E243.50241
G0 F9000 X181.55 Y118.829
G1 F1500 X182.415 Y117.964 E243.5431
G0 F9000 X181.849 Y117.964
G1 F1500 X180.985 Y118.829 E243.58376
G0 F9000 X180.419 Y118.829
G1 F1500 X181.284 Y117.964 E243.62445
G0 F9000 X180.718 Y117.964
G1 F1500 X179.853 Y118.829 E243.66514
G0 F9000 X179.288 Y118.829
G1 F1500 X180.152 Y117.964 E243.7058
G0 F9000 X179.587 Y117.964
G1 F1500 X178.722 Y118.829 E243.74649
G0 F9000 X178.156 Y118.829
G1 F1500 X179.021 Y117.964 E243.78718
G0 F9000 X178.455 Y117.964
G1 F1500 X177.591 Y118.829 E243.82784
G0 F9000 X177.025 Y118.829
G1 F1500 X177.89 Y117.964 E243.86853
G0 F9000 X177.324 Y117.964
G1 F1500 X176.459 Y118.829 E243.90921
G0 F9000 X175.894 Y118.829
G1 F1500 X176.758 Y117.964 E243.94988
G0 F9000 X176.193 Y117.964
G1 F1500 X175.328 Y118.829 E243.99056
G0 F9000 X174.762 Y118.829
G1 F1500 X175.627 Y117.964 E244.03125
G0 F9000 X175.061 Y117.964
G1 F1500 X174.196 Y118.829 E244.07194
G0 F9000 X173.631 Y118.829
G1 F1500 X174.496 Y117.964 E244.11262
G0 F9000 X173.93 Y117.964
G1 F1500 X173.065 Y118.829 E244.15331
G0 F9000 X172.499 Y118.829
G1 F1500 X173.364 Y117.964 E244.194
G0 F9000 X172.799 Y117.964
G1 F1500 X171.934 Y118.829 E244.23469
G0 F9000 X171.368 Y118.829
G1 F1500 X172.233 Y117.964 E244.27537
G0 F9000 X171.667 Y117.964
G1 F1500 X170.802 Y118.829 E244.31606
G0 F9000 X170.237 Y118.829
G1 F1500 X171.101 Y117.964 E244.35672
G0 F9000 X170.536 Y117.964
G1 F1500 X169.671 Y118.829 E244.39741
G0 F9000 X169.105 Y118.829
G1 F1500 X169.97 Y117.964 E244.4381
G0 F9000 X169.404 Y117.964
G1 F1500 X168.54 Y118.829 E244.47876
G0 F9000 X167.974 Y118.829
G1 F1500 X168.839 Y117.964 E244.51945
G0 F9000 X168.273 Y117.964
G1 F1500 X167.408 Y118.829 E244.56013
G0 F9000 X166.843 Y118.829
G1 F1500 X167.707 Y117.964 E244.6008
G0 F9000 X167.142 Y117.964
G1 F1500 X166.277 Y118.829 E244.64148
G0 F9000 X165.711 Y118.829
G1 F1500 X166.576 Y117.964 E244.68217
G0 F9000 X166.01 Y117.964
G1 F1500 X165.145 Y118.829 E244.72286
G0 F9000 X164.58 Y118.829
G1 F1500 X165.445 Y117.964 E244.76355
G0 F9000 X164.879 Y117.964
G1 F1500 X164.014 Y118.829 E244.80423
G0 F9000 X163.448 Y118.829
G1 F1500 X164.313 Y117.964 E244.84492
G0 F9000 X163.748 Y117.964
G1 F1500 X162.883 Y118.829 E244.88561
G0 F9000 X162.317 Y118.829
G1 F1500 X163.182 Y117.964 E244.92629
G0 F9000 X162.616 Y117.964
G1 F1500 X161.751 Y118.829 E244.96698
G0 F9000 X161.186 Y118.829
G1 F1500 X162.05 Y117.964 E245.00764
G0 F9000 X161.484 Y117.965
G1 F1500 X160.62 Y118.829 E245.04828
G0 F9000 X160.054 Y118.829
G1 F1500 X160.918 Y117.965 E245.08892
G0 F9000 X160.353 Y117.965
G1 F1500 X159.489 Y118.829 E245.12956
G0 F9000 X158.923 Y118.829
G1 F1500 X159.787 Y117.965 E245.1702
G0 F9000 X159.221 Y117.965
G1 F1500 X158.357 Y118.829 E245.21084
G0 F9000 X157.792 Y118.829
G1 F1500 X158.656 Y117.965 E245.25148
G0 F9000 X158.09 Y117.965
G1 F1500 X157.226 Y118.829 E245.29212
G0 F9000 X156.66 Y118.829
G1 F1500 X157.524 Y117.965 E245.33276
G0 F9000 X156.959 Y117.965
G1 F1500 X156.095 Y118.829 E245.3734
G0 F9000 X155.529 Y118.829
G1 F1500 X156.393 Y117.965 E245.41404
G0 F9000 X155.827 Y117.965
G1 F1500 X154.963 Y118.829 E245.45468
G0 F9000 X154.397 Y118.829
G1 F1500 X155.262 Y117.965 E245.49535
G0 F9000 X154.696 Y117.965
G1 F1500 X153.832 Y118.829 E245.53599
G0 F9000 X153.266 Y118.829
G1 F1500 X154.13 Y117.965 E245.57663
G0 F9000 X153.565 Y117.965
G1 F1500 X152.7 Y118.829 E245.61729
G0 F9000 X152.135 Y118.829
G1 F1500 X152.999 Y117.965 E245.65793
G0 F9000 X152.433 Y117.965
G1 F1500 X151.569 Y118.829 E245.69857
G0 F9000 X151.003 Y118.829
G1 F1500 X151.867 Y117.965 E245.73921
G0 F9000 X151.302 Y117.965
G1 F1500 X150.438 Y118.829 E245.77985
G0 F9000 X149.872 Y118.829
G1 F1500 X150.736 Y117.965 E245.82049
G0 F9000 X150.17 Y117.965
G1 F1500 X149.306 Y118.829 E245.86113
G0 F9000 X148.741 Y118.829
G1 F1500 X149.605 Y117.965 E245.90177
G0 F9000 X149.039 Y117.965
G1 F1500 X148.175 Y118.829 E245.94241
G0 F9000 X147.609 Y118.829
G1 F1500 X148.473 Y117.965 E245.98305
G0 F9000 X147.908 Y117.965
G1 F1500 X147.044 Y118.829 E246.02369
G0 F9000 X146.478 Y118.829
G1 F1500 X147.342 Y117.965 E246.06433
G0 F9000 X146.776 Y117.965
G1 F1500 X145.912 Y118.829 E246.10497
G0 F9000 X145.347 Y118.829
G1 F1500 X146.211 Y117.965 E246.14561
G0 F9000 X145.645 Y117.965
G1 F1500 X144.781 Y118.829 E246.18625
G0 F9000 X144.215 Y118.829
G1 F1500 X145.079 Y117.965 E246.22689
G0 F9000 X144.514 Y117.965
G1 F1500 X143.649 Y118.829 E246.26755
G0 F9000 X143.084 Y118.829
G1 F1500 X143.948 Y117.965 E246.30819
G0 F9000 X143.382 Y117.965
G1 F1500 X142.518 Y118.829 E246.34883
G0 F9000 X141.952 Y118.829
G1 F1500 X142.816 Y117.965 E246.38947
G0 F9000 X142.251 Y117.965
G1 F1500 X141.387 Y118.829 E246.43011
G0 F9000 X140.821 Y118.829
G1 F1500 X141.685 Y117.965 E246.47075
G0 F9000 X141.119 Y117.965
G1 F1500 X140.255 Y118.829 E246.51139
G0 F9000 X139.69 Y118.829
G1 F1500 X140.554 Y117.965 E246.55203
G0 F9000 X139.988 Y117.965
G1 F1500 X139.124 Y118.829 E246.59267
G0 F9000 X138.558 Y118.829
G1 F1500 X139.422 Y117.965 E246.63331
G0 F9000 X138.856 Y117.965
G1 F1500 X137.993 Y118.829 E246.67393
G0 F9000 X137.427 Y118.829
G1 F1500 X138.29 Y117.965 E246.71454
G0 F9000 X137.725 Y117.965
G1 F1500 X136.861 Y118.829 E246.75518
G0 F9000 X136.296 Y118.829
G1 F1500 X137.159 Y117.965 E246.7958
G0 F9000 X136.593 Y117.965
G1 F1500 X135.73 Y118.829 E246.83642
G0 F9000 X135.164 Y118.829
G1 F1500 X136.028 Y117.965 E246.87706
G0 F9000 X135.462 Y117.965
G1 F1500 X134.598 Y118.829 E246.9177
G0 F9000 X134.033 Y118.829
G1 F1500 X134.896 Y117.965 E246.95831
G0 F9000 X134.33 Y117.965
G1 F1500 X133.467 Y118.829 E246.99893
G0 F9000 X132.901 Y118.829
G1 F1500 X133.765 Y117.965 E247.03957
G0 F9000 X133.199 Y117.965
G1 F1500 X132.336 Y118.829 E247.08018
G0 F9000 X131.77 Y118.829
G1 F1500 X132.633 Y117.965 E247.1208
G0 F9000 X132.068 Y117.965
G1 F1500 X131.204 Y118.829 E247.16144
G0 F9000 X130.639 Y118.829
G1 F1500 X131.502 Y117.965 E247.20206
G0 F9000 X130.936 Y117.965
G1 F1500 X130.073 Y118.829 E247.24267
G0 F9000 X129.507 Y118.829
G1 F1500 X130.371 Y117.965 E247.28331
G0 F9000 X129.805 Y117.965
G1 F1500 X128.942 Y118.829 E247.32393
G0 F9000 X128.376 Y118.829
G1 F1500 X129.239 Y117.965 E247.36455
G0 F9000 X128.674 Y117.965
G1 F1500 X127.81 Y118.829 E247.40519
G0 F9000 X127.245 Y118.829
G1 F1500 X128.108 Y117.965 E247.4458
G0 F9000 X127.542 Y117.965
G1 F1500 X126.679 Y118.829 E247.48642
G0 F9000 X126.113 Y118.829
G1 F1500 X126.977 Y117.965 E247.52706
G0 F9000 X126.411 Y117.965
G1 F1500 X125.548 Y118.829 E247.56768
G0 F9000 X124.982 Y118.829
G1 F1500 X125.845 Y117.965 E247.60829
G0 F9000 X125.28 Y117.965
G1 F1500 X124.416 Y118.829 E247.64893
G0 F9000 X123.85 Y118.829
G1 F1500 X124.714 Y117.965 E247.68957
G0 F9000 X124.148 Y117.965
G1 F1500 X123.285 Y118.829 E247.73019
G0 F9000 X122.719 Y118.829
G1 F1500 X123.582 Y117.965 E247.7708
G0 F9000 X123.017 Y117.965
G1 F1500 X122.153 Y118.829 E247.81144
G0 F9000 X121.588 Y118.829
G1 F1500 X122.451 Y117.965 E247.85206
G0 F9000 X121.885 Y117.965
G1 F1500 X121.022 Y118.829 E247.89268
G0 F9000 X120.456 Y118.829
G1 F1500 X121.32 Y117.965 E247.93332
G0 F9000 X120.754 Y117.965
G1 F1500 X119.891 Y118.829 E247.97393
G0 F9000 X119.325 Y118.829
G1 F1500 X120.188 Y117.965 E248.01455
G0 F9000 X119.623 Y117.965
G1 F1500 X118.759 Y118.829 E248.05519
G0 F9000 X118.194 Y118.829
G1 F1500 X119.057 Y117.965 E248.09581
G0 F9000 X118.491 Y117.965
G1 F1500 X117.628 Y118.829 E248.13642
G0 F9000 X117.062 Y118.829
G1 F1500 X117.926 Y117.965 E248.17706
G0 F9000 X117.359 Y117.966
G1 F1500 X116.497 Y118.829 E248.21763
G0 F9000 X115.931 Y118.829
G1 F1500 X116.794 Y117.966 E248.25822
G0 F9000 X116.228 Y117.966
G1 F1500 X115.365 Y118.829 E248.29882
G0 F9000 X114.799 Y118.829
G1 F1500 X115.662 Y117.966 E248.33941
G0 F9000 X115.096 Y117.966
G1 F1500 X114.234 Y118.829 E248.37998
G0 F9000 X113.668 Y118.829
G1 F1500 X114.531 Y117.966 E248.42057
G0 F9000 X113.965 Y117.966
G1 F1500 X113.102 Y118.829 E248.46117
G0 F9000 X112.537 Y118.829
G1 F1500 X113.399 Y117.966 E248.50174
G0 F9000 X112.834 Y117.966
G1 F1500 X111.971 Y118.829 E248.54233
G0 F9000 X111.405 Y118.829
G1 F1500 X112.268 Y117.966 E248.58292
G0 F9000 X111.702 Y117.966
G1 F1500 X110.84 Y118.829 E248.62349
G0 F9000 X110.274 Y118.829
G1 F1500 X111.137 Y117.966 E248.66408
G0 F9000 X110.571 Y117.966
G1 F1500 X109.708 Y118.829 E248.70468
G0 F9000 X109.143 Y118.829
G1 F1500 X110.005 Y117.966 E248.74525
G0 F9000 X109.44 Y117.966
G1 F1500 X108.577 Y118.829 E248.78584
G0 F9000 X108.011 Y118.829
G1 F1500 X108.874 Y117.966 E248.82643
G0 F9000 X108.308 Y117.966
G1 F1500 X107.446 Y118.829 E248.867
G0 F9000 X106.88 Y118.829
G1 F1500 X107.743 Y117.966 E248.90759
G0 F9000 X107.177 Y117.966
G1 F1500 X106.314 Y118.829 E248.94819
G0 F9000 X105.749 Y118.829
G1 F1500 X106.611 Y117.966 E248.98876
G0 F9000 X106.046 Y117.966
G1 F1500 X105.183 Y118.829 E249.02935
G0 F9000 X104.617 Y118.829
G1 F1500 X105.48 Y117.966 E249.06994
G0 F9000 X104.914 Y117.966
G1 F1500 X104.051 Y118.829 E249.11053
G0 F9000 X103.486 Y118.829
G1 F1500 X104.348 Y117.966 E249.1511
G0 F9000 X103.783 Y117.966
G1 F1500 X102.92 Y118.829 E249.1917
G0 F9000 X102.354 Y118.829
G1 F1500 X103.217 Y117.966 E249.23229
G0 F9000 X102.651 Y117.966
G1 F1500 X101.789 Y118.829 E249.27286
G0 F9000 X101.223 Y118.829
G1 F1500 X102.086 Y117.966 E249.31345
G0 F9000 X101.52 Y117.966
G1 F1500 X100.657 Y118.829 E249.35404
G0 F9000 X100.092 Y118.829
G1 F1500 X100.954 Y117.966 E249.39461
G0 F9000 X100.389 Y117.966
G1 F1500 X99.526 Y118.829 E249.43521
G0 F9000 X98.96 Y118.829
G1 F1500 X99.823 Y117.966 E249.4758
G0 F9000 X99.257 Y117.966
G1 F1500 X98.395 Y118.829 E249.51637
G0 F9000 X97.829 Y118.829
G1 F1500 X98.692 Y117.966 E249.55696
G0 F9000 X98.126 Y117.966
G1 F1500 X97.263 Y118.829 E249.59755
G0 F9000 X96.698 Y118.829
G1 F1500 X97.56 Y117.966 E249.63812
G0 F9000 X96.995 Y117.966
G1 F1500 X96.132 Y118.829 E249.67872
G0 F9000 X95.566 Y118.829
G1 F1500 X96.429 Y117.966 E249.71931
G0 F9000 X95.863 Y117.966
G1 F1500 X95.001 Y118.829 E249.75988
G0 F9000 X94.435 Y118.829
G1 F1500 X95.297 Y117.967 E249.80042
G0 F9000 X94.731 Y117.967
G1 F1500 X93.869 Y118.829 E249.84097
G0 F9000 X93.303 Y118.829
G1 F1500 X94.165 Y117.967 E249.88152
G0 F9000 X93.6 Y117.967
G1 F1500 X92.738 Y118.829 E249.92206
G0 F9000 X92.172 Y118.829
G1 F1500 X93.034 Y117.967 E249.96261
G0 F9000 X92.468 Y117.967
G1 F1500 X91.606 Y118.829 E250.00315
G0 F9000 X91.041 Y118.829
G1 F1500 X91.903 Y117.967 E250.0437
G0 F9000 X91.337 Y117.967
G1 F1500 X90.475 Y118.829 E250.08425
G0 F9000 X89.909 Y118.829
G1 F1500 X90.771 Y117.967 E250.12479
G0 F9000 X90.206 Y117.967
G1 F1500 X89.344 Y118.829 E250.16534
G0 F9000 X88.778 Y118.829
G1 F1500 X89.64 Y117.967 E250.20588
G0 F9000 X89.074 Y117.967
G1 F1500 X88.212 Y118.829 E250.24643
G0 F9000 X87.647 Y118.829
G1 F1500 X88.509 Y117.967 E250.28698
G0 F9000 X87.943 Y117.967
G1 F1500 X87.081 Y118.829 E250.32752
G0 F9000 X86.515 Y118.829
G1 F1500 X87.377 Y117.967 E250.36807
G0 F9000 X86.811 Y117.967
G1 F1500 X85.95 Y118.829 E250.40859
G0 F9000 X85.384 Y118.829
G1 F1500 X86.246 Y117.967 E250.44913
G0 F9000 X85.68 Y117.967
G1 F1500 X84.818 Y118.829 E250.48968
G0 F9000 X84.252 Y118.829
G1 F1500 X85.114 Y117.967 E250.53023
G0 F9000 X84.549 Y117.967
G1 F1500 X83.687 Y118.829 E250.57077
G0 F9000 X83.121 Y118.829
G1 F1500 X83.983 Y117.967 E250.61132
G0 F9000 X83.417 Y117.967
G1 F1500 X82.555 Y118.829 E250.65186
G0 F9000 X81.99 Y118.829
G1 F1500 X82.852 Y117.967 E250.69241
G0 F9000 X82.286 Y117.967
G1 F1500 X81.424 Y118.829 E250.73296
G0 F9000 X80.858 Y118.829
G1 F1500 X81.72 Y117.967 E250.7735
G0 F9000 X81.155 Y117.967
G1 F1500 X80.293 Y118.829 E250.81405
G0 F9000 X79.727 Y118.829
G1 F1500 X80.589 Y117.967 E250.85459
G0 F9000 X80.023 Y117.967
G1 F1500 X79.161 Y118.829 E250.89514
G0 F9000 X78.596 Y118.829
G1 F1500 X79.458 Y117.967 E250.93568
G0 F9000 X78.892 Y117.967
G1 F1500 X78.03 Y118.829 E250.97623
G0 F9000 X77.464 Y118.829
G1 F1500 X78.326 Y117.967 E251.01678
G0 F9000 X77.761 Y117.967
G1 F1500 X76.899 Y118.829 E251.05732
G0 F9000 X76.333 Y118.829
G1 F1500 X77.195 Y117.967 E251.09787
G0 F9000 X76.629 Y117.967
G1 F1500 X75.767 Y118.829 E251.13841
G0 F9000 X75.202 Y118.829
G1 F1500 X76.063 Y117.967 E251.17894
G0 F9000 X75.498 Y117.967
G1 F1500 X74.636 Y118.829 E251.21948
G0 F9000 X74.07 Y118.829
G1 F1500 X74.932 Y117.967 E251.26003
G0 F9000 X74.366 Y117.967
G1 F1500 X73.504 Y118.829 E251.30057
G0 F9000 X72.939 Y118.829
G1 F1500 X73.801 Y117.967 E251.34112
G0 F9000 X73.235 Y117.967
G1 F1500 X72.373 Y118.829 E251.38167
G0 F9000 X71.807 Y118.829
G1 F1500 X72.669 Y117.967 E251.42221
G0 F9000 X72.103 Y117.967
G1 F1500 X71.242 Y118.829 E251.46273
G0 F9000 X70.676 Y118.829
G1 F1500 X71.537 Y117.967 E251.50326
G0 F9000 X70.972 Y117.967
G1 F1500 X70.11 Y118.829 E251.5438
G0 F9000 X69.545 Y118.829
G1 F1500 X70.406 Y117.967 E251.58432
G0 F9000 X69.84 Y117.967
G1 F1500 X68.979 Y118.829 E251.62485
G0 F9000 X68.413 Y118.829
G1 F1500 X69.275 Y117.967 E251.66539
G0 F9000 X68.709 Y117.967
G1 F1500 X67.848 Y118.829 E251.70591
G0 F9000 X67.282 Y118.829
G1 F1500 X68.143 Y117.967 E251.74644
G0 F9000 X67.577 Y117.967
G1 F1500 X66.716 Y118.829 E251.78696
G0 F9000 X66.151 Y118.829
G1 F1500 X67.012 Y117.967 E251.82748
G0 F9000 X66.446 Y117.967
G1 F1500 X65.585 Y118.829 E251.868
G0 F9000 X65.019 Y118.829
G1 F1500 X65.88 Y117.967 E251.90853
G0 F9000 X65.315 Y117.967
G1 F1500 X64.453 Y118.829 E251.94907
G0 F9000 X63.888 Y118.829
G1 F1500 X64.749 Y117.967 E251.98959
G0 F9000 X64.183 Y117.967
G1 F1500 X63.322 Y118.829 E252.03012
G0 F9000 X62.756 Y118.829
G1 F1500 X63.618 Y117.967 E252.07066
G0 F9000 X63.052 Y117.967
G1 F1500 X62.191 Y118.829 E252.11119
G0 F9000 X61.625 Y118.829
G1 F1500 X62.486 Y117.967 E252.15171
G0 F9000 X61.921 Y117.967
G1 F1500 X61.059 Y118.829 E252.19225
G0 F9000 X60.494 Y118.829
G1 F1500 X61.355 Y117.967 E252.23278
G0 F9000 X60.789 Y117.967
G1 F1500 X59.928 Y118.829 E252.2733
G0 F9000 X59.362 Y118.829
G1 F1500 X60.224 Y117.967 E252.31384
G0 F9000 X59.658 Y117.967
G1 F1500 X58.797 Y118.829 E252.35437
G0 F9000 X58.231 Y118.829
G1 F1500 X59.092 Y117.967 E252.39489
G0 F9000 X58.527 Y117.967
G1 F1500 X57.665 Y118.829 E252.43543
G0 F9000 X57.1 Y118.829
G1 F1500 X57.961 Y117.967 E252.47596
G0 F9000 X57.395 Y117.967
G1 F1500 X56.534 Y118.829 E252.51648
G0 F9000 X55.968 Y118.829
G1 F1500 X56.829 Y117.967 E252.557
G0 F9000 X56.264 Y117.967
G1 F1500 X55.403 Y118.829 E252.59752
G0 F9000 X54.837 Y118.829
G1 F1500 X55.698 Y117.967 E252.63805
G0 F9000 X55.132 Y117.967
G1 F1500 X54.271 Y118.829 E252.67857
G0 F9000 X53.705 Y118.829
G1 F1500 X54.567 Y117.967 E252.71911
G0 F9000 X54.001 Y117.967
G1 F1500 X53.14 Y118.829 E252.75964
G0 F9000 X52.574 Y118.829
G1 F1500 X53.435 Y117.967 E252.80016
G0 F9000 X52.87 Y117.967
G1 F1500 X52.008 Y118.829 E252.8407
G0 F9000 X51.443 Y118.829
G1 F1500 X52.304 Y117.967 E252.88123
G0 F9000 X51.738 Y117.967
G1 F1500 X50.993 Y118.713 E252.91629
G0 F9000 X50.948 Y118.191
G1 F1500 X51.173 Y117.967 E252.92685
G1 F2700 E247.92685
;MESH:NONMESH
G0 F300 X51.173 Y117.967 Z1.4
G0 F9000 X51.173 Y117.507
G0 X50.504 Y117.582
G0 X50.643 Y119.218
G0 X117.5 Y119.332
G0 X117.5 Y119.64
;TIME_ELAPSED:520.712091
;LAYER:6
;TYPE:WALL-INNER
;MESH:middle_union.STL
G1 F2700 E252.92685
G1 F1500 X184.417 Y119.64 E255.15252
G1 X184.427 Y119.386 E255.16098
G1 X184.515 Y118.536 E255.1894
G1 X184.556 Y118.282 E255.19796
G1 X184.618 Y117.653 E255.21898
G1 X184.687 Y117.116 E255.23698
G1 X50.317 Y117.12 E259.70615
G1 X50.439 Y118.278 E259.74488
G1 X50.487 Y118.55 E259.75406
G1 X50.593 Y119.64 E259.79049
G1 X117.5 Y119.64 E262.01582
G0 F9000 X117.5 Y120.04
;TYPE:WALL-OUTER
G1 F1500 X184.803 Y120.04 E264.25433
G1 X184.825 Y119.427 E264.27473
G1 X184.91 Y118.6 E264.30238
G1 X184.953 Y118.334 E264.31135
G1 X185.017 Y117.686 E264.333
G1 X185.064 Y117.327 E264.34505
G1 X185.088 Y116.716 E264.36538
G1 X49.909 Y116.72 E268.86146
G1 X49.936 Y117.327 E268.88166
G1 X50.043 Y118.332 E268.91528
G1 X50.091 Y118.604 E268.92447
G1 X50.172 Y119.44 E268.9524
G1 X50.193 Y120.04 E268.97237
G1 X117.5 Y120.04 E271.21101
G0 F9000 X117.5 Y119.332
G0 X117.312 Y118.794
G0 X117.312 Y118.574
;TYPE:FILL
G1 F3000 X113.63 Y119.56 E271.33779
G0 F9000 X113.63 Y119.332
G0 X112.474 Y119.332
G0 X112.474 Y119.56
G1 F3000 X111.487 Y118.574 E271.38419
G0 F9000 X111.487 Y118.794
G0 X109.976 Y118.794
G0 X109.976 Y118.573
G1 F3000 X109.712 Y119.56 E271.41817
G0 F9000 X109.712 Y119.332
G0 X103.989 Y119.332
G0 X103.989 Y119.56
G1 F3000 X103.002 Y118.574 E271.46457
G0 F9000 X103.765 Y118.573
G1 F3000 X103.5 Y119.561 E271.4986
G0 F9000 X103.5 Y119.332
G0 X97.553 Y118.794
G0 X97.553 Y118.573
G1 F3000 X97.288 Y119.561 E271.53262
G0 F9000 X97.288 Y119.332
G0 X95.503 Y119.332
G0 X95.503 Y119.56
G1 F3000 X94.517 Y118.574 E271.579
G0 F9000 X94.131 Y118.574
G1 F3000 X90.447 Y119.56 E271.70584
G0 F9000 X91.077 Y119.56
G1 F3000 X91.341 Y118.573 E271.73982
G0 F9000 X91.341 Y118.794
G0 X87.018 Y119.332
G0 X87.018 Y119.56
G1 F3000 X86.032 Y118.574 E271.7862
G0 F9000 X85.13 Y118.573
G1 F3000 X84.865 Y119.561 E271.82022
G0 F9000 X84.865 Y119.332
G0 X78.918 Y118.794
G0 X78.918 Y118.573
G1 F3000 X78.653 Y119.561 E271.85425
G1 X78.533 Y119.56
G1 X77.546 Y118.574 E271.90065
G0 F9000 X77.546 Y118.794
G0 X72.706 Y118.794
G0 X72.706 Y118.573
G1 F3000 X72.442 Y119.561 E271.93466
G0 F9000 X72.442 Y119.332
G0 X70.948 Y118.794
G0 X70.948 Y118.574
G1 F3000 X67.265 Y119.561 E272.06148
G0 F9000 X67.265 Y119.332
G0 X66.23 Y119.332
G0 X66.23 Y119.561
G1 F3000 X66.495 Y118.573 E272.0955
G0 F9000 X66.495 Y118.794
G0 X69.061 Y118.794
G0 X69.061 Y118.574
G1 F3000 X70.047 Y119.56 E272.14188
G0 F9000 X70.047 Y119.332
G0 X61.562 Y119.332
G0 X61.562 Y119.56
G1 F3000 X60.576 Y118.574 E272.18826
G0 F9000 X60.283 Y118.573
G1 F3000 X60.018 Y119.561 E272.22228
G0 F9000 X60.018 Y119.332
G0 X54.071 Y118.794
G0 X54.071 Y118.573
G1 F3000 X53.807 Y119.561 E272.2563
G0 F9000 X53.077 Y119.56
G1 F3000 X52.09 Y118.574 E272.3027
G1 F2700 E267.3027
G0 F9000 X52.09 Y118.794
G0 X115.924 Y119.332
G0 X115.924 Y119.56
G1 F2700 E272.3027
G1 F3000 X116.188 Y118.573 E272.33668
G0 F9000 X116.188 Y118.794
G0 X119.972 Y118.794
G0 X119.972 Y118.573
G1 F3000 X120.959 Y119.56 E272.38311
G0 F9000 X120.959 Y119.332
G0 X122.135 Y119.332
G0 X122.135 Y119.561
G1 F3000 X122.4 Y118.573 E272.41713
G0 F9000 X122.4 Y118.794
G0 X128.347 Y119.332
G0 X128.347 Y119.561
G1 F3000 X128.611 Y118.573 E272.45114
G1 X128.457 Y118.573
G1 X129.444 Y119.56 E272.49757
G0 F9000 X129.444 Y119.332
G0 X134.559 Y119.332
G0 X134.559 Y119.56
G1 F3000 X134.823 Y118.573 E272.53155
G0 F9000 X134.823 Y118.794
G0 X136.943 Y118.794
G0 X136.943 Y118.573
G1 F3000 X137.93 Y119.56 E272.57798
G0 F9000 X137.93 Y119.332
G0 X136.812 Y119.332
G0 X136.812 Y119.56
G1 F3000 X140.495 Y118.573 E272.7048
G0 F9000 X141.035 Y118.573
G1 F3000 X140.77 Y119.561 E272.73882
G0 F9000 X140.77 Y119.332
G0 X145.428 Y118.794
G0 X145.428 Y118.573
G1 F3000 X146.415 Y119.56 E272.78524
G0 F9000 X146.982 Y119.561
G1 F3000 X147.246 Y118.572 E272.81929
G0 F9000 X147.246 Y118.794
G0 X153.193 Y119.332
G0 X153.193 Y119.56
G1 F3000 X153.458 Y118.573 E272.85328
G0 F9000 X153.913 Y118.573
G1 F3000 X154.9 Y119.56 E272.89971
G0 F9000 X154.9 Y119.332
G0 X159.405 Y119.332
G0 X159.405 Y119.56
G1 F3000 X159.67 Y118.573 E272.9337
G0 F9000 X159.67 Y118.794
G0 X159.995 Y119.332
G0 X159.995 Y119.56
G1 F3000 X163.678 Y118.573 E273.06051
G0 F9000 X163.678 Y118.794
G0 X163.386 Y119.332
G0 X163.386 Y119.56
G1 F3000 X162.398 Y118.573 E273.10696
G0 F9000 X162.398 Y118.794
G0 X165.617 Y119.332
G0 X165.617 Y119.561
G1 F3000 X165.881 Y118.573 E273.14098
G0 F9000 X165.881 Y118.794
G0 X170.884 Y118.794
G0 X170.884 Y118.573
G1 F3000 X171.871 Y119.56 E273.1874
G1 X171.828 Y119.56
G1 X172.093 Y118.573 E273.22139
G0 F9000 X172.093 Y118.794
G0 X178.04 Y119.332
G0 X178.04 Y119.56
G1 F3000 X178.305 Y118.573 E273.25538
G0 F9000 X178.305 Y118.794
G0 X179.369 Y118.794
G0 X179.369 Y118.573
G1 F3000 X180.356 Y119.56 E273.30181
G0 F9000 X180.356 Y119.332
G0 X183.178 Y119.332
G0 X183.178 Y119.56
G1 F3000 X184.364 Y119.242 E273.34265
G1 X184.38 Y119.083
G1 X184.252 Y119.56 E273.35908
G1 F2700 E268.35908
G0 F9000 X184.147 Y119.361
G0 X117.5 Y118.794
G0 X117.5 Y118.531
;TYPE:SKIN
G1 F2700 E273.35908
G1 F1500 X50.848 Y118.532 E275.57593
G1 X50.797 Y118.244 E275.58566
G1 X50.718 Y117.48 E275.6112
G1 X184.28 Y117.476 E280.05349
G1 X184.198 Y118.217 E280.07829
G1 X184.148 Y118.531 E280.08887
G1 X117.5 Y118.531 E282.30559
G1 F2700 E277.30559
G0 F9000 X117.5 Y118.794
G0 X51.298 Y118.794
G0 X51.298 Y118.006
G1 F2700 E282.30559
G1 F920.2 X183.688 Y118.002 E289.48298
G0 F9000 X183.688 Y119.032
G1 F2700 E284.48298
;MESH:NONMESH
G0 F300 X183.688 Y119.032 Z1.6
G0 F9000 X117.5 Y119.332
G0 X117.5 Y119.64
;TIME_ELAPSED:576.831196
;LAYER:7
;TYPE:WALL-INNER
;MESH:middle_union.STL
G1 F2700 E289.48298
G1 F1500 X184.306 Y119.64 E291.70496
G1 X184.427 Y118.615 E291.73929
G1 X184.559 Y117.804 E291.76662
G1 X184.669 Y116.9 E291.7969
G1 X50.324 Y116.9 E296.26524
G1 X50.441 Y117.838 E296.29668
G1 X50.578 Y118.644 E296.32387
G1 X50.622 Y119.115 E296.3396
G1 X50.693 Y119.64 E296.35722
G1 X117.5 Y119.64 E298.57923
G0 F9000 X117.5 Y120.04
;TYPE:WALL-OUTER
G1 F1500 X184.698 Y120.04 E300.81425
G1 X184.728 Y119.473 E300.83313
G1 X184.775 Y119.13 E300.84465
G1 X184.822 Y118.679 E300.85973
G1 X184.953 Y117.875 E300.88682
G1 X185.064 Y117.018 E300.91557
G1 X185.087 Y116.5 E300.93281
G1 X49.911 Y116.5 E305.42878
G1 X49.934 Y117 E305.44543
G1 X50.042 Y117.878 E305.47485
G1 X50.18 Y118.681 E305.50195
G1 X50.226 Y119.171 E305.51832
G1 X50.268 Y119.472 E305.52843
G1 X50.301 Y120.04 E305.54735
G1 X117.5 Y120.04 E307.7824
G0 F9000 X117.5 Y119.332
G0 X115.777 Y119.332
G0 X115.777 Y119.559
;TYPE:FILL
G1 F3000 X116.164 Y118.115 E307.83212
G0 F9000 X116.164 Y118.336
G0 X114.186 Y119.332
G0 X114.186 Y119.558
G1 F3000 X119.569 Y118.116 E308.01748
G1 X119.715 Y118.115
G1 X121.158 Y119.558 E308.08535
G0 F9000 X121.989 Y119.559
G1 F3000 X122.375 Y118.115 E308.13506
G0 F9000 X122.375 Y118.336
G0 X128.2 Y118.336
G0 X128.2 Y118.115
G1 F3000 X129.643 Y119.558 E308.20294
G0 F9000 X129.643 Y119.332
G0 X128.2 Y119.332
G0 X128.2 Y119.559
G1 F3000 X128.587 Y118.114 E308.25269
G0 F9000 X128.587 Y118.336
G0 X134.412 Y119.332
G0 X134.412 Y119.559
G1 F3000 X134.799 Y118.115 E308.30242
G0 F9000 X134.799 Y118.336
G0 X136.685 Y118.336
G0 X136.685 Y118.115
G1 F3000 X138.128 Y119.558 E308.37029
G0 F9000 X137.366 Y119.559
G1 F3000 X142.752 Y118.116 E308.55575
G0 F9000 X142.752 Y118.336
G0 X141.01 Y118.336
G0 X141.01 Y118.115
G1 F3000 X140.624 Y119.559 E308.60546
G0 F9000 X140.624 Y119.332
G0 X145.17 Y118.336
G0 X145.17 Y118.115
G1 F3000 X146.614 Y119.558 E308.67336
G0 F9000 X146.835 Y119.56
G1 F3000 X147.222 Y118.115 E308.72311
G0 F9000 X147.222 Y118.336
G0 X153.047 Y119.332
G0 X153.047 Y119.559
G1 F3000 X153.434 Y118.114 E308.77287
G0 F9000 X153.656 Y118.115
G1 F3000 X155.1 Y119.559 E308.84079
G0 F9000 X155.1 Y119.332
G0 X159.258 Y119.332
G0 X159.258 Y119.56
G1 F3000 X159.645 Y118.115 E308.89054
G0 F9000 X159.645 Y118.336
G0 X160.546 Y119.332
G0 X160.546 Y119.56
G1 F3000 X165.935 Y118.116 E309.07611
G1 X165.857 Y118.115
G1 X165.47 Y119.56 E309.12586
G0 F9000 X165.47 Y119.332
G0 X163.585 Y119.332
G0 X163.585 Y119.559
G1 F3000 X162.141 Y118.115 E309.19378
G0 F9000 X162.141 Y118.336
G0 X170.626 Y118.336
G0 X170.626 Y118.115
G1 F3000 X172.07 Y119.559 E309.2617
G0 F9000 X171.681 Y119.56
G1 F3000 X172.069 Y118.114 E309.3115
G0 F9000 X172.069 Y118.336
G0 X177.893 Y119.332
G0 X177.893 Y119.56
G1 F3000 X178.281 Y118.114 E309.36129
G0 F9000 X179.112 Y118.115
G1 F3000 X180.555 Y119.559 E309.42919
G0 F9000 X180.555 Y119.332
G0 X183.726 Y119.332
G0 X183.726 Y119.56
G1 F3000 X184.252 Y119.419 E309.4473
G0 F9000 X184.105 Y119.561
G1 F3000 X184.338 Y118.69 E309.47729
G1 F2700 E304.47729
G0 F9000 X184.112 Y118.666
G0 X112.672 Y119.332
G0 X112.672 Y119.558
G1 F2700 E309.47729
G1 F3000 X111.23 Y118.116 E309.54512
G0 F9000 X111.23 Y118.336
G0 X109.952 Y118.336
G0 X109.952 Y118.115
G1 F3000 X109.565 Y119.558 E309.59481
G0 F9000 X109.565 Y119.332
G0 X104.187 Y119.332
G0 X104.187 Y119.558
G1 F3000 X102.745 Y118.116 E309.66264
G0 F9000 X103.741 Y118.115
G1 F3000 X103.354 Y119.559 E309.71236
G0 F9000 X103.354 Y119.332
G0 X97.529 Y118.336
G0 X97.529 Y118.115
G1 F3000 X97.142 Y119.558 E309.76205
G0 F9000 X97.142 Y119.332
G0 X95.701 Y119.332
G0 X95.701 Y119.558
G1 F3000 X94.259 Y118.116 E309.82988
G0 F9000 X94.259 Y118.336
G0 X96.386 Y118.336
G0 X96.386 Y118.116
G1 F3000 X91.006 Y119.558 E310.01513
G1 X90.93 Y119.558
G1 X91.317 Y118.115 E310.06482
G0 F9000 X91.317 Y118.336
G0 X87.216 Y119.332
G0 X87.216 Y119.558
G1 F3000 X85.774 Y118.116 E310.13265
G0 F9000 X85.105 Y118.116
G1 F3000 X84.719 Y119.558 E310.1823
G0 F9000 X84.719 Y119.332
G0 X78.73 Y119.332
G0 X78.73 Y119.557
G1 F3000 X77.289 Y118.116 E310.25008
G0 F9000 X77.289 Y118.336
G0 X78.894 Y118.336
G0 X78.894 Y118.115
G1 F3000 X78.507 Y119.558 E310.29977
G0 F9000 X78.507 Y119.332
G0 X73.204 Y118.336
G0 X73.204 Y118.116
G1 F3000 X67.826 Y119.557 E310.48495
G0 F9000 X67.826 Y119.332
G0 X68.804 Y118.336
G0 X68.804 Y118.116
G1 F3000 X70.245 Y119.557 E310.55273
G0 F9000 X70.245 Y119.332
G0 X72.296 Y119.332
G0 X72.296 Y119.557
G1 F3000 X72.682 Y118.115 E310.60238
G0 F9000 X72.682 Y118.336
G0 X66.47 Y118.336
G0 X66.47 Y118.115
G1 F3000 X66.084 Y119.558 E310.65207
G0 F9000 X66.084 Y119.332
G0 X61.759 Y119.332
G0 X61.759 Y119.557
G1 F3000 X60.318 Y118.116 E310.71985
G1 X60.259 Y118.116
G1 X59.872 Y119.558 E310.7695
G0 F9000 X59.872 Y119.332
G0 X54.047 Y118.336
G0 X54.047 Y118.115
G1 F3000 X53.661 Y119.557 E310.81915
G0 F9000 X53.274 Y119.557
G1 F3000 X51.833 Y118.116 E310.88693
G1 F2700 E305.88693
G0 F9000 X51.833 Y118.336
G0 X117.5 Y118.336
G0 X117.5 Y118.073
;TYPE:SKIN
G1 F2700 E310.88693
G1 F1500 X50.846 Y118.076 E313.10386
G1 X50.795 Y117.778 E313.11391
G1 X50.731 Y117.26 E313.13127
G1 X184.264 Y117.26 E317.5726
G1 X184.202 Y117.746 E317.58889
G1 X184.146 Y118.071 E317.59986
G1 X117.5 Y118.073 E319.81652
G1 F2700 E314.81652
G0 F9000 X117.5 Y118.336
G0 X183.8 Y118.336
G0 X183.8 Y117.664
G1 F2700 E319.81652
G1 F1474.2 X164.856 Y117.665 E320.45762
G1 F1470.6 X145.912 Y117.665 E321.1003
G1 F1463.4 X126.968 Y117.666 E321.74614
G1 F1459.9 X108.024 Y117.666 E322.39354
G1 F1456.3 X89.08 Y117.667 E323.04253
G1 F1449.3 X70.136 Y117.667 E323.69466
G1 F1445.8 X51.192 Y117.668 E324.34837
G0 F9000 X51.192 Y118.636
G1 F2700 E319.34837
;MESH:NONMESH
G0 F300 X51.192 Y118.636 Z1.8
G0 F9000 X117.5 Y119.332
G0 X117.5 Y119.64
;TIME_ELAPSED:630.772675
;LAYER:8
;TYPE:WALL-INNER
;MESH:middle_union.STL
G1 F2700 E324.34837
G1 F1500 X184.181 Y119.64 E326.56619
G1 X184.329 Y118.632 E326.60007
G1 X184.379 Y118.426 E326.60712
G1 X184.484 Y117.811 E326.62787
G1 X184.564 Y117.456 E326.63998
G1 X184.664 Y116.681 E326.66597
G1 X50.331 Y116.68 E331.1339
G1 X50.435 Y117.457 E331.15997
G1 X50.517 Y117.825 E331.17251
G1 X50.617 Y118.427 E331.19281
G1 X50.678 Y118.686 E331.20166
G1 X50.819 Y119.64 E331.23374
G1 X117.5 Y119.64 E333.45155
G0 F9000 X117.5 Y120.04
;TYPE:WALL-OUTER
G1 F1500 X184.574 Y120.04 E335.68244
G1 X184.606 Y119.487 E335.70087
G1 X184.717 Y118.728 E335.72638
G1 X184.771 Y118.507 E335.73395
G1 X184.878 Y117.878 E335.75517
G1 X184.958 Y117.528 E335.76711
G1 X185.06 Y116.769 E335.79258
G1 X185.088 Y116.281 E335.80884
G1 X49.911 Y116.28 E340.30484
G1 X49.936 Y116.769 E340.32113
G1 X50.041 Y117.528 E340.34661
G1 X50.122 Y117.891 E340.35899
G1 X50.225 Y118.507 E340.37976
G1 X50.279 Y118.728 E340.38732
G1 X50.396 Y119.506 E340.41349
G1 X50.423 Y120.04 E340.43128
G1 X117.5 Y120.04 E342.66227
G0 F9000 X117.5 Y119.332
G0 X115.631 Y119.332
G0 X115.631 Y119.56
;TYPE:FILL
G1 F3000 X116.104 Y117.795 E342.72304
G0 F9000 X116.104 Y118.016
G0 X114.725 Y119.332
G0 X114.725 Y119.56
G1 F3000 X121.309 Y117.796 E342.94975
G0 F9000 X121.309 Y118.016
G0 X122.315 Y118.016
G0 X122.315 Y117.795
G1 F3000 X121.842 Y119.56 E343.01053
G0 F9000 X121.359 Y119.56
G1 F3000 X119.594 Y117.796 E343.09352
G0 F9000 X119.594 Y118.016
G0 X112.874 Y119.332
G0 X112.874 Y119.56
G1 F3000 X111.11 Y117.796 E343.17649
G0 F9000 X111.11 Y118.016
G0 X109.892 Y118.016
G0 X109.892 Y117.795
G1 F3000 X109.419 Y119.561 E343.2373
G0 F9000 X109.419 Y119.332
G0 X104.389 Y119.332
G0 X104.389 Y119.56
G1 F3000 X102.625 Y117.796 E343.32028
G0 F9000 X102.625 Y118.016
G0 X103.68 Y118.016
G0 X103.68 Y117.795
G1 F3000 X103.207 Y119.56 E343.38105
G0 F9000 X103.207 Y119.332
G0 X98.126 Y118.016
G0 X98.126 Y117.796
G1 F3000 X91.543 Y119.56 E343.60773
G0 F9000 X90.784 Y119.561
G1 F3000 X91.257 Y117.795 E343.66854
G0 F9000 X91.257 Y118.016
G0 X94.139 Y118.016
G0 X94.139 Y117.796
G1 F3000 X95.903 Y119.56 E343.75151
G0 F9000 X95.903 Y119.332
G0 X96.996 Y119.332
G0 X96.996 Y119.56
G1 F3000 X97.468 Y117.795 E343.81228
G0 F9000 X97.468 Y118.016
G0 X87.418 Y119.332
G0 X87.418 Y119.56
G1 F3000 X85.654 Y117.796 E343.89525
G0 F9000 X85.045 Y117.795
G1 F3000 X84.572 Y119.56 E343.95602
G0 F9000 X84.572 Y119.332
G0 X78.933 Y119.332
G0 X78.933 Y119.56
G1 F3000 X77.169 Y117.796 E344.039
G0 F9000 X77.169 Y118.016
G0 X78.833 Y118.016
G0 X78.833 Y117.795
G1 F3000 X78.361 Y119.56 E344.09976
G0 F9000 X78.361 Y119.332
G0 X74.943 Y118.016
G0 X74.943 Y117.796
G1 F3000 X68.361 Y119.56 E344.32641
G0 F9000 X68.361 Y119.332
G0 X68.683 Y118.016
G0 X68.683 Y117.796
G1 F3000 X70.448 Y119.56 E344.4094
G0 F9000 X70.448 Y119.332
G0 X72.149 Y119.332
G0 X72.149 Y119.56
G1 F3000 X72.622 Y117.796 E344.47015
G0 F9000 X72.622 Y118.016
G0 X66.41 Y118.016
G0 X66.41 Y117.796
G1 F3000 X65.937 Y119.561 E344.53092
G0 F9000 X65.937 Y119.332
G0 X61.962 Y119.332
G0 X61.962 Y119.56
G1 F3000 X60.198 Y117.796 E344.6139
G1 X60.199 Y117.795
G1 X59.726 Y119.56 E344.67467
G0 F9000 X59.726 Y119.332
G0 X53.987 Y118.016
G0 X53.987 Y117.796
G1 F3000 X53.514 Y119.56 E344.73542
G1 X53.477 Y119.56
G1 X51.713 Y117.796 E344.81839
G1 X51.761 Y117.796
G1 X50.643 Y118.096 E344.85689
G0 F9000 X50.896 Y118.8
G1 F3000 X52.716 Y118.8 E344.91742
G1 F2700 E339.91742
G0 F9000 X128.054 Y119.332
G0 X128.054 Y119.561
G1 F2700 E344.91742
G1 F3000 X128.527 Y117.795 E344.97823
G0 F9000 X128.08 Y117.796
G1 F3000 X129.845 Y119.56 E345.06123
G0 F9000 X129.845 Y119.332
G0 X134.265 Y119.332
G0 X134.265 Y119.56
G1 F3000 X134.739 Y117.795 E345.12201
G0 F9000 X134.739 Y118.016
G0 X136.565 Y118.016
G0 X136.565 Y117.796
G1 F3000 X138.33 Y119.56 E345.20501
G0 F9000 X137.906 Y119.56
G1 F3000 X144.493 Y117.795 E345.43182
G0 F9000 X145.05 Y117.796
G1 F3000 X146.815 Y119.56 E345.51482
G1 X146.689 Y119.56
G1 X147.162 Y117.794 E345.57563
G0 F9000 X147.162 Y118.016
G0 X152.9 Y119.332
G0 X152.9 Y119.56
G1 F3000 X153.374 Y117.795 E345.63641
G1 X153.536 Y117.796
G1 X155.3 Y119.56 E345.71938
G0 F9000 X155.3 Y119.332
G0 X159.112 Y119.332
G0 X159.112 Y119.56
G1 F3000 X159.585 Y117.794 E345.78019
G0 F9000 X159.585 Y118.016
G0 X161.088 Y119.332
G0 X161.088 Y119.56
G1 F3000 X167.676 Y117.795 E346.00704
G0 F9000 X167.676 Y118.016
G0 X165.797 Y118.016
G0 X165.797 Y117.794
G1 F3000 X165.324 Y119.56 E346.06784
G0 F9000 X165.324 Y119.332
G0 X163.786 Y119.332
G0 X163.786 Y119.56
G1 F3000 X162.021 Y117.796 E346.15084
G0 F9000 X162.021 Y118.016
G0 X170.506 Y118.016
G0 X170.506 Y117.796
G1 F3000 X172.271 Y119.56 E346.23384
G0 F9000 X171.535 Y119.561
G1 F3000 X172.009 Y117.794 E346.29469
G0 F9000 X172.009 Y118.016
G0 X177.747 Y119.332
G0 X177.747 Y119.56
G1 F3000 X178.22 Y117.795 E346.35546
G0 F9000 X178.991 Y117.796
G1 F3000 X180.756 Y119.56 E346.43846
G0 F9000 X180.756 Y119.332
G0 X183.6 Y119.332
G0 X183.6 Y119.44
G1 F3000 X183.6 Y117.915 E346.48918
G0 F9000 X184.361 Y118.06
G1 F3000 X183.959 Y119.56 E346.54083
G1 F2700 E341.54083
G0 F9000 X183.959 Y119.332
G0 X140.95 Y118.016
G0 X140.95 Y117.794
G1 F2700 E346.54083
G1 F3000 X140.477 Y119.56 E346.60164
G0 F9000 X140.477 Y119.332
G0 X117.5 Y118.016
G0 X117.5 Y117.675
;TYPE:SKIN
G1 F1075.3 X50.933 Y117.676 E349.69021
G1 F1071.4 X50.87 Y117.39 E349.70384
G1 X50.831 Y117.116 E349.71673
G1 F1073.3 X95.167 Y117.117 E351.77751
G1 F1075.3 X139.503 Y117.117 E353.83461
G1 F1077.2 X183.839 Y117.118 E355.88802
G1 F1079.1 X184.184 Y117.118 E355.90397
G1 X184.062 Y117.674 E355.93029
G1 X183.84 Y117.674 E355.94055
G1 X117.5 Y117.675 E359.00755
G0 F9000 X117.5 Y118.316
;MESH:NONMESH
G0 F300 X117.5 Y118.316 Z2
G0 F9000 X117.5 Y119.332
G0 X117.5 Y119.64
;TIME_ELAPSED:682.427073
;LAYER:9
;TYPE:WALL-INNER
;MESH:middle_union.STL
G1 F1500 X184.026 Y119.64 E361.22022
G1 X184.136 Y119.114 E361.23809
G1 X184.201 Y118.691 E361.25232
G1 X184.389 Y117.926 E361.27853
G1 X184.565 Y117.149 E361.30502
G1 X184.664 Y116.461 E361.32814
G1 X50.332 Y116.461 E365.79604
G1 X50.437 Y117.167 E365.81978
G1 X50.612 Y117.953 E365.84657
G1 X50.795 Y118.696 E365.87202
G1 X50.962 Y119.64 E365.9039
G1 X117.5 Y119.64 E368.11696
G0 F9000 X117.5 Y120.04
;TYPE:WALL-OUTER
G1 F1500 X184.421 Y120.04 E370.34277
G1 X184.46 Y119.518 E370.36018
G1 X184.53 Y119.184 E370.37153
G1 X184.589 Y118.787 E370.38488
G1 X184.779 Y118.014 E370.41135
G1 X184.959 Y117.223 E370.43833
G1 X185.06 Y116.539 E370.46133
G1 X185.088 Y116.061 E370.47725
G1 X49.911 Y116.061 E374.97326
G1 X49.936 Y116.543 E374.98931
G1 X50.041 Y117.223 E375.0122
G1 X50.224 Y118.049 E375.04034
G1 X50.41 Y118.808 E375.06633
G1 X50.473 Y119.204 E375.07966
G1 X50.54 Y119.545 E375.09122
G1 X50.575 Y120.04 E375.10773
G1 X117.5 Y120.04 E377.33366
G0 F9000 X117.5 Y119.332
G0 X115.484 Y119.332
G0 X115.484 Y119.56
;TYPE:FILL
G1 F3000 X116.039 Y117.487 E377.40504
G0 F9000 X116.039 Y117.708
G0 X115.272 Y119.332
G0 X115.272 Y119.56
G1 F3000 X123.008 Y117.487 E377.67142
G0 F9000 X122.251 Y117.487
G1 F3000 X121.695 Y119.561 E377.74283
G1 X121.56 Y119.56
G1 X119.488 Y117.488 E377.84029
G0 F9000 X119.488 Y117.708
G0 X113.075 Y119.332
G0 X113.075 Y119.56
G1 F3000 X111.002 Y117.488 E377.93778
G0 F9000 X111.002 Y117.708
G0 X109.827 Y117.708
G0 X109.827 Y117.487
G1 F3000 X109.272 Y119.561 E378.00919
G0 F9000 X109.272 Y119.332
G0 X104.59 Y119.332
G0 X104.59 Y119.56
G1 F3000 X102.517 Y117.488 E378.10667
G0 F9000 X102.517 Y117.708
G0 X103.616 Y117.708
G0 X103.616 Y117.487
G1 F3000 X103.06 Y119.561 E378.17809
G0 F9000 X103.06 Y119.332
G0 X99.825 Y117.708
G0 X99.825 Y117.488
G1 F3000 X92.089 Y119.56 E378.44446
G0 F9000 X92.089 Y119.332
G0 X90.637 Y119.332
G0 X90.637 Y119.56
G1 F3000 X91.192 Y117.488 E378.5158
G0 F9000 X91.192 Y117.708
G0 X94.032 Y117.708
G0 X94.032 Y117.488
G1 F3000 X96.104 Y119.56 E378.61326
G0 F9000 X96.848 Y119.561
G1 F3000 X97.404 Y117.487 E378.68468
G0 F9000 X97.404 Y117.708
G0 X87.619 Y119.332
G0 X87.619 Y119.56
G1 F3000 X85.546 Y117.488 E378.78216
G0 F9000 X84.981 Y117.487
G1 F3000 X84.425 Y119.561 E378.85358
G0 F9000 X84.425 Y119.332
G0 X79.134 Y119.332
G0 X79.134 Y119.56
G1 F3000 X77.061 Y117.488 E378.95107
G0 F9000 X76.643 Y117.488
G1 F3000 X68.906 Y119.561 E379.21748
G0 F9000 X68.906 Y119.332
G0 X70.648 Y119.332
G0 X70.648 Y119.56
G1 F3000 X68.576 Y117.488 E379.31494
G0 F9000 X68.576 Y117.708
G0 X66.346 Y117.708
G0 X66.346 Y117.488
G1 F3000 X65.79 Y119.561 E379.38632
G0 F9000 X65.79 Y119.332
G0 X62.163 Y119.332
G0 X62.163 Y119.56
G1 F3000 X60.091 Y117.488 E379.48378
G1 X60.134 Y117.488
G1 X59.578 Y119.561 E379.55517
G0 F9000 X59.578 Y119.332
G0 X53.678 Y119.332
G0 X53.678 Y119.56
G1 F3000 X51.605 Y117.488 E379.65265
G0 F9000 X51.605 Y117.708
G0 X50.984 Y118.157
G0 X50.759 Y118.212
G1 F3000 X53.46 Y117.488 E379.74566
G0 F9000 X53.922 Y117.487
G1 F3000 X53.367 Y119.561 E379.81707
G0 F9000 X52.917 Y118.8
G1 F3000 X51.812 Y118.8 E379.85382
G0 F9000 X51.905 Y118.763
G0 X72.002 Y119.332
G0 X72.002 Y119.56
G1 F3000 X72.557 Y117.488 E379.92516
G0 F9000 X72.557 Y117.708
G0 X78.213 Y119.332
G0 X78.213 Y119.561
G1 F3000 X78.769 Y117.487 E379.99658
G1 F2700 E374.99658
G0 F9000 X78.769 Y117.708
G0 X127.907 Y119.332
G0 X127.907 Y119.561
G1 F2700 E379.99658
G1 F3000 X128.462 Y117.487 E380.06799
G0 F9000 X127.973 Y117.488
G1 F3000 X130.045 Y119.56 E380.16545
G0 F9000 X130.045 Y119.332
G0 X134.118 Y119.332
G0 X134.118 Y119.56
G1 F3000 X134.674 Y117.486 E380.23687
G0 F9000 X134.674 Y117.708
G0 X136.458 Y117.708
G0 X136.458 Y117.488
G1 F3000 X138.531 Y119.56 E380.33435
G1 X138.455 Y119.56
G1 X146.191 Y117.487 E380.60073
G0 F9000 X147.097 Y117.487
G1 F3000 X146.542 Y119.561 E380.67214
G0 F9000 X147.016 Y119.56
G1 F3000 X144.943 Y117.488 E380.76962
G0 F9000 X144.943 Y117.708
G0 X140.886 Y117.708
G0 X140.886 Y117.486
G1 F3000 X140.33 Y119.56 E380.84104
G0 F9000 X140.33 Y119.332
G0 X152.753 Y119.332
G0 X152.753 Y119.56
G1 F3000 X153.309 Y117.487 E380.91243
G1 X153.429 Y117.488
G1 X155.501 Y119.56 E381.00989
G0 F9000 X155.501 Y119.332
G0 X158.965 Y119.332
G0 X158.965 Y119.56
G1 F3000 X159.521 Y117.486 E381.0813
G0 F9000 X159.521 Y117.708
G0 X161.914 Y117.708
G0 X161.914 Y117.488
G1 F3000 X163.987 Y119.56 E381.17879
G0 F9000 X163.987 Y119.332
G0 X165.177 Y119.332
G0 X165.177 Y119.561
G1 F3000 X165.733 Y117.486 E381.25024
G0 F9000 X165.733 Y117.708
G0 X169.375 Y117.708
G0 X169.375 Y117.487
G1 F3000 X161.637 Y119.56 E381.51668
G0 F9000 X161.637 Y119.332
G0 X170.399 Y117.708
G0 X170.399 Y117.488
G1 F3000 X172.472 Y119.56 E381.61416
G0 F9000 X172.472 Y119.332
G0 X171.388 Y119.332
G0 X171.388 Y119.561
G1 F3000 X171.944 Y117.487 E381.68558
G0 F9000 X171.944 Y117.708
G0 X177.6 Y119.332
G0 X177.6 Y119.56
G1 F3000 X178.156 Y117.486 E381.757
G0 F9000 X178.885 Y117.488
G1 F3000 X180.957 Y119.56 E381.85446
G0 F9000 X180.957 Y119.332
G0 X183.634 Y118.07
G0 X184.042 Y118.205
G0 X184.113 Y118.435
G1 F3000 X184.368 Y117.486 E381.88714
G1 F2700 E376.88714
G0 F9000 X184.171 Y117.669
G0 X117.482 Y117.708
G0 X117.482 Y117.39
;TYPE:SKIN
G1 F2700 E381.88714
G1 F1169.6 X50.912 Y117.391 E384.72676
G1 F1167.3 X50.802 Y116.877 E384.74923
G1 F1169.6 X117.34 Y116.876 E387.58748
G1 F1171.9 X183.878 Y116.876 E390.4202
G1 F1174.2 X184.199 Y116.875 E390.43384
G1 X184.083 Y117.388 E390.45619
G1 X183.878 Y117.389 E390.4649
G1 F1171.9 X117.482 Y117.39 E393.29157
G1 F2700 E388.29157
G0 F9000 X117.482 Y117.708
G0 X182.94 Y119.151
G0 X183.201 Y119.257
G1 F2700 E393.29157
G1 F1348.3 X183.373 Y118.817 E393.30905
G1 F1354.4 X183.708 Y118.33 E393.33083
G1 F1351.4 X183.86 Y118.394 E393.33691
G1 X183.725 Y119.257 E393.36916
G1 F1345.3 X183.201 Y119.257 E393.3886
G1 F2700 E388.3886
G0 F9000 X182.94 Y119.151
G0 X52.061 Y119.152
G0 X51.798 Y119.257
G1 F2700 E393.3886
G1 F1345.3 X51.283 Y119.257 E393.40769
G1 X51.135 Y118.414 E393.43943
G1 X51.302 Y118.347 E393.44611
G1 X51.626 Y118.829 E393.46765
G1 X51.798 Y119.257 E393.48475
G0 F9000 X52.34 Y119.032
G1 F2700 E388.48475
;MESH:NONMESH
G0 F300 X52.34 Y119.032 Z2.2
G0 F9000 X117.5 Y119.332
G0 X117.5 Y119.64
;TIME_ELAPSED:737.062408
;LAYER:10
;TYPE:WALL-INNER
;MESH:middle_union.STL
G1 F2700 E393.48475
G1 F1500 X183.86 Y119.64 E395.69189
G1 X184.04 Y118.777 E395.72122
G1 X184.148 Y118.449 E395.7327
G1 X184.274 Y117.952 E395.74975
G1 X184.393 Y117.59 E395.76243
G1 X184.511 Y117.077 E395.77994
G1 X184.565 Y116.885 E395.78657
G1 X184.657 Y116.3 E395.80627
G1 X50.337 Y116.3 E400.27377
G1 X50.431 Y116.88 E400.29331
G1 X50.494 Y117.1 E400.30092
G1 X50.607 Y117.6 E400.31797
G1 X50.74 Y118.001 E400.33202
G1 X50.846 Y118.445 E400.34721
G1 X50.955 Y118.777 E400.35883
G1 X51.141 Y119.64 E400.38819
G1 X117.5 Y119.64 E402.5953
G0 F9000 X117.5 Y120.04
;TYPE:WALL-OUTER
G1 F1500 X184.25 Y120.04 E404.81541
G1 X184.288 Y119.551 E404.83173
G1 X184.438 Y118.835 E404.85606
G1 X184.532 Y118.563 E404.86563
G1 X184.654 Y118.077 E404.8823
G1 X184.779 Y117.698 E404.89557
G1 X184.903 Y117.157 E404.91403
G1 X184.956 Y116.972 E404.92043
G1 X185.06 Y116.317 E404.94249
G1 X185.086 Y115.9 E404.95639
G1 X49.912 Y115.9 E409.45229
G1 X49.935 Y116.318 E409.46621
G1 X50.04 Y116.968 E409.48811
G1 X50.104 Y117.188 E409.49573
G1 X50.221 Y117.709 E409.51349
G1 X50.346 Y118.075 E409.52636
G1 X50.461 Y118.556 E409.54281
G1 X50.564 Y118.861 E409.55351
G1 X50.712 Y119.549 E409.57692
G1 X50.747 Y120.04 E409.59329
G1 X117.5 Y120.04 E411.81351
G0 F9000 X117.5 Y119.332
G0 X115.817 Y119.332
G0 X115.817 Y119.56
;TYPE:FILL
G1 F3000 X124.629 Y117.199 E412.11693
G0 F9000 X124.629 Y117.42
G0 X122.182 Y117.42
G0 X122.182 Y117.199
G1 F3000 X121.549 Y119.56 E412.19823
G0 F9000 X121.76 Y119.56
G1 F3000 X119.399 Y117.2 E412.30926
G0 F9000 X119.399 Y117.42
G0 X115.97 Y117.42
G0 X115.97 Y117.2
G1 F3000 X115.338 Y119.56 E412.39052
G0 F9000 X115.338 Y119.332
G0 X113.274 Y119.332
G0 X113.274 Y119.56
G1 F3000 X110.914 Y117.2 E412.50153
G0 F9000 X110.914 Y117.42
G0 X109.759 Y117.42
G0 X109.759 Y117.199
G1 F3000 X109.126 Y119.56 E412.58283
G0 F9000 X109.126 Y119.332
G0 X104.789 Y119.332
G0 X104.789 Y119.56
G1 F3000 X102.429 Y117.2 E412.69384
G0 F9000 X101.446 Y117.199
G1 F3000 X92.635 Y119.56 E412.99723
G0 F9000 X92.635 Y119.332
G0 X90.491 Y119.332
G0 X90.491 Y119.56
G1 F3000 X91.124 Y117.199 E413.07853
G0 F9000 X91.124 Y117.42
G0 X93.943 Y117.42
G0 X93.943 Y117.2
G1 F3000 X96.304 Y119.56 E413.18956
G0 F9000 X96.703 Y119.56
G1 F3000 X97.335 Y117.2 E413.27082
G0 F9000 X97.335 Y117.42
G0 X102.914 Y119.332
G0 X102.914 Y119.56
G1 F3000 X103.547 Y117.199 E413.35212
G0 F9000 X103.547 Y117.42
G0 X87.818 Y119.332
G0 X87.818 Y119.56
G1 F3000 X85.458 Y117.2 E413.46313
G0 F9000 X84.912 Y117.199
G1 F3000 X84.279 Y119.56 E413.54443
G0 F9000 X84.279 Y119.332
G0 X79.333 Y119.332
G0 X79.333 Y119.56
G1 F3000 X76.973 Y117.2 E413.65544
G0 F9000 X76.973 Y117.42
G0 X78.263 Y117.42
G0 X78.263 Y117.199
G1 F3000 X69.453 Y119.56 E413.9588
G0 F9000 X69.453 Y119.332
G0 X70.848 Y119.332
G0 X70.848 Y119.56
G1 F3000 X68.488 Y117.2 E414.06981
G0 F9000 X68.488 Y117.42
G0 X66.277 Y117.42
G0 X66.277 Y117.199
G1 F3000 X65.644 Y119.56 E414.15111
G0 F9000 X65.644 Y119.332
G0 X62.363 Y119.332
G0 X62.363 Y119.56
G1 F3000 X60.002 Y117.2 E414.26214
G1 X60.065 Y117.199
G1 X59.433 Y119.56 E414.34343
G0 F9000 X59.433 Y119.332
G0 X55.08 Y117.42
G0 X55.08 Y117.2
G1 F3000 X51.555 Y118.144 E414.4648
G0 F9000 X51.517 Y117.2
G1 F3000 X53.877 Y119.56 E414.57581
G0 F9000 X53.221 Y119.561
G1 F3000 X53.853 Y117.2 E414.6571
G0 F9000 X53.853 Y117.42
G0 X71.856 Y119.332
G0 X71.856 Y119.561
G1 F3000 X72.488 Y117.2 E414.73839
G0 F9000 X72.488 Y117.42
G0 X78.068 Y119.332
G0 X78.068 Y119.56
G1 F3000 X78.7 Y117.2 E414.81965
G1 F2700 E409.81965
G0 F9000 X78.7 Y117.42
G0 X127.761 Y119.332
G0 X127.761 Y119.56
G1 F2700 E414.81965
G1 F3000 X128.394 Y117.199 E414.90096
G0 F9000 X127.885 Y117.2
G1 F3000 X130.245 Y119.56 E415.01196
G0 F9000 X130.245 Y119.332
G0 X133.972 Y119.332
G0 X133.972 Y119.561
G1 F3000 X134.605 Y117.199 E415.0933
G0 F9000 X134.605 Y117.42
G0 X136.37 Y117.42
G0 X136.37 Y117.2
G1 F3000 X138.73 Y119.56 E415.2043
G0 F9000 X139 Y119.56
G1 F3000 X147.812 Y117.199 E415.50773
G0 F9000 X147.028 Y117.199
G1 F3000 X146.396 Y119.56 E415.58902
G0 F9000 X147.215 Y119.56
G1 F3000 X144.855 Y117.2 E415.70003
G0 F9000 X144.855 Y117.42
G0 X140.817 Y117.42
G0 X140.817 Y117.2
G1 F3000 X140.184 Y119.56 E415.7813
G0 F9000 X140.184 Y119.332
G0 X152.607 Y119.332
G0 X152.607 Y119.561
G1 F3000 X153.24 Y117.199 E415.86263
G1 X153.34 Y117.2
G1 X155.701 Y119.56 E415.97366
G0 F9000 X155.701 Y119.332
G0 X158.819 Y119.332
G0 X158.819 Y119.56
G1 F3000 X159.452 Y117.199 E416.05496
G0 F9000 X159.452 Y117.42
G0 X161.826 Y117.42
G0 X161.826 Y117.2
G1 F3000 X164.186 Y119.56 E416.16597
G0 F9000 X165.031 Y119.56
G1 F3000 X165.663 Y117.199 E416.24726
G0 F9000 X165.663 Y117.42
G0 X162.182 Y119.332
G0 X162.182 Y119.56
G1 F3000 X170.995 Y117.199 E416.55072
G0 F9000 X170.311 Y117.2
G1 F3000 X172.671 Y119.56 E416.66172
G0 F9000 X172.671 Y119.332
G0 X171.243 Y119.332
G0 X171.243 Y119.56
G1 F3000 X171.875 Y117.199 E416.74302
G0 F9000 X171.875 Y117.42
G0 X177.454 Y119.332
G0 X177.454 Y119.56
G1 F3000 X178.087 Y117.199 E416.82432
G0 F9000 X178.796 Y117.2
G1 F3000 X181.157 Y119.56 E416.93535
G0 F9000 X181.157 Y119.332
G0 X183.515 Y117.766
G0 X183.997 Y117.929
G0 X184.044 Y118.147
G1 F3000 X184.299 Y117.198 E416.96803
G1 F2700 E411.96803
G0 F9000 X184.164 Y117.381
G0 X117.482 Y117.42
G0 X117.482 Y117.134
;TYPE:SKIN
G1 F2700 E416.96803
G1 F1336.3 X50.896 Y117.135 E419.45399
G1 F1333.3 X50.777 Y116.686 E419.47137
G1 F1336.3 X117.353 Y116.685 E421.95695
G1 F1339.3 X183.929 Y116.684 E424.43699
G1 F1342.3 X184.215 Y116.684 E424.44762
G1 X184.104 Y117.132 E424.46478
G1 X183.929 Y117.133 E424.47128
G1 F1339.3 X117.482 Y117.134 E426.94652
G1 F2700 E421.94652
G0 F9000 X117.482 Y117.42
G0 X182.564 Y119.058
G0 X182.833 Y119.221
G1 F2700 E426.94652
G1 F1156.1 X183.066 Y118.833 E426.96606
G1 X183.192 Y118.708 E426.97371
G1 X183.61 Y118.074 E427.00649
G1 X183.8 Y118.152 E427.01535
G1 X183.633 Y118.672 E427.03892
G1 X183.517 Y119.221 E427.06313
G1 X182.833 Y119.221 E427.09265
G1 F2700 E422.09265
G0 F9000 X182.564 Y119.058
G0 X52.434 Y119.058
G0 X52.158 Y119.22
G1 F2700 E427.09265
G1 F1153.8 X51.477 Y119.219 E427.1221
G1 X51.359 Y118.656 E427.14697
G1 X51.184 Y118.148 E427.1702
G1 X51.384 Y118.064 E427.17958
G1 X51.777 Y118.67 E427.21081
G1 X51.928 Y118.832 E427.22039
G1 X52.158 Y119.22 E427.23989
G0 F9000 X52.692 Y118.906
G1 F2700 E422.23989
;MESH:NONMESH
G0 F300 X52.692 Y118.906 Z2.4
G0 F9000 X117.5 Y119.332
G0 X117.5 Y119.64
;TIME_ELAPSED:790.549775
;LAYER:11
;TYPE:WALL-INNER
;MESH:middle_union.STL
G1 F2700 E427.23989
G1 F1500 X183.663 Y119.64 E429.44048
G1 X183.692 Y119.451 E429.44684
G1 X183.836 Y118.958 E429.46392
G1 X183.877 Y118.778 E429.47006
G1 X184.172 Y117.953 E429.4992
G1 X184.399 Y117.264 E429.52333
G1 X184.565 Y116.67 E429.54384
G1 X184.65 Y116.141 E429.56166
G1 X50.345 Y116.14 E434.02867
G1 X50.435 Y116.671 E434.04658
G1 X50.599 Y117.277 E434.06746
G1 X50.83 Y117.964 E434.09157
G1 X50.868 Y118.051 E434.09472
G1 X51.12 Y118.779 E434.12035
G1 X51.159 Y118.948 E434.12612
G1 X51.305 Y119.454 E434.14363
G1 X51.333 Y119.64 E434.14989
G1 X117.5 Y119.64 E436.35061
G0 F9000 X117.5 Y120.04
;TYPE:WALL-OUTER
G1 F1500 X184.029 Y120.04 E438.56338
G1 X184.068 Y119.602 E438.578
G1 X184.225 Y119.052 E438.59703
G1 X184.247 Y118.937 E438.60092
G1 X184.513 Y118.169 E438.62795
G1 X184.545 Y118.099 E438.63051
G1 X184.776 Y117.401 E438.65497
G1 X184.956 Y116.756 E438.67724
G1 X185.06 Y116.113 E438.6989
G1 X185.083 Y115.741 E438.7113
G1 X49.913 Y115.74 E443.20707
G1 X49.935 Y116.117 E443.21963
G1 X50.044 Y116.757 E443.24122
G1 X50.216 Y117.393 E443.26314
G1 X50.458 Y118.113 E443.2884
G1 X50.49 Y118.182 E443.29093
G1 X50.742 Y118.91 E443.31655
G1 X50.771 Y119.044 E443.32111
G1 X50.928 Y119.6 E443.34033
G1 X50.97 Y120.04 E443.35503
G1 X117.5 Y120.04 E445.56783
G0 F9000 X117.5 Y119.332
G0 X116.367 Y119.332
G0 X116.367 Y119.56
;TYPE:FILL
G1 F3000 X119.205 Y118.8 E445.66555
G1 X115.395 Y118.8 E445.79227
G1 X115.191 Y119.56 E445.81844
G0 F9000 X115.394 Y118.8
G0 X113.474 Y119.332
G0 X113.474 Y119.56
G1 F3000 X112.714 Y118.8 E445.85419
G1 X109.184 Y118.8 E445.9716
G1 X108.979 Y119.561 E445.99781
G0 F9000 X109.182 Y118.8
G0 X109.874 Y116.453
G0 X109.874 Y116.22
G1 F3000 X109.182 Y118.8 E446.08665
G1 X104.23 Y118.8 E446.25136
G1 X101.649 Y116.22 E446.37274
G0 F9000 X101.649 Y116.453
G0 X103.662 Y116.453
G0 X103.662 Y116.22
G1 F3000 X102.97 Y118.8 E446.46158
G1 X96.76 Y118.8 E446.66813
G1 X96.556 Y119.56 E446.6943
G1 X96.504 Y119.56
G1 X93.164 Y116.22 E446.8514
G0 F9000 X93.164 Y116.453
G0 X91.239 Y116.453
G0 X91.239 Y116.219
G1 F3000 X90.547 Y118.8 E446.94028
G1 X87.26 Y118.8 E447.0496
G1 X84.679 Y116.22 E447.17098
G0 F9000 X85.027 Y116.22
G1 F3000 X84.335 Y118.8 E447.25983
G1 X78.774 Y118.8 E447.44479
G1 X76.194 Y116.22 E447.56614
G0 F9000 X76.194 Y116.453
G0 X78.816 Y116.453
G0 X78.816 Y116.22
G1 F3000 X78.123 Y118.8 E447.655
G1 X72.842 Y118.8 E447.83064
G1 X82.466 Y116.22 E448.16204
G0 F9000 X82.466 Y116.453
G0 X84.335 Y118.8
G0 X84.132 Y119.561
G1 F3000 X84.337 Y118.8 E448.18825
G1 X87.258 Y118.8 E448.28541
G1 X88.019 Y119.56 E448.32118
G0 F9000 X88.019 Y119.332
G0 X87.26 Y118.8
G0 X90.344 Y119.332
G0 X90.344 Y119.561
G1 F3000 X90.547 Y118.8 E448.34737
G1 X90.549 Y118.8
G1 X95.606 Y118.8 E448.51557
G0 F9000 X96.76 Y118.8
G1 F3000 X97.451 Y116.22 E448.60441
G0 F9000 X97.451 Y116.453
G0 X93.186 Y119.332
G0 X93.186 Y119.56
G1 F3000 X105.647 Y116.221 E449.03348
G0 F9000 X105.647 Y116.453
G0 X104.23 Y118.8
G0 X104.989 Y119.332
G0 X104.989 Y119.56
G1 F3000 X104.228 Y118.8 E449.06925
G1 X102.971 Y118.8 E449.11106
G1 X102.767 Y119.561 E449.13727
G0 F9000 X102.97 Y118.8
G0 X110.135 Y116.453
G0 X110.135 Y116.22
G1 F3000 X112.715 Y118.8 E449.25862
G1 X115.394 Y118.8 E449.34773
G1 X116.086 Y116.22 E449.43657
G0 F9000 X116.086 Y116.453
G0 X118.621 Y116.453
G0 X118.621 Y116.221
G1 F3000 X121.96 Y119.56 E449.59363
G0 F9000 X121.402 Y119.561
G1 F3000 X121.606 Y118.8 E449.61983
G1 X127.817 Y118.8 E449.82641
G1 X128.509 Y116.22 E449.91525
G0 F9000 X128.829 Y116.221
G1 F3000 X119.205 Y118.8 E450.24664
G0 F9000 X120 Y118.586
G1 F3000 X120 Y119.44 E450.27505
G0 F9000 X120.4 Y119.44
G1 F3000 X120.4 Y118.479 E450.30701
G0 F9000 X121.606 Y118.8
G1 F3000 X122.297 Y116.22 E450.39585
G0 F9000 X122.297 Y116.453
G0 X127.106 Y116.453
G0 X127.106 Y116.221
G1 F3000 X129.686 Y118.8 E450.51718
G1 X134.028 Y118.8 E450.66159
G1 X134.72 Y116.22 E450.75044
G0 F9000 X135.591 Y116.221
G1 F3000 X138.171 Y118.8 E450.87177
G1 X140.24 Y118.8 E450.94058
G1 X140.932 Y116.22 E451.02943
G0 F9000 X140.932 Y116.453
G0 X140.24 Y118.8
G0 X140.037 Y119.56
G1 F3000 X140.24 Y118.8 E451.05559
G1 X142.388 Y118.8 E451.12703
G1 X139.549 Y119.56 E451.22479
G0 F9000 X138.93 Y119.56
G1 F3000 X138.169 Y118.8 E451.26056
G1 X134.03 Y118.8 E451.39822
G1 X133.825 Y119.561 E451.42443
G0 F9000 X134.028 Y118.8
G0 X130.445 Y119.332
G0 X130.445 Y119.56
G1 F3000 X129.684 Y118.8 E451.46021
G1 X127.819 Y118.8 E451.52224
G1 X127.614 Y119.561 E451.54845
G0 F9000 X127.817 Y118.8
G0 X129.684 Y118.8
G0 X138.169 Y118.8
G0 X142.385 Y118.8
G0 X144.077 Y116.453
G0 X144.077 Y116.221
G1 F3000 X146.657 Y118.8 E451.66978
G1 X152.663 Y118.8 E451.86954
G1 X153.355 Y116.22 E451.95838
G0 F9000 X152.562 Y116.221
G1 F3000 X155.142 Y118.8 E452.07972
G1 X158.875 Y118.8 E452.20388
G1 X159.567 Y116.22 E452.29272
G0 F9000 X159.567 Y116.453
G0 X161.047 Y116.453
G0 X161.047 Y116.221
G1 F3000 X163.627 Y118.8 E452.41405
G1 X165.087 Y118.8 E452.46261
G1 X165.779 Y116.221 E452.55142
G0 F9000 X165.779 Y116.453
G0 X165.569 Y118.8
G1 F3000 X162.731 Y119.56 E452.64914
G0 F9000 X162.731 Y119.332
G0 X163.625 Y118.8
G0 X164.386 Y119.332
G0 X164.386 Y119.56
G1 F3000 X163.625 Y118.8 E452.68491
G1 X158.876 Y118.8 E452.84287
G1 X158.672 Y119.56 E452.86904
G0 F9000 X158.875 Y118.8
G0 X155.901 Y119.332
G0 X155.901 Y119.56
G1 F3000 X155.14 Y118.8 E452.90481
G1 X152.665 Y118.8 E452.98713
G1 X152.46 Y119.561 E453.01334
G0 F9000 X152.663 Y118.8
G0 X155.14 Y118.8
G0 X152.011 Y116.453
G0 X152.011 Y116.221
G1 F3000 X142.385 Y118.8 E453.3448
G1 X146.453 Y118.8 E453.4801
G1 X147.144 Y116.221 E453.5689
G0 F9000 X147.144 Y116.453
G0 X146.657 Y118.8
G1 F3000 X147.416 Y119.56 E453.60463
G0 F9000 X147.416 Y119.332
G0 X146.249 Y119.332
G0 X146.249 Y119.561
G1 F3000 X146.453 Y118.8 E453.63083
G0 F9000 X164.884 Y119.332
G0 X164.884 Y119.561
G1 F3000 X165.087 Y118.8 E453.65703
G0 F9000 X169.532 Y116.453
G0 X169.532 Y116.221
G1 F3000 X172.112 Y118.8 E453.77836
G1 X177.51 Y118.8 E453.9579
G1 X178.202 Y116.22 E454.04674
G1 X178.018 Y116.221
G1 X180.596 Y118.8 E454.16803
G1 X180.598 Y118.8
G1 X181.905 Y118.8 E454.2115
G0 F9000 X181.357 Y119.56
G1 F3000 X180.596 Y118.8 E454.24727
G1 X177.511 Y118.8 E454.34988
G1 X177.307 Y119.56 E454.37605
G0 F9000 X177.51 Y118.8
G0 X175.192 Y116.453
G0 X175.192 Y116.221
G1 F3000 X165.569 Y118.8 E454.70741
G1 X171.298 Y118.8 E454.89795
G1 X171.99 Y116.22 E454.9868
G0 F9000 X171.99 Y116.453
G0 X172.11 Y118.8
G0 X171.299 Y118.8
G0 X171.095 Y119.561
G1 F3000 X171.299 Y118.8 E455.013
G1 X172.11 Y118.8 E455.03998
G1 X172.871 Y119.56 E455.07575
G0 F9000 X172.871 Y119.332
G0 X183.59 Y117.45
G0 X183.987 Y117.646
G0 X183.977 Y117.851
G1 F3000 X184.414 Y116.221 E455.13188
G1 F2700 E450.13188
G0 F9000 X184.33 Y116.417
G0 X112.715 Y118.8
G0 X79.533 Y119.332
G0 X79.533 Y119.56
G1 F2700 E455.13188
G1 F3000 X78.774 Y118.8 E455.1676
G0 F9000 X78.123 Y118.8
G1 F3000 X77.92 Y119.561 E455.1938
G0 F9000 X77.92 Y119.332
G0 X72.842 Y118.8
G0 X71.913 Y118.8
G0 X71.709 Y119.561
G1 F3000 X71.913 Y118.8 E455.22
G1 X72.84 Y118.8 E455.25083
G1 X70.004 Y119.56 E455.34849
G0 F9000 X70.287 Y118.8
G0 X71.048 Y119.332
G0 X71.048 Y119.56
G1 F3000 X70.287 Y118.8 E455.38426
G1 X65.702 Y118.8 E455.53676
G1 X65.497 Y119.561 E455.56297
G0 F9000 X65.7 Y118.8
G0 X66.392 Y116.453
G0 X66.392 Y116.22
G1 F3000 X65.7 Y118.8 E455.65181
G1 X61.804 Y118.8 E455.7814
G1 X59.223 Y116.22 E455.90278
G1 X59.284 Y116.22
G1 X51.899 Y118.199 E456.15707
G0 F9000 X52.057 Y118.047
G0 X53.3 Y118.764
G0 X53.232 Y118.971
G1 F3000 X53.969 Y116.219 E456.25183
G0 F9000 X53.969 Y116.453
G0 X53.327 Y118.773
G0 X53.318 Y118.8
G1 F3000 X54.077 Y119.56 E456.28755
G0 F9000 X54.077 Y119.332
G0 X50.738 Y116.453
G0 X50.738 Y116.22
G1 F3000 X53.318 Y118.8 E456.4089
G1 X59.488 Y118.8 E456.61412
G1 X60.181 Y116.219 E456.703
G0 F9000 X60.181 Y116.453
G0 X59.49 Y118.8
G0 X59.285 Y119.561
G1 F3000 X59.49 Y118.8 E456.72922
G1 X61.802 Y118.8 E456.80612
G1 X62.563 Y119.56 E456.84189
G0 F9000 X62.563 Y119.332
G0 X61.804 Y118.8
G0 X67.708 Y116.453
G0 X67.708 Y116.22
G1 F3000 X70.289 Y118.8 E456.96327
G1 X71.912 Y118.8 E457.01725
G1 X72.604 Y116.219 E457.10612
G0 F9000 X72.604 Y116.453
G0 X52.337 Y118.335
G0 X51.989 Y118.873
;TYPE:SKIN
G1 F1456.3 X51.913 Y118.917 E457.10913
G1 X51.912 Y118.829 E457.11215
G1 X51.989 Y118.873 E457.11519
G0 F9000 X52.337 Y118.335
G0 X53.402 Y118.871
G0 X53.399 Y119.321
G0 X53.141 Y119.28
G1 F1500 X51.626 Y119.28 E457.16557
G1 X51.462 Y118.664 E457.18678
G1 X51.16 Y117.809 E457.21694
G1 X51.36 Y117.688 E457.22471
G1 X51.759 Y118.13 E457.24451
G1 X51.839 Y118.195 E457.24794
G1 X52.178 Y118.542 E457.26408
G1 X52.504 Y118.736 E457.2767
G1 X52.609 Y118.811 E457.28099
G1 X53.186 Y119.001 E457.30119
G1 X53.141 Y119.28 E457.31059
G1 F2700 E452.31059
G0 F9000 X53.399 Y119.321
G0 X182.665 Y118.333
G0 X183.107 Y118.872
G1 F2700 E457.31059
G1 F1442.3 X183.081 Y118.917 E457.31239
G1 X183.029 Y118.917 E457.31419
G1 X183.003 Y118.872 E457.31599
G1 X183.029 Y118.827 E457.31778
G1 X183.081 Y118.827 E457.31958
G1 X183.107 Y118.872 E457.32138
G0 F9000 X182.665 Y118.333
G0 X181.596 Y118.869
G0 X181.597 Y119.319
G0 X181.852 Y119.28
G1 F1500 X181.808 Y118.998 E457.33087
G1 X182.382 Y118.815 E457.35091
G1 X182.488 Y118.739 E457.35525
G1 X182.818 Y118.542 E457.36803
G1 X183.156 Y118.197 E457.3841
G1 X183.242 Y118.129 E457.38774
G1 X183.629 Y117.692 E457.40716
G1 X183.835 Y117.813 E457.4151
G1 X183.531 Y118.664 E457.44516
G1 X183.368 Y119.28 E457.46635
G1 X181.852 Y119.28 E457.51678
G0 F9000 X181.301 Y119.032
G1 F2700 E452.51678
;MESH:NONMESH
G0 F300 X181.301 Y119.032 Z2.6
G0 F9000 X117.5 Y119.332
G0 X117.5 Y119.639
;TIME_ELAPSED:840.523274
;LAYER:12
;TYPE:WALL-INNER
;MESH:middle_union.STL
G1 F2700 E457.51678
G1 F1500 X183.416 Y119.639 E459.70915
G1 X183.644 Y118.831 E459.73707
G1 X183.859 Y118.377 E459.75378
G1 X183.936 Y118.152 E459.76169
G1 X184.169 Y117.645 E459.78025
G1 X184.29 Y117.288 E459.79279
G1 X184.4 Y117.025 E459.80227
G1 X184.571 Y116.424 E459.82305
G1 X184.65 Y115.984 E459.83792
G1 X50.344 Y115.983 E464.30496
G1 X50.43 Y116.441 E464.32045
G1 X50.592 Y117.021 E464.34048
G1 X50.726 Y117.342 E464.35205
G1 X50.834 Y117.668 E464.36348
G1 X51.04 Y118.104 E464.37951
G1 X51.134 Y118.371 E464.38893
G1 X51.364 Y118.878 E464.40745
G1 X51.596 Y119.64 E464.43394
G1 X117.5 Y119.639 E466.62591
G0 F9000 X117.5 Y120.04
;TYPE:WALL-OUTER
G1 F1500 X183.765 Y120.039 E468.8299
G1 X183.821 Y119.628 E468.84369
G1 X183.878 Y119.474 E468.84916
G1 X184.027 Y118.958 E468.86702
G1 X184.23 Y118.528 E468.88283
G1 X184.314 Y118.282 E468.89148
G1 X184.541 Y117.793 E468.90941
G1 X184.659 Y117.442 E468.92173
G1 X184.778 Y117.157 E468.932
G1 X184.961 Y116.514 E468.95424
G1 X185.06 Y115.963 E468.97286
G1 X185.083 Y115.584 E468.98548
G1 X49.912 Y115.584 E473.48129
G1 X49.935 Y115.963 E473.49392
G1 X50.044 Y116.548 E473.51371
G1 X50.214 Y117.153 E473.53461
G1 X50.346 Y117.468 E473.54597
G1 X50.462 Y117.817 E473.5582
G1 X50.678 Y118.274 E473.57502
G1 X50.762 Y118.521 E473.58369
G1 X50.97 Y118.963 E473.59994
G1 X51.13 Y119.5 E473.61858
G1 X51.164 Y119.589 E473.62175
G1 X51.231 Y120.04 E473.63691
G1 X117.5 Y120.04 E475.84103
G1 F2700 E470.84103
G0 F9000 X117.5 Y119.732
G0 X51.718 Y119.472
G0 X50.966 Y117.531
G0 X51.26 Y116.938
G0 X115.389 Y118.053
G0 X115.389 Y118.274
;TYPE:FILL
G1 F2700 E475.84103
G1 F3000 X115.982 Y116.063 E475.91716
G0 F9000 X115.982 Y116.296
G0 X118.664 Y116.296
G0 X118.664 Y116.065
G1 F3000 X120.872 Y118.273 E476.02102
G0 F9000 X121.601 Y118.274
G1 F3000 X122.193 Y116.064 E476.09712
G0 F9000 X122.193 Y116.296
G0 X121.714 Y118.053
G0 X121.714 Y118.273
G1 F3000 X129.96 Y116.064 E476.38105
G0 F9000 X129.96 Y116.296
G0 X128.405 Y116.296
G0 X128.405 Y116.063
G1 F3000 X127.812 Y118.274 E476.45719
G0 F9000 X127.812 Y118.053
G0 X129.357 Y118.053
G0 X129.357 Y118.273
G1 F3000 X127.149 Y116.065 E476.56105
G0 F9000 X127.149 Y116.296
G0 X134.024 Y118.053
G0 X134.024 Y118.274
G1 F3000 X134.617 Y116.063 E476.63718
G0 F9000 X134.617 Y116.296
G0 X135.634 Y116.296
G0 X135.634 Y116.065
G1 F3000 X137.843 Y118.273 E476.74107
G0 F9000 X137.843 Y118.053
G0 X140.236 Y118.053
G0 X140.236 Y118.274
G1 F3000 X140.828 Y116.064 E476.81716
G0 F9000 X140.828 Y116.296
G0 X144.12 Y116.296
G0 X144.12 Y116.065
G1 F3000 X146.328 Y118.273 E476.92102
G1 X146.448 Y118.274
G1 X147.04 Y116.063 E476.99715
G0 F9000 X147.04 Y116.296
G0 X144.896 Y118.053
G0 X144.896 Y118.273
G1 F3000 X153.143 Y116.064 E477.28111
G1 X153.252 Y116.063
G1 X152.659 Y118.274 E477.35725
G0 F9000 X152.659 Y118.053
G0 X154.813 Y118.053
G0 X154.813 Y118.273
G1 F3000 X152.605 Y116.065 E477.46111
G0 F9000 X152.605 Y116.296
G0 X158.871 Y118.053
G0 X158.871 Y118.274
G1 F3000 X159.463 Y116.064 E477.5372
G0 F9000 X159.463 Y116.296
G0 X161.09 Y116.296
G0 X161.09 Y116.065
G1 F3000 X163.299 Y118.273 E477.64109
G0 F9000 X163.299 Y118.053
G0 X165.083 Y118.053
G0 X165.083 Y118.274
G1 F3000 X165.675 Y116.064 E477.71718
G0 F9000 X165.675 Y116.296
G0 X168.078 Y118.053
G0 X168.078 Y118.273
G1 F3000 X176.326 Y116.063 E478.00119
G0 F9000 X176.326 Y116.296
G0 X178.061 Y116.296
G0 X178.061 Y116.065
G1 F3000 X180.269 Y118.273 E478.10505
G0 F9000 X180.269 Y118.053
G0 X177.506 Y118.053
G0 X177.506 Y118.274
G1 F3000 X178.098 Y116.064 E478.18114
G0 F9000 X178.098 Y116.296
G0 X183.495 Y117.237
G0 X183.997 Y117.445
G0 X183.889 Y117.634
G1 F3000 X184.31 Y116.064 E478.23521
G0 F9000 X184.31 Y116.296
G0 X171.887 Y116.296
G0 X171.887 Y116.063
G1 F3000 X171.294 Y118.273 E478.31131
G0 F9000 X171.784 Y118.273
G1 F3000 X169.576 Y116.065 E478.41517
G1 F2700 E473.41517
G0 F9000 X169.576 Y116.296
G0 X112.388 Y118.053
G0 X112.388 Y118.274
G1 F2700 E478.41517
G1 F3000 X110.179 Y116.065 E478.51907
G0 F9000 X109.77 Y116.063
G1 F3000 X109.177 Y118.274 E478.59521
G0 F9000 X109.177 Y118.053
G0 X106.778 Y116.296
G0 X106.778 Y116.064
G1 F3000 X98.531 Y118.273 E478.87918
G0 F9000 X98.531 Y118.053
G0 X96.754 Y118.053
G0 X96.754 Y118.274
G1 F3000 X97.347 Y116.063 E478.95531
G0 F9000 X97.347 Y116.296
G0 X95.417 Y118.053
G0 X95.417 Y118.274
G1 F3000 X93.208 Y116.065 E479.05922
G0 F9000 X93.208 Y116.296
G0 X91.135 Y116.296
G0 X91.135 Y116.063
G1 F3000 X90.543 Y118.274 E479.13535
G0 F9000 X90.543 Y118.053
G0 X86.932 Y118.053
G0 X86.932 Y118.274
G1 F3000 X84.723 Y116.065 E479.23925
G0 F9000 X84.923 Y116.064
G1 F3000 X84.331 Y118.275 E479.31538
G0 F9000 X84.331 Y118.053
G0 X83.595 Y116.296
G0 X83.595 Y116.064
G1 F3000 X75.349 Y118.273 E479.59931
G0 F9000 X75.349 Y118.053
G0 X76.237 Y116.296
G0 X76.237 Y116.065
G1 F3000 X78.446 Y118.274 E479.70322
G0 F9000 X78.119 Y118.274
G1 F3000 X78.712 Y116.063 E479.77935
G0 F9000 X78.712 Y116.296
G0 X72.5 Y116.296
G0 X72.5 Y116.063
G1 F3000 X71.908 Y118.274 E479.85548
G0 F9000 X71.908 Y118.053
G0 X69.961 Y118.053
G0 X69.961 Y118.274
G1 F3000 X67.752 Y116.065 E479.95939
G0 F9000 X67.752 Y116.296
G0 X66.288 Y116.296
G0 X66.288 Y116.063
G1 F3000 X65.696 Y118.274 E480.03552
G0 F9000 X65.696 Y118.053
G0 X61.476 Y118.053
G0 X61.476 Y118.274
G1 F3000 X59.267 Y116.065 E480.13942
G0 F9000 X60.077 Y116.063
G1 F3000 X59.484 Y118.274 E480.21556
G0 F9000 X59.484 Y118.053
G0 X60.413 Y116.296
G0 X60.413 Y116.064
G1 F3000 X52.445 Y118.199 E480.48992
G0 F9000 X52.991 Y118.274
G1 F3000 X50.782 Y116.065 E480.59383
G0 F9000 X50.782 Y116.296
G0 X53.865 Y116.296
G0 X53.865 Y116.063
G1 F3000 X53.273 Y118.274 E480.66996
G1 F2700 E475.66996
G0 F9000 X53.273 Y118.053
G0 X101.693 Y116.296
G0 X101.693 Y116.065
G1 F2700 E480.66996
G1 F3000 X103.902 Y118.274 E480.77386
G0 F9000 X102.966 Y118.274
G1 F3000 X103.558 Y116.064 E480.84996
G1 F2700 E475.84996
G0 F9000 X103.558 Y116.296
G0 X52.558 Y118.011
G0 X52.258 Y118.744
;TYPE:SKIN
G1 F2700 E480.84996
G1 F967.7 X52.732 Y118.796 E480.87454
G1 F1054.5 X71.246 Y118.795 E481.75048
G1 F1052.6 X89.76 Y118.793 E482.62797
G1 F1049 X108.274 Y118.792 E483.50853
G1 F1047.1 X126.788 Y118.791 E484.39063
G1 F1045.3 X145.302 Y118.79 E485.27428
G1 F1041.7 X163.816 Y118.788 E486.161
G1 F1039.9 X182.33 Y118.787 E487.04926
G1 F964.6 X182.734 Y118.743 E487.07027
G1 F2700 E482.07027
G0 F9000 X182.446 Y118.007
G0 X183.434 Y116.882
G0 X184.026 Y117.541
G0 X183.279 Y119.471
G0 X117.5 Y119.54
G0 X117.5 Y119.278
G1 F2700 E487.07027
G1 F1500 X51.858 Y119.28 E489.25354
G1 X51.693 Y118.719 E489.27299
G1 X51.474 Y118.245 E489.29035
G1 X51.362 Y117.941 E489.30113
G1 X51.204 Y117.613 E489.31324
G1 X51.453 Y117.468 E489.32282
G1 X51.761 Y117.82 E489.33838
G1 X52.115 Y118.09 E489.35318
G1 X52.46 Y118.25 E489.36583
G1 X52.741 Y118.309 E489.37538
G1 X182.247 Y118.31 E493.68277
G1 X182.508 Y118.257 E493.69163
G1 X182.876 Y118.095 E493.705
G1 X183.209 Y117.848 E493.71879
G1 X183.536 Y117.48 E493.73517
G1 X183.782 Y117.619 E493.74456
G1 X183.627 Y117.949 E493.75669
G1 X183.526 Y118.235 E493.76678
G1 X183.315 Y118.677 E493.78307
G1 X183.134 Y119.276 E493.80388
G1 X117.5 Y119.278 E495.98688
G0 F9000 X117.5 Y117.753
G1 F2700 E490.98688
;MESH:NONMESH
G0 F300 X117.5 Y117.753 Z2.8
G0 F9000 X183.434 Y116.882
G0 X184.026 Y117.541
G0 X183.279 Y119.471
G0 X117.5 Y119.64
;TIME_ELAPSED:901.682791
;LAYER:13
;TYPE:WALL-INNER
;MESH:middle_union.STL
G1 F2700 E495.98688
G1 F1500 X183.093 Y119.64 E498.16851
G1 X183.134 Y119.468 E498.17439
G1 X183.366 Y118.889 E498.19513
G1 X183.541 Y118.593 E498.20657
G1 X183.762 Y118.14 E498.22334
G1 X183.896 Y117.931 E498.23159
G1 X184.188 Y117.32 E498.25412
G1 X184.401 Y116.805 E498.27265
G1 X184.568 Y116.256 E498.29174
G1 X184.649 Y115.829 E498.30619
G1 X50.347 Y115.828 E502.7731
G1 X50.426 Y116.248 E502.78731
G1 X50.519 Y116.528 E502.79712
G1 X50.598 Y116.813 E502.80696
G1 X50.803 Y117.314 E502.82497
G1 X50.867 Y117.424 E502.8292
G1 X51.106 Y117.932 E502.84787
G1 X51.278 Y118.209 E502.85872
G1 X51.459 Y118.604 E502.87317
G1 X51.633 Y118.891 E502.88433
G1 X51.865 Y119.467 E502.90498
G1 X51.907 Y119.64 E502.9109
G1 X117.5 Y119.64 E505.09254
G0 F9000 X117.5 Y120.04
;TYPE:WALL-OUTER
G1 F1500 X183.431 Y120.04 E507.28541
G1 X183.506 Y119.617 E507.2997
G1 X183.754 Y119.005 E507.32166
G1 X183.892 Y118.787 E507.33024
G1 X184.099 Y118.356 E507.34615
G1 X184.248 Y118.123 E507.35534
G1 X184.499 Y117.583 E507.37515
G1 X184.548 Y117.498 E507.37841
G1 X184.779 Y116.94 E507.3985
G1 X184.957 Y116.352 E507.41893
G1 X185.061 Y115.802 E507.43755
G1 X185.086 Y115.429 E507.44998
G1 X49.913 Y115.428 E511.94586
G1 X49.935 Y115.803 E511.95835
G1 X50.038 Y116.349 E511.97683
G1 X50.133 Y116.634 E511.98682
G1 X50.218 Y116.943 E511.99748
G1 X50.447 Y117.499 E512.01748
G1 X50.496 Y117.577 E512.02055
G1 X50.756 Y118.126 E512.04075
G1 X50.901 Y118.351 E512.04965
G1 X51.108 Y118.798 E512.06604
G1 X51.262 Y119.041 E512.07561
G1 X51.507 Y119.664 E512.09787
G1 X51.569 Y120.04 E512.11055
G1 X117.5 Y120.04 E514.30342
G1 F2700 E509.30342
G0 F9000 X117.5 Y119.732
G0 X52.041 Y119.473
G0 X51.045 Y117.407
G0 X51.106 Y116.863
G0 X115.338 Y117.701
G0 X115.338 Y117.922
;TYPE:FILL
G1 F2700 E514.30342
G1 F3000 X115.877 Y115.908 E514.37276
G0 F9000 X115.877 Y116.141
G0 X118.707 Y116.141
G0 X118.707 Y115.908
G1 F3000 X120.72 Y117.921 E514.46745
G0 F9000 X121.549 Y117.922
G1 F3000 X122.089 Y115.907 E514.53683
G0 F9000 X122.089 Y116.141
G0 X123.571 Y117.701
G0 X123.571 Y117.922
G1 F3000 X131.086 Y115.908 E514.7956
G0 F9000 X131.086 Y116.141
G0 X129.205 Y117.701
G0 X129.205 Y117.921
G1 F3000 X127.192 Y115.908 E514.89029
G0 F9000 X127.192 Y116.141
G0 X128.301 Y116.141
G0 X128.301 Y115.907
G1 F3000 X127.761 Y117.922 E514.95967
G0 F9000 X127.761 Y117.701
G0 X133.973 Y117.701
G0 X133.973 Y117.922
G1 F3000 X134.512 Y115.908 E515.02902
G0 F9000 X134.512 Y116.141
G0 X135.678 Y116.141
G0 X135.678 Y115.908
G1 F3000 X137.691 Y117.921 E515.1237
G0 F9000 X137.691 Y117.701
G0 X140.184 Y117.701
G0 X140.184 Y117.921
G1 F3000 X140.724 Y115.907 E515.19305
G0 F9000 X140.724 Y116.141
G0 X144.163 Y116.141
G0 X144.163 Y115.908
G1 F3000 X146.176 Y117.921 E515.28774
G0 F9000 X146.396 Y117.922
G1 F3000 X146.936 Y115.907 E515.35712
G0 F9000 X146.936 Y116.141
G0 X146.754 Y117.701
G0 X146.754 Y117.921
G1 F3000 X154.268 Y115.908 E515.61585
G0 F9000 X154.268 Y116.141
G0 X153.147 Y116.141
G0 X153.147 Y115.907
G1 F3000 X152.608 Y117.922 E515.68523
G0 F9000 X152.608 Y117.701
G0 X152.648 Y116.141
G0 X152.648 Y115.908
G1 F3000 X154.661 Y117.921 E515.77991
G0 F9000 X154.661 Y117.701
G0 X158.819 Y117.701
G0 X158.819 Y117.922
G1 F3000 X159.359 Y115.908 E515.84926
G0 F9000 X159.359 Y116.141
G0 X161.133 Y116.141
G0 X161.133 Y115.908
G1 F3000 X163.147 Y117.921 E515.94397
G0 F9000 X163.147 Y117.701
G0 X165.031 Y117.701
G0 X165.031 Y117.921
G1 F3000 X165.571 Y115.907 E516.01333
G0 F9000 X165.571 Y116.141
G0 X169.619 Y116.141
G0 X169.619 Y115.908
G1 F3000 X171.632 Y117.921 E516.10801
G0 F9000 X171.243 Y117.922
G1 F3000 X171.782 Y115.907 E516.17739
G0 F9000 X171.782 Y116.141
G0 X169.937 Y117.701
G0 X169.937 Y117.921
G1 F3000 X177.45 Y115.908 E516.43608
G0 F9000 X177.994 Y115.907
G1 F3000 X177.454 Y117.922 E516.50547
G0 F9000 X177.454 Y117.701
G0 X178.104 Y116.141
G0 X178.104 Y115.908
G1 F3000 X180.117 Y117.921 E516.60015
G0 F9000 X180.117 Y117.701
G0 X183.633 Y117.099
G0 X183.94 Y117.284
G0 X183.793 Y117.446
G1 F3000 X184.206 Y115.907 E516.65315
G1 F2700 E511.65315
G0 F9000 X184.206 Y116.141
G0 X112.235 Y117.701
G0 X112.235 Y117.921
G1 F2700 E516.65315
G1 F3000 X110.222 Y115.908 E516.74784
G0 F9000 X109.666 Y115.908
G1 F3000 X109.126 Y117.922 E516.81719
G0 F9000 X109.126 Y117.701
G0 X107.905 Y116.141
G0 X107.905 Y115.908
G1 F3000 X100.388 Y117.922 E517.07602
G0 F9000 X100.388 Y117.701
G0 X101.736 Y116.141
G0 X101.736 Y115.908
G1 F3000 X103.75 Y117.921 E517.17073
G0 F9000 X102.914 Y117.922
G1 F3000 X103.454 Y115.907 E517.24012
G0 F9000 X103.454 Y116.141
G0 X97.242 Y116.141
G0 X97.242 Y115.908
G1 F3000 X96.702 Y117.923 E517.3095
G0 F9000 X96.702 Y117.701
G0 X95.264 Y117.701
G0 X95.264 Y117.921
G1 F3000 X93.251 Y115.908 E517.40419
G0 F9000 X93.251 Y116.141
G0 X91.031 Y116.141
G0 X91.031 Y115.908
G1 F3000 X90.491 Y117.922 E517.47354
G0 F9000 X90.491 Y117.701
G0 X86.779 Y117.701
G0 X86.779 Y117.921
G1 F3000 X84.766 Y115.908 E517.56822
G1 X84.723 Y115.908
G1 X77.205 Y117.922 E517.82709
G0 F9000 X78.068 Y117.922
G1 F3000 X78.607 Y115.908 E517.89643
G0 F9000 X78.607 Y116.141
G0 X78.294 Y117.701
G0 X78.294 Y117.921
G1 F3000 X76.281 Y115.908 E517.99112
G0 F9000 X76.281 Y116.141
G0 X72.396 Y116.141
G0 X72.396 Y115.908
G1 F3000 X71.856 Y117.923 E518.0605
G0 F9000 X71.856 Y117.701
G0 X69.808 Y117.701
G0 X69.808 Y117.921
G1 F3000 X67.795 Y115.908 E518.15519
G0 F9000 X67.795 Y116.141
G0 X66.184 Y116.141
G0 X66.184 Y115.908
G1 F3000 X65.644 Y117.923 E518.22457
G0 F9000 X65.644 Y117.701
G0 X61.323 Y117.701
G0 X61.323 Y117.921
G1 F3000 X59.31 Y115.908 E518.31926
G0 F9000 X59.972 Y115.907
G1 F3000 X59.433 Y117.922 E518.38863
G0 F9000 X59.433 Y117.701
G0 X61.541 Y116.141
G0 X61.541 Y115.907
G1 F3000 X54.022 Y117.922 E518.64754
G0 F9000 X53.221 Y117.923
G1 F3000 X53.761 Y115.908 E518.71692
G0 F9000 X53.761 Y116.141
G0 X52.838 Y117.701
G0 X52.838 Y117.921
G1 F3000 X50.825 Y115.908 E518.81161
G1 F2700 E513.81161
G0 F9000 X50.825 Y116.141
G0 X84.279 Y117.701
G0 X84.279 Y117.922
G1 F2700 E518.81161
G1 F3000 X84.819 Y115.907 E518.88099
G1 F2700 E513.88099
G0 F9000 X84.819 Y116.141
G0 X51.353 Y116.751
G0 X51.045 Y117.407
G0 X52.041 Y119.473
G0 X117.5 Y119.54
G0 X117.5 Y119.278
;TYPE:SKIN
G1 F2700 E518.88099
G1 F1500 X52.173 Y119.28 E521.05378
G1 X51.971 Y118.763 E521.07224
G1 X51.774 Y118.43 E521.08511
G1 X51.603 Y118.053 E521.09888
G1 X51.421 Y117.756 E521.11046
G1 X51.278 Y117.455 E521.12155
G1 X51.401 Y117.346 E521.12701
G1 X52.053 Y117.754 E521.15259
G1 X52.384 Y117.9 E521.16463
G1 X52.724 Y117.957 E521.17609
G1 X182.256 Y117.959 E525.48434
G1 X182.594 Y117.911 E525.4957
G1 X182.943 Y117.755 E525.50841
G1 X183.61 Y117.338 E525.53458
G1 X183.724 Y117.439 E525.53964
G1 X183.575 Y117.756 E525.55129
G1 X183.454 Y117.949 E525.55887
G1 X183.223 Y118.417 E525.57623
G1 X183.038 Y118.735 E525.58846
G1 X182.82 Y119.276 E525.60786
G1 X117.5 Y119.278 E527.78042
G1 F2700 E522.78042
G0 F9000 X117.5 Y119.54
G0 X182.434 Y119.54
G0 X182.434 Y119.077
G1 F2700 E527.78042
G1 F1500 X182.858 Y118.653 E527.80036
G0 F9000 X182.996 Y117.949
G1 F1500 X181.868 Y119.077 E527.85342
G0 F9000 X181.302 Y119.077
G1 F1500 X182.223 Y118.156 E527.89674
G0 F9000 X181.657 Y118.156
G1 F1500 X180.736 Y119.077 E527.94006
G0 F9000 X180.171 Y119.077
G1 F1500 X181.091 Y118.156 E527.98336
G0 F9000 X180.526 Y118.156
G1 F1500 X179.605 Y119.077 E528.02668
G0 F9000 X179.039 Y119.077
G1 F1500 X179.96 Y118.156 E528.07
G0 F9000 X179.394 Y118.156
G1 F1500 X178.474 Y119.077 E528.1133
G0 F9000 X177.908 Y119.077
G1 F1500 X178.829 Y118.156 E528.15662
G0 F9000 X178.263 Y118.156
G1 F1500 X177.342 Y119.077 E528.19994
G0 F9000 X176.777 Y119.077
G1 F1500 X177.697 Y118.156 E528.24324
G0 F9000 X177.132 Y118.156
G1 F1500 X176.211 Y119.077 E528.28656
G0 F9000 X175.645 Y119.077
G1 F1500 X176.566 Y118.156 E528.32988
G0 F9000 X176 Y118.156
G1 F1500 X175.08 Y119.077 E528.37318
G0 F9000 X174.514 Y119.077
G1 F1500 X175.435 Y118.156 E528.4165
G0 F9000 X174.869 Y118.156
G1 F1500 X173.948 Y119.077 E528.45982
G0 F9000 X173.383 Y119.077
G1 F1500 X174.303 Y118.156 E528.50311
G0 F9000 X173.738 Y118.156
G1 F1500 X172.817 Y119.077 E528.54644
G0 F9000 X172.251 Y119.077
G1 F1500 X173.172 Y118.156 E528.58976
G0 F9000 X172.606 Y118.156
G1 F1500 X171.686 Y119.077 E528.63305
G0 F9000 X171.12 Y119.077
G1 F1500 X172.04 Y118.156 E528.67635
G0 F9000 X171.475 Y118.156
G1 F1500 X170.554 Y119.077 E528.71967
G0 F9000 X169.988 Y119.077
G1 F1500 X170.909 Y118.156 E528.76299
G0 F9000 X170.343 Y118.156
G1 F1500 X169.423 Y119.077 E528.80629
G0 F9000 X168.857 Y119.077
G1 F1500 X169.778 Y118.156 E528.84961
G0 F9000 X169.212 Y118.156
G1 F1500 X168.291 Y119.077 E528.89293
G0 F9000 X167.726 Y119.077
G1 F1500 X168.646 Y118.156 E528.93623
G0 F9000 X168.081 Y118.156
G1 F1500 X167.16 Y119.077 E528.97955
G0 F9000 X166.594 Y119.077
G1 F1500 X167.515 Y118.156 E529.02287
G0 F9000 X166.949 Y118.156
G1 F1500 X166.029 Y119.077 E529.06617
G0 F9000 X165.463 Y119.077
G1 F1500 X166.384 Y118.156 E529.10949
G0 F9000 X165.818 Y118.156
G1 F1500 X164.897 Y119.077 E529.15281
G0 F9000 X164.332 Y119.077
G1 F1500 X165.252 Y118.156 E529.19611
G0 F9000 X164.687 Y118.156
G1 F1500 X163.766 Y119.077 E529.23943
G0 F9000 X163.2 Y119.077
G1 F1500 X164.121 Y118.156 E529.28275
G0 F9000 X163.555 Y118.156
G1 F1500 X162.635 Y119.077 E529.32605
G0 F9000 X162.069 Y119.077
G1 F1500 X162.99 Y118.156 E529.36937
G0 F9000 X162.424 Y118.156
G1 F1500 X161.503 Y119.077 E529.41269
G0 F9000 X160.937 Y119.077
G1 F1500 X161.858 Y118.156 E529.45601
G0 F9000 X161.292 Y118.156
G1 F1500 X160.371 Y119.077 E529.49933
G0 F9000 X159.805 Y119.077
G1 F1500 X160.727 Y118.156 E529.54268
G0 F9000 X160.161 Y118.156
G1 F1500 X159.24 Y119.077 E529.586
G0 F9000 X158.674 Y119.077
G1 F1500 X159.595 Y118.156 E529.62932
G0 F9000 X159.03 Y118.156
G1 F1500 X158.108 Y119.077 E529.67266
G0 F9000 X157.543 Y119.077
G1 F1500 X158.464 Y118.156 E529.71599
G0 F9000 X157.898 Y118.156
G1 F1500 X156.977 Y119.077 E529.75931
G0 F9000 X156.411 Y119.077
G1 F1500 X157.333 Y118.156 E529.80265
G0 F9000 X156.767 Y118.156
G1 F1500 X155.846 Y119.077 E529.84597
G0 F9000 X155.28 Y119.077
G1 F1500 X156.201 Y118.156 E529.88929
G0 F9000 X155.636 Y118.156
G1 F1500 X154.714 Y119.077 E529.93264
G0 F9000 X154.149 Y119.077
G1 F1500 X155.07 Y118.156 E529.97596
G0 F9000 X154.504 Y118.156
G1 F1500 X153.583 Y119.077 E530.01928
G0 F9000 X153.017 Y119.077
G1 F1500 X153.939 Y118.156 E530.06262
G0 F9000 X153.373 Y118.156
G1 F1500 X152.452 Y119.077 E530.10595
G0 F9000 X151.886 Y119.077
G1 F1500 X152.807 Y118.156 E530.14927
G0 F9000 X152.242 Y118.156
G1 F1500 X151.32 Y119.077 E530.19261
G0 F9000 X150.754 Y119.077
G1 F1500 X151.676 Y118.156 E530.23596
G0 F9000 X151.11 Y118.156
G1 F1500 X150.189 Y119.077 E530.27928
G0 F9000 X149.623 Y119.077
G1 F1500 X150.544 Y118.156 E530.3226
G0 F9000 X149.979 Y118.156
G1 F1500 X149.057 Y119.077 E530.36594
G0 F9000 X148.492 Y119.077
G1 F1500 X149.413 Y118.156 E530.40926
G0 F9000 X148.847 Y118.156
G1 F1500 X147.926 Y119.077 E530.45258
G0 F9000 X147.36 Y119.077
G1 F1500 X148.282 Y118.156 E530.49593
G0 F9000 X147.716 Y118.156
G1 F1500 X146.795 Y119.077 E530.53925
G0 F9000 X146.229 Y119.077
G1 F1500 X147.15 Y118.156 E530.58257
G0 F9000 X146.585 Y118.156
G1 F1500 X145.663 Y119.077 E530.62592
G0 F9000 X145.098 Y119.077
G1 F1500 X146.019 Y118.156 E530.66924
G0 F9000 X145.453 Y118.156
G1 F1500 X144.532 Y119.077 E530.71256
G0 F9000 X143.966 Y119.077
G1 F1500 X144.888 Y118.156 E530.7559
G0 F9000 X144.322 Y118.156
G1 F1500 X143.401 Y119.077 E530.79922
G0 F9000 X142.835 Y119.077
G1 F1500 X143.756 Y118.156 E530.84254
G0 F9000 X143.191 Y118.156
G1 F1500 X142.269 Y119.077 E530.88589
G0 F9000 X141.703 Y119.077
G1 F1500 X142.625 Y118.156 E530.92923
G0 F9000 X142.059 Y118.156
G1 F1500 X141.138 Y119.077 E530.97255
G0 F9000 X140.572 Y119.077
G1 F1500 X141.493 Y118.156 E531.01588
G0 F9000 X140.928 Y118.156
G1 F1500 X140.006 Y119.077 E531.05922
G0 F9000 X139.441 Y119.077
G1 F1500 X140.362 Y118.156 E531.10254
G0 F9000 X139.796 Y118.156
G1 F1500 X138.874 Y119.078 E531.14591
G0 F9000 X138.309 Y119.078
G1 F1500 X139.231 Y118.156 E531.18928
G0 F9000 X138.666 Y118.155
G1 F1500 X137.743 Y119.078 E531.23269
G0 F9000 X137.177 Y119.078
G1 F1500 X138.1 Y118.155 E531.27611
G0 F9000 X137.534 Y118.155
G1 F1500 X136.612 Y119.078 E531.3195
G0 F9000 X136.046 Y119.078
G1 F1500 X136.969 Y118.155 E531.36291
G0 F9000 X136.403 Y118.155
G1 F1500 X135.48 Y119.078 E531.40633
G0 F9000 X134.915 Y119.078
G1 F1500 X135.837 Y118.155 E531.44972
G0 F9000 X135.272 Y118.155
G1 F1500 X134.349 Y119.078 E531.49314
G0 F9000 X133.783 Y119.078
G1 F1500 X134.706 Y118.155 E531.53655
G0 F9000 X134.14 Y118.155
G1 F1500 X133.218 Y119.078 E531.57994
G0 F9000 X132.652 Y119.078
G1 F1500 X133.575 Y118.155 E531.62336
G0 F9000 X133.009 Y118.155
G1 F1500 X132.086 Y119.078 E531.66677
G0 F9000 X131.52 Y119.078
G1 F1500 X132.443 Y118.155 E531.71019
G0 F9000 X131.878 Y118.155
G1 F1500 X130.955 Y119.078 E531.7536
G0 F9000 X130.389 Y119.078
G1 F1500 X131.312 Y118.155 E531.79702
G0 F9000 X130.746 Y118.155
G1 F1500 X129.823 Y119.078 E531.84043
G0 F9000 X129.258 Y119.078
G1 F1500 X130.18 Y118.155 E531.88382
G0 F9000 X129.615 Y118.155
G1 F1500 X128.692 Y119.078 E531.92724
G0 F9000 X128.126 Y119.078
G1 F1500 X129.049 Y118.155 E531.97065
G0 F9000 X128.483 Y118.155
G1 F1500 X127.561 Y119.078 E532.01405
G0 F9000 X126.995 Y119.078
G1 F1500 X127.918 Y118.155 E532.05746
G0 F9000 X127.352 Y118.155
G1 F1500 X126.429 Y119.078 E532.10088
G0 F9000 X125.864 Y119.078
G1 F1500 X126.786 Y118.155 E532.14427
G0 F9000 X126.221 Y118.155
G1 F1500 X125.298 Y119.078 E532.18768
G0 F9000 X124.732 Y119.078
G1 F1500 X125.655 Y118.155 E532.2311
G0 F9000 X125.089 Y118.155
G1 F1500 X124.167 Y119.078 E532.27449
G0 F9000 X123.601 Y119.078
G1 F1500 X124.524 Y118.155 E532.3179
G0 F9000 X123.958 Y118.155
G1 F1500 X123.035 Y119.078 E532.36132
G0 F9000 X122.469 Y119.078
G1 F1500 X123.392 Y118.155 E532.40473
G0 F9000 X122.827 Y118.155
G1 F1500 X121.904 Y119.078 E532.44815
G0 F9000 X121.338 Y119.078
G1 F1500 X122.261 Y118.155 E532.49156
G0 F9000 X121.695 Y118.155
G1 F1500 X120.772 Y119.078 E532.53498
G0 F9000 X120.207 Y119.078
G1 F1500 X121.13 Y118.155 E532.57839
G0 F9000 X120.564 Y118.155
G1 F1500 X119.641 Y119.078 E532.62181
G0 F9000 X119.075 Y119.078
G1 F1500 X119.998 Y118.155 E532.66523
G0 F9000 X119.432 Y118.155
G1 F1500 X118.51 Y119.078 E532.70862
G0 F9000 X117.944 Y119.078
G1 F1500 X118.867 Y118.155 E532.75203
G0 F9000 X118.301 Y118.155
G1 F1500 X117.378 Y119.079 E532.79547
G0 F9000 X116.812 Y119.079
G1 F1500 X117.735 Y118.155 E532.83891
G0 F9000 X117.17 Y118.155
G1 F1500 X116.246 Y119.079 E532.88237
G0 F9000 X115.681 Y119.079
G1 F1500 X116.604 Y118.155 E532.92581
G0 F9000 X116.038 Y118.155
G1 F1500 X115.115 Y119.079 E532.96925
G0 F9000 X114.549 Y119.079
G1 F1500 X115.473 Y118.155 E533.01271
G0 F9000 X114.907 Y118.155
G1 F1500 X113.983 Y119.079 E533.05617
G0 F9000 X113.418 Y119.079
G1 F1500 X114.341 Y118.155 E533.09961
G0 F9000 X113.776 Y118.155
G1 F1500 X112.852 Y119.079 E533.14307
G0 F9000 X112.286 Y119.079
G1 F1500 X113.21 Y118.155 E533.18654
G0 F9000 X112.644 Y118.155
G1 F1500 X111.721 Y119.079 E533.22997
G0 F9000 X111.155 Y119.079
G1 F1500 X112.079 Y118.155 E533.27344
G0 F9000 X111.513 Y118.155
G1 F1500 X110.589 Y119.079 E533.3169
G0 F9000 X110.024 Y119.079
G1 F1500 X110.947 Y118.155 E533.36034
G0 F9000 X110.381 Y118.155
G1 F1500 X109.458 Y119.079 E533.40378
G0 F9000 X108.892 Y119.079
G1 F1500 X109.816 Y118.155 E533.44724
G0 F9000 X109.25 Y118.155
G1 F1500 X108.327 Y119.079 E533.49068
G0 F9000 X107.761 Y119.079
G1 F1500 X108.684 Y118.155 E533.53411
G0 F9000 X108.119 Y118.155
G1 F1500 X107.195 Y119.079 E533.57758
G0 F9000 X106.63 Y119.079
G1 F1500 X107.553 Y118.155 E533.62102
G0 F9000 X106.987 Y118.155
G1 F1500 X106.064 Y119.079 E533.66445
G0 F9000 X105.498 Y119.079
G1 F1500 X106.422 Y118.155 E533.70792
G0 F9000 X105.856 Y118.155
G1 F1500 X104.933 Y119.079 E533.75136
G0 F9000 X104.367 Y119.079
G1 F1500 X105.29 Y118.155 E533.79479
G0 F9000 X104.725 Y118.155
G1 F1500 X103.801 Y119.079 E533.83826
G0 F9000 X103.235 Y119.079
G1 F1500 X104.159 Y118.155 E533.88172
G0 F9000 X103.593 Y118.155
G1 F1500 X102.67 Y119.079 E533.92516
G0 F9000 X102.104 Y119.079
G1 F1500 X103.028 Y118.155 E533.96862
G0 F9000 X102.462 Y118.155
G1 F1500 X101.538 Y119.079 E534.01208
G0 F9000 X100.973 Y119.079
G1 F1500 X101.896 Y118.155 E534.05552
G0 F9000 X101.331 Y118.155
G1 F1500 X100.407 Y119.079 E534.09898
G0 F9000 X99.841 Y119.079
G1 F1500 X100.765 Y118.155 E534.14244
G0 F9000 X100.199 Y118.155
G1 F1500 X99.276 Y119.079 E534.18588
G0 F9000 X98.71 Y119.079
G1 F1500 X99.633 Y118.155 E534.22932
G0 F9000 X99.068 Y118.155
G1 F1500 X98.144 Y119.079 E534.27278
G0 F9000 X97.579 Y119.079
G1 F1500 X98.502 Y118.155 E534.31622
G0 F9000 X97.936 Y118.155
G1 F1500 X97.013 Y119.079 E534.35966
G0 F9000 X96.447 Y119.079
G1 F1500 X97.371 Y118.155 E534.40312
G0 F9000 X96.805 Y118.155
G1 F1500 X95.882 Y119.079 E534.44656
G0 F9000 X95.315 Y119.08
G1 F1500 X96.239 Y118.155 E534.49005
G0 F9000 X95.674 Y118.155
G1 F1500 X94.749 Y119.08 E534.53356
G0 F9000 X94.184 Y119.08
G1 F1500 X95.109 Y118.155 E534.57707
G0 F9000 X94.543 Y118.155
G1 F1500 X93.618 Y119.08 E534.62057
G0 F9000 X93.052 Y119.08
G1 F1500 X93.977 Y118.155 E534.66408
G0 F9000 X93.412 Y118.155
G1 F1500 X92.487 Y119.08 E534.70759
G0 F9000 X91.921 Y119.08
G1 F1500 X92.846 Y118.155 E534.7511
G0 F9000 X92.28 Y118.155
G1 F1500 X91.355 Y119.08 E534.79461
G0 F9000 X90.79 Y119.08
G1 F1500 X91.715 Y118.155 E534.83812
G0 F9000 X91.149 Y118.155
G1 F1500 X90.224 Y119.08 E534.88163
G0 F9000 X89.658 Y119.08
G1 F1500 X90.583 Y118.155 E534.92514
G0 F9000 X90.018 Y118.155
G1 F1500 X89.093 Y119.08 E534.96865
G0 F9000 X88.527 Y119.08
G1 F1500 X89.452 Y118.155 E535.01216
G0 F9000 X88.886 Y118.155
G1 F1500 X87.961 Y119.08 E535.05567
G0 F9000 X87.396 Y119.08
G1 F1500 X88.32 Y118.155 E535.09915
G0 F9000 X87.755 Y118.155
G1 F1500 X86.83 Y119.08 E535.14266
G0 F9000 X86.264 Y119.08
G1 F1500 X87.189 Y118.155 E535.18617
G0 F9000 X86.623 Y118.155
G1 F1500 X85.699 Y119.08 E535.22966
G0 F9000 X85.133 Y119.08
G1 F1500 X86.058 Y118.155 E535.27316
G0 F9000 X85.492 Y118.155
G1 F1500 X84.567 Y119.08 E535.31667
G0 F9000 X84.001 Y119.08
G1 F1500 X84.926 Y118.155 E535.36018
G0 F9000 X84.361 Y118.155
G1 F1500 X83.436 Y119.08 E535.40369
G0 F9000 X82.87 Y119.08
G1 F1500 X83.795 Y118.155 E535.4472
G0 F9000 X83.229 Y118.155
G1 F1500 X82.304 Y119.08 E535.49071
G0 F9000 X81.739 Y119.08
G1 F1500 X82.664 Y118.155 E535.53422
G0 F9000 X82.098 Y118.155
G1 F1500 X81.173 Y119.08 E535.57773
G0 F9000 X80.607 Y119.08
G1 F1500 X81.532 Y118.155 E535.62124
G0 F9000 X80.967 Y118.155
G1 F1500 X80.042 Y119.08 E535.66475
G0 F9000 X79.476 Y119.08
G1 F1500 X80.401 Y118.155 E535.70826
G0 F9000 X79.835 Y118.155
G1 F1500 X78.91 Y119.08 E535.75177
G0 F9000 X78.345 Y119.08
G1 F1500 X79.269 Y118.155 E535.79525
G0 F9000 X78.704 Y118.155
G1 F1500 X77.779 Y119.08 E535.83876
G0 F9000 X77.213 Y119.08
G1 F1500 X78.138 Y118.155 E535.88227
G0 F9000 X77.572 Y118.155
G1 F1500 X76.648 Y119.08 E535.92576
G0 F9000 X76.082 Y119.08
G1 F1500 X77.007 Y118.155 E535.96926
G0 F9000 X76.441 Y118.155
G1 F1500 X75.516 Y119.08 E536.01277
G0 F9000 X74.95 Y119.08
G1 F1500 X75.875 Y118.155 E536.05628
G0 F9000 X75.31 Y118.155
G1 F1500 X74.385 Y119.08 E536.09979
G0 F9000 X73.818 Y119.08
G1 F1500 X74.744 Y118.155 E536.14332
G0 F9000 X74.178 Y118.155
G1 F1500 X73.253 Y119.08 E536.18683
G0 F9000 X72.687 Y119.08
G1 F1500 X73.613 Y118.155 E536.23037
G0 F9000 X73.047 Y118.155
G1 F1500 X72.121 Y119.08 E536.2739
G0 F9000 X71.556 Y119.08
G1 F1500 X72.481 Y118.155 E536.31741
G0 F9000 X71.916 Y118.155
G1 F1500 X70.99 Y119.08 E536.36094
G0 F9000 X70.424 Y119.08
G1 F1500 X71.35 Y118.155 E536.40447
G0 F9000 X70.784 Y118.155
G1 F1500 X69.859 Y119.08 E536.44798
G0 F9000 X69.293 Y119.08
G1 F1500 X70.219 Y118.155 E536.49152
G0 F9000 X69.653 Y118.155
G1 F1500 X68.727 Y119.08 E536.53505
G0 F9000 X68.162 Y119.08
G1 F1500 X69.087 Y118.155 E536.57856
G0 F9000 X68.521 Y118.155
G1 F1500 X67.596 Y119.08 E536.62207
G0 F9000 X67.03 Y119.08
G1 F1500 X67.956 Y118.155 E536.6656
G0 F9000 X67.39 Y118.155
G1 F1500 X66.465 Y119.08 E536.70911
G0 F9000 X65.899 Y119.08
G1 F1500 X66.824 Y118.155 E536.75262
G0 F9000 X66.259 Y118.155
G1 F1500 X65.333 Y119.08 E536.79615
G0 F9000 X64.767 Y119.08
G1 F1500 X65.693 Y118.155 E536.83968
G0 F9000 X65.127 Y118.155
G1 F1500 X64.202 Y119.08 E536.88319
G0 F9000 X63.636 Y119.08
G1 F1500 X64.562 Y118.155 E536.92672
G0 F9000 X63.996 Y118.155
G1 F1500 X63.07 Y119.08 E536.97026
G0 F9000 X62.505 Y119.08
G1 F1500 X63.43 Y118.155 E537.01377
G0 F9000 X62.865 Y118.155
G1 F1500 X61.939 Y119.08 E537.0573
G0 F9000 X61.373 Y119.08
G1 F1500 X62.299 Y118.155 E537.10083
G0 F9000 X61.733 Y118.155
G1 F1500 X60.808 Y119.08 E537.14434
G0 F9000 X60.242 Y119.08
G1 F1500 X61.168 Y118.155 E537.18787
G0 F9000 X60.602 Y118.155
G1 F1500 X59.676 Y119.08 E537.23141
G0 F9000 X59.111 Y119.08
G1 F1500 X60.036 Y118.155 E537.27492
G0 F9000 X59.471 Y118.155
G1 F1500 X58.545 Y119.08 E537.31845
G0 F9000 X57.979 Y119.08
G1 F1500 X58.905 Y118.155 E537.36198
G0 F9000 X58.339 Y118.155
G1 F1500 X57.414 Y119.08 E537.40549
G0 F9000 X56.848 Y119.08
G1 F1500 X57.773 Y118.155 E537.449
G0 F9000 X57.208 Y118.155
G1 F1500 X56.282 Y119.08 E537.49253
G0 F9000 X55.716 Y119.08
G1 F1500 X56.642 Y118.155 E537.53606
G0 F9000 X56.076 Y118.155
G1 F1500 X55.151 Y119.08 E537.57957
G0 F9000 X54.585 Y119.08
G1 F1500 X55.511 Y118.155 E537.62311
G0 F9000 X54.945 Y118.155
G1 F1500 X54.019 Y119.08 E537.66664
G0 F9000 X53.454 Y119.08
G1 F1500 X54.379 Y118.155 E537.71015
G0 F9000 X53.814 Y118.155
G1 F1500 X52.888 Y119.08 E537.75368
G0 F9000 X52.322 Y119.08
G1 F1500 X53.248 Y118.155 E537.79721
G0 F9000 X52.684 Y118.153
G1 F1500 X52.153 Y118.684 E537.82219
G0 F9000 X51.946 Y118.325
G1 F1500 X52.192 Y118.08 E537.83374
G0 F9000 X51.846 Y117.86
G1 F1500 X51.767 Y117.939 E537.83745
G0 F9000 X52.227 Y117.203
G1 F2700 E532.83745
;MESH:NONMESH
G0 F300 X52.227 Y117.203 Z3
G0 F9000 X51.353 Y116.751
G0 X51.045 Y117.407
G0 X52.041 Y119.473
G0 X117.5 Y119.64
;TIME_ELAPSED:985.217789
;LAYER:14
;TYPE:WALL-INNER
;MESH:middle_union.STL
G1 F2700 E537.83745
G1 F1500 X182.603 Y119.639 E540.00279
G1 X182.694 Y119.416 E540.0108
G1 X183.053 Y118.828 E540.03371
G1 X183.193 Y118.675 E540.04061
G1 X183.477 Y118.24 E540.05789
G1 X183.575 Y118.115 E540.06317
G1 X183.906 Y117.605 E540.08339
G1 X184.184 Y117.11 E540.10228
G1 X184.413 Y116.572 E540.12172
G1 X184.569 Y116.094 E540.13845
G1 X184.639 Y115.722 E540.15104
G1 X50.356 Y115.72 E544.61731
G1 X50.426 Y116.093 E544.62993
G1 X50.585 Y116.57 E544.64665
G1 X50.814 Y117.11 E544.66616
G1 X51.091 Y117.607 E544.68509
G1 X51.414 Y118.108 E544.70491
G1 X51.529 Y118.247 E544.71091
G1 X51.805 Y118.677 E544.72791
G1 X51.946 Y118.831 E544.73485
G1 X52.302 Y119.418 E544.75769
G1 X52.394 Y119.64 E544.76568
G1 X117.5 Y119.64 E546.93111
G0 F9000 X117.5 Y120.04
;TYPE:WALL-OUTER
G1 F1500 X182.889 Y120.039 E549.10596
G1 X183.036 Y119.624 E549.1206
G1 X183.377 Y119.062 E549.14247
G1 X183.507 Y118.926 E549.14873
G1 X183.826 Y118.439 E549.16809
G1 X183.898 Y118.353 E549.17182
G1 X184.248 Y117.812 E549.19325
G1 X184.544 Y117.287 E549.2133
G1 X184.788 Y116.713 E549.23404
G1 X184.957 Y116.194 E549.25219
G1 X185.06 Y115.646 E549.27074
G1 X185.084 Y115.321 E549.28158
G1 X49.914 Y115.32 E553.77735
G1 X49.935 Y115.646 E553.78822
G1 X50.038 Y116.193 E553.80673
G1 X50.214 Y116.723 E553.8253
G1 X50.453 Y117.284 E553.84559
G1 X50.748 Y117.813 E553.86573
G1 X51.096 Y118.353 E553.8871
G1 X51.193 Y118.463 E553.89198
G1 X51.49 Y118.927 E553.9103
G1 X51.608 Y119.048 E553.91592
G1 X51.96 Y119.624 E553.93837
G1 X52.11 Y120.04 E553.95308
G1 X117.5 Y120.04 E556.12796
G1 F2700 E551.12796
G0 F9000 X117.5 Y119.732
G0 X52.531 Y119.474
G0 X51.096 Y117.272
G0 X51.105 Y116.705
G0 X115.264 Y117.426
G0 X115.264 Y117.646
;TYPE:FILL
G1 F2700 E556.12796
G1 F3000 X115.759 Y115.799 E556.19156
G0 F9000 X115.759 Y116.032
G0 X118.801 Y116.032
G0 X118.801 Y115.801
G1 F3000 X120.646 Y117.646 E556.27834
G0 F9000 X121.476 Y117.647
G1 F3000 X121.971 Y115.8 E556.34194
G0 F9000 X121.971 Y116.032
G0 X125.147 Y117.426
G0 X125.147 Y117.646
G1 F3000 X132.035 Y115.801 E556.57912
G0 F9000 X132.035 Y116.032
G0 X134.394 Y116.032
G0 X134.394 Y115.801
G1 F3000 X133.899 Y117.646 E556.64265
G0 F9000 X133.899 Y117.426
G0 X135.772 Y116.032
G0 X135.772 Y115.801
G1 F3000 X137.616 Y117.646 E556.72941
G0 F9000 X137.616 Y117.426
G0 X140.111 Y117.426
G0 X140.111 Y117.647
G1 F3000 X140.606 Y115.8 E556.79301
G0 F9000 X140.606 Y116.032
G0 X144.257 Y116.032
G0 X144.257 Y115.801
G1 F3000 X146.102 Y117.646 E556.87979
G0 F9000 X146.323 Y117.647
G1 F3000 X146.817 Y115.8 E556.94338
G0 F9000 X146.817 Y116.032
G0 X148.33 Y117.426
G0 X148.33 Y117.646
G1 F3000 X155.216 Y115.801 E557.18049
G0 F9000 X155.216 Y116.032
G0 X154.587 Y117.426
G0 X154.587 Y117.646
G1 F3000 X152.742 Y115.801 E557.26727
G0 F9000 X153.029 Y115.801
G1 F3000 X152.534 Y117.646 E557.33081
G0 F9000 X152.534 Y117.426
G0 X158.746 Y117.426
G0 X158.746 Y117.646
G1 F3000 X159.241 Y115.8 E557.39438
G0 F9000 X159.241 Y116.032
G0 X161.227 Y116.032
G0 X161.227 Y115.801
G1 F3000 X163.072 Y117.646 E557.48116
G0 F9000 X163.072 Y117.426
G0 X164.958 Y117.426
G0 X164.958 Y117.647
G1 F3000 X165.452 Y115.801 E557.54472
G0 F9000 X165.452 Y116.032
G0 X169.713 Y116.032
G0 X169.713 Y115.801
G1 F3000 X171.558 Y117.646 E557.6315
G1 X171.513 Y117.646
G1 X178.397 Y115.801 E557.86855
G1 X178.198 Y115.801
G1 X180.043 Y117.646 E557.95533
G0 F9000 X180.043 Y117.426
G0 X177.381 Y117.426
G0 X177.381 Y117.646
G1 F3000 X177.876 Y115.8 E558.0189
G0 F9000 X177.876 Y116.032
G0 X183.551 Y116.936
G0 X183.844 Y117.142
G0 X183.687 Y117.293
G1 F3000 X184.087 Y115.801 E558.07027
G0 F9000 X184.087 Y116.032
G0 X171.664 Y116.032
G0 X171.664 Y115.801
G1 F3000 X171.169 Y117.647 E558.13384
G1 F2700 E553.13384
G0 F9000 X171.169 Y117.426
G0 X129.131 Y117.426
G0 X129.131 Y117.646
G1 F2700 E558.13384
G1 F3000 X127.286 Y115.801 E558.22062
G0 F9000 X128.183 Y115.8
G1 F3000 X127.688 Y117.647 E558.28422
G0 F9000 X127.688 Y117.426
G0 X112.161 Y117.426
G0 X112.161 Y117.646
G1 F3000 X110.315 Y115.801 E558.37103
G0 F9000 X109.548 Y115.8
G1 F3000 X109.053 Y117.647 E558.43463
G0 F9000 X109.053 Y117.426
G0 X108.853 Y116.032
G0 X108.853 Y115.8
G1 F3000 X101.964 Y117.646 E558.67184
G0 F9000 X102.841 Y117.647
G1 F3000 X103.336 Y115.8 E558.73544
G0 F9000 X103.336 Y116.032
G0 X101.83 Y116.032
G0 X101.83 Y115.801
G1 F3000 X103.675 Y117.646 E558.82222
G0 F9000 X103.675 Y117.426
G0 X97.124 Y116.032
G0 X97.124 Y115.799
G1 F3000 X96.629 Y117.647 E558.88586
G0 F9000 X96.629 Y117.426
G0 X95.19 Y117.426
G0 X95.19 Y117.646
G1 F3000 X93.344 Y115.801 E558.97266
G0 F9000 X93.344 Y116.032
G0 X90.913 Y116.032
G0 X90.913 Y115.8
G1 F3000 X90.418 Y117.647 E559.03626
G0 F9000 X90.418 Y117.426
G0 X86.705 Y117.426
G0 X86.705 Y117.646
G1 F3000 X84.859 Y115.801 E559.12307
G1 X84.701 Y115.8
G1 X84.206 Y117.647 E559.18667
G0 F9000 X84.206 Y117.426
G0 X85.672 Y116.032
G0 X85.672 Y115.8
G1 F3000 X78.782 Y117.647 E559.42392
G0 F9000 X78.219 Y117.646
G1 F3000 X76.374 Y115.801 E559.5107
G0 F9000 X76.374 Y116.032
G0 X78.489 Y116.032
G0 X78.489 Y115.799
G1 F3000 X77.994 Y117.647 E559.57434
G0 F9000 X77.994 Y117.426
G0 X72.278 Y116.032
G0 X72.278 Y115.8
G1 F3000 X71.783 Y117.647 E559.63793
G0 F9000 X71.783 Y117.426
G0 X69.734 Y117.426
G0 X69.734 Y117.646
G1 F3000 X67.889 Y115.801 E559.72472
G0 F9000 X67.889 Y116.032
G0 X66.066 Y116.032
G0 X66.066 Y115.799
G1 F3000 X65.571 Y117.647 E559.78835
G0 F9000 X65.571 Y117.426
G0 X62.491 Y116.032
G0 X62.491 Y115.8
G1 F3000 X55.599 Y117.647 E560.02567
G0 F9000 X55.599 Y117.426
G0 X53.148 Y117.426
G0 X53.148 Y117.647
G1 F3000 X53.643 Y115.8 E560.08927
G0 F9000 X53.643 Y116.032
G0 X52.764 Y117.426
G0 X52.764 Y117.646
G1 F3000 X50.918 Y115.801 E560.17607
G0 F9000 X50.918 Y116.032
G0 X59.403 Y116.032
G0 X59.403 Y115.801
G1 F3000 X61.249 Y117.646 E560.26288
G0 F9000 X61.249 Y117.426
G0 X59.359 Y117.426
G0 X59.359 Y117.647
G1 F3000 X59.854 Y115.799 E560.32651
G1 F2700 E555.32651
G0 F9000 X59.854 Y116.032
G0 X51.36 Y116.558
G0 X51.096 Y117.272
G0 X52.531 Y119.474
G0 X117.5 Y119.54
G0 X117.5 Y119.278
;TYPE:SKIN
G1 F2700 E560.32651
G1 F1500 X52.638 Y119.28 E562.48383
G1 X52.27 Y118.668 E562.50758
G1 X52.094 Y118.46 E562.51664
G1 X51.829 Y118.047 E562.53297
G1 X51.703 Y117.891 E562.53963
G1 X51.33 Y117.293 E562.56308
G1 X51.447 Y117.16 E562.56897
G1 X52.03 Y117.519 E562.59174
G1 X52.398 Y117.648 E562.60471
G1 X52.74 Y117.684 E562.61615
G1 X182.268 Y117.683 E566.92427
G1 X182.604 Y117.643 E566.93552
G1 X182.957 Y117.522 E566.94793
G1 X183.519 Y117.179 E566.96983
G1 X183.658 Y117.322 E566.97646
G1 X183.285 Y117.899 E566.99932
G1 X183.171 Y118.043 E567.00542
G1 X182.908 Y118.449 E567.02151
G1 X182.767 Y118.605 E567.02851
G1 X182.352 Y119.276 E567.05475
G1 X117.5 Y119.278 E569.21173
G1 F2700 E564.21173
G0 F9000 X117.5 Y119.54
G0 X52.894 Y119.54
G0 X52.894 Y119.08
G1 F2700 E569.21173
G1 F1500 X52.537 Y118.723 E569.22853
G0 F9000 X52.831 Y117.885
G1 F1500 X54.026 Y119.08 E569.28474
G0 F9000 X54.591 Y119.08
G1 F1500 X53.396 Y117.885 E569.34095
G0 F9000 X53.962 Y117.885
G1 F1500 X55.157 Y119.08 E569.39715
G0 F9000 X55.723 Y119.08
G1 F1500 X54.528 Y117.885 E569.45336
G0 F9000 X55.094 Y117.885
G1 F1500 X56.289 Y119.08 E569.50957
G0 F9000 X56.854 Y119.08
G1 F1500 X55.659 Y117.885 E569.56578
G0 F9000 X56.225 Y117.885
G1 F1500 X57.42 Y119.08 E569.62199
G0 F9000 X57.986 Y119.08
G1 F1500 X56.791 Y117.885 E569.6782
G0 F9000 X57.356 Y117.885
G1 F1500 X58.551 Y119.08 E569.73441
G0 F9000 X59.117 Y119.08
G1 F1500 X57.922 Y117.885 E569.79062
G0 F9000 X58.488 Y117.885
G1 F1500 X59.683 Y119.08 E569.84683
G0 F9000 X60.248 Y119.08
G1 F1500 X59.053 Y117.885 E569.90304
G0 F9000 X59.619 Y117.885
G1 F1500 X60.814 Y119.08 E569.95925
G0 F9000 X61.38 Y119.08
G1 F1500 X60.185 Y117.885 E570.01546
G0 F9000 X60.75 Y117.885
G1 F1500 X61.945 Y119.08 E570.07166
G0 F9000 X62.511 Y119.08
G1 F1500 X61.316 Y117.885 E570.12787
G0 F9000 X61.882 Y117.885
G1 F1500 X63.077 Y119.08 E570.18408
G0 F9000 X63.642 Y119.08
G1 F1500 X62.447 Y117.885 E570.24029
G0 F9000 X63.013 Y117.885
G1 F1500 X64.208 Y119.08 E570.2965
G0 F9000 X64.774 Y119.08
G1 F1500 X63.579 Y117.885 E570.35271
G0 F9000 X64.144 Y117.885
G1 F1500 X65.339 Y119.08 E570.40892
G0 F9000 X65.905 Y119.08
G1 F1500 X64.71 Y117.885 E570.46513
G0 F9000 X65.276 Y117.885
G1 F1500 X66.471 Y119.08 E570.52134
G0 F9000 X67.037 Y119.08
G1 F1500 X65.842 Y117.885 E570.57755
G0 F9000 X66.407 Y117.885
G1 F1500 X67.602 Y119.08 E570.63376
G0 F9000 X68.168 Y119.08
G1 F1500 X66.973 Y117.885 E570.68996
G0 F9000 X67.539 Y117.885
G1 F1500 X68.734 Y119.08 E570.74617
G0 F9000 X69.299 Y119.08
G1 F1500 X68.104 Y117.885 E570.80238
G0 F9000 X68.67 Y117.885
G1 F1500 X69.865 Y119.08 E570.85859
G0 F9000 X70.431 Y119.08
G1 F1500 X69.236 Y117.885 E570.9148
G0 F9000 X69.801 Y117.885
G1 F1500 X70.996 Y119.08 E570.97101
G0 F9000 X71.562 Y119.08
G1 F1500 X70.367 Y117.885 E571.02722
G0 F9000 X70.933 Y117.885
G1 F1500 X72.128 Y119.08 E571.08343
G0 F9000 X72.693 Y119.08
G1 F1500 X71.498 Y117.885 E571.13964
G0 F9000 X72.064 Y117.885
G1 F1500 X73.259 Y119.08 E571.19585
G0 F9000 X73.825 Y119.08
G1 F1500 X72.63 Y117.885 E571.25206
G0 F9000 X73.195 Y117.885
G1 F1500 X74.39 Y119.079 E571.30824
G0 F9000 X74.955 Y119.079
G1 F1500 X73.761 Y117.885 E571.3644
G0 F9000 X74.327 Y117.885
G1 F1500 X75.521 Y119.079 E571.42057
G0 F9000 X76.087 Y119.079
G1 F1500 X74.893 Y117.885 E571.47673
G0 F9000 X75.458 Y117.885
G1 F1500 X76.652 Y119.079 E571.53289
G0 F9000 X77.218 Y119.079
G1 F1500 X76.024 Y117.885 E571.58905
G0 F9000 X76.59 Y117.885
G1 F1500 X77.784 Y119.079 E571.64521
G0 F9000 X78.35 Y119.079
G1 F1500 X77.155 Y117.885 E571.7014
G0 F9000 X77.721 Y117.885
G1 F1500 X78.915 Y119.079 E571.75756
G0 F9000 X79.481 Y119.079
G1 F1500 X78.287 Y117.885 E571.81372
G0 F9000 X78.852 Y117.885
G1 F1500 X80.047 Y119.079 E571.86991
G0 F9000 X80.612 Y119.079
G1 F1500 X79.418 Y117.885 E571.92607
G0 F9000 X79.984 Y117.885
G1 F1500 X81.178 Y119.079 E571.98223
G0 F9000 X81.744 Y119.079
G1 F1500 X80.549 Y117.885 E572.03842
G0 F9000 X81.115 Y117.885
G1 F1500 X82.309 Y119.079 E572.09458
G0 F9000 X82.875 Y119.079
G1 F1500 X81.681 Y117.885 E572.15074
G0 F9000 X82.246 Y117.885
G1 F1500 X83.441 Y119.079 E572.20693
G0 F9000 X84.006 Y119.079
G1 F1500 X82.812 Y117.885 E572.26309
G0 F9000 X83.378 Y117.885
G1 F1500 X84.572 Y119.079 E572.31925
G0 F9000 X85.138 Y119.079
G1 F1500 X83.943 Y117.885 E572.37544
G0 F9000 X84.509 Y117.885
G1 F1500 X85.703 Y119.079 E572.4316
G0 F9000 X86.269 Y119.079
G1 F1500 X85.075 Y117.885 E572.48776
G0 F9000 X85.641 Y117.885
G1 F1500 X86.835 Y119.079 E572.54393
G0 F9000 X87.401 Y119.079
G1 F1500 X86.206 Y117.885 E572.60011
G0 F9000 X86.772 Y117.885
G1 F1500 X87.966 Y119.079 E572.65627
G0 F9000 X88.532 Y119.079
G1 F1500 X87.338 Y117.885 E572.71244
G0 F9000 X87.903 Y117.885
G1 F1500 X89.098 Y119.079 E572.76862
G0 F9000 X89.663 Y119.079
G1 F1500 X88.469 Y117.885 E572.82478
G0 F9000 X89.035 Y117.885
G1 F1500 X90.229 Y119.079 E572.88095
G0 F9000 X90.795 Y119.079
G1 F1500 X89.6 Y117.885 E572.93713
G0 F9000 X90.166 Y117.885
G1 F1500 X91.36 Y119.079 E572.99329
G0 F9000 X91.926 Y119.079
G1 F1500 X90.732 Y117.885 E573.04945
G0 F9000 X91.297 Y117.885
G1 F1500 X92.492 Y119.079 E573.10564
G0 F9000 X93.057 Y119.079
G1 F1500 X91.863 Y117.885 E573.1618
G0 F9000 X92.429 Y117.885
G1 F1500 X93.623 Y119.079 E573.21796
G0 F9000 X94.189 Y119.079
G1 F1500 X92.994 Y117.885 E573.27415
G0 F9000 X93.56 Y117.885
G1 F1500 X94.754 Y119.079 E573.33031
G0 F9000 X95.32 Y119.079
G1 F1500 X94.126 Y117.885 E573.38647
G0 F9000 X94.691 Y117.885
G1 F1500 X95.886 Y119.079 E573.44266
G0 F9000 X96.451 Y119.078
G1 F1500 X95.257 Y117.885 E573.4988
G0 F9000 X95.823 Y117.885
G1 F1500 X97.016 Y119.078 E573.55491
G0 F9000 X97.582 Y119.078
G1 F1500 X96.389 Y117.885 E573.61103
G0 F9000 X96.954 Y117.885
G1 F1500 X98.148 Y119.078 E573.66717
G0 F9000 X98.714 Y119.078
G1 F1500 X97.52 Y117.885 E573.72331
G0 F9000 X98.086 Y117.885
G1 F1500 X99.279 Y119.078 E573.77942
G0 F9000 X99.845 Y119.078
G1 F1500 X98.651 Y117.885 E573.83556
G0 F9000 X99.217 Y117.885
G1 F1500 X100.411 Y119.078 E573.8917
G0 F9000 X100.976 Y119.078
G1 F1500 X99.783 Y117.885 E573.94781
G0 F9000 X100.348 Y117.885
G1 F1500 X101.542 Y119.078 E574.00395
G0 F9000 X102.108 Y119.078
G1 F1500 X100.914 Y117.885 E574.06009
G0 F9000 X101.48 Y117.885
G1 F1500 X102.673 Y119.078 E574.11621
G0 F9000 X103.239 Y119.078
G1 F1500 X102.045 Y117.885 E574.17234
G0 F9000 X102.611 Y117.885
G1 F1500 X103.805 Y119.078 E574.22848
G0 F9000 X104.37 Y119.078
G1 F1500 X103.177 Y117.885 E574.2846
G0 F9000 X103.742 Y117.885
G1 F1500 X104.936 Y119.078 E574.34074
G0 F9000 X105.502 Y119.078
G1 F1500 X104.308 Y117.885 E574.39688
G0 F9000 X104.874 Y117.885
G1 F1500 X106.067 Y119.078 E574.45299
G0 F9000 X106.633 Y119.078
G1 F1500 X105.44 Y117.885 E574.50911
G0 F9000 X106.005 Y117.885
G1 F1500 X107.199 Y119.078 E574.56524
G0 F9000 X107.764 Y119.078
G1 F1500 X106.571 Y117.885 E574.62136
G0 F9000 X107.137 Y117.885
G1 F1500 X108.33 Y119.078 E574.67747
G0 F9000 X108.896 Y119.078
G1 F1500 X107.702 Y117.885 E574.73361
G0 F9000 X108.268 Y117.885
G1 F1500 X109.462 Y119.078 E574.78975
G0 F9000 X110.027 Y119.078
G1 F1500 X108.834 Y117.885 E574.84587
G0 F9000 X109.399 Y117.885
G1 F1500 X110.593 Y119.078 E574.902
G0 F9000 X111.159 Y119.078
G1 F1500 X109.965 Y117.885 E574.95814
G0 F9000 X110.531 Y117.885
G1 F1500 X111.724 Y119.078 E575.01426
G0 F9000 X112.29 Y119.078
G1 F1500 X111.096 Y117.885 E575.0704
G0 F9000 X111.662 Y117.885
G1 F1500 X112.856 Y119.078 E575.12654
G0 F9000 X113.421 Y119.078
G1 F1500 X112.228 Y117.885 E575.18265
G0 F9000 X112.793 Y117.885
G1 F1500 X113.987 Y119.078 E575.23879
G0 F9000 X114.553 Y119.078
G1 F1500 X113.359 Y117.885 E575.29493
G0 F9000 X113.925 Y117.885
G1 F1500 X115.118 Y119.078 E575.35104
G0 F9000 X115.684 Y119.078
G1 F1500 X114.49 Y117.885 E575.40718
G0 F9000 X115.056 Y117.885
G1 F1500 X116.25 Y119.078 E575.46332
G0 F9000 X116.815 Y119.078
G1 F1500 X115.622 Y117.885 E575.51944
G0 F9000 X116.188 Y117.885
G1 F1500 X117.381 Y119.078 E575.57555
G0 F9000 X117.946 Y119.077
G1 F1500 X116.753 Y117.885 E575.63164
G0 F9000 X117.319 Y117.885
G1 F1500 X118.512 Y119.077 E575.68773
G0 F9000 X119.077 Y119.077
G1 F1500 X117.885 Y117.885 E575.7438
G0 F9000 X118.45 Y117.885
G1 F1500 X119.643 Y119.077 E575.79989
G0 F9000 X120.209 Y119.077
G1 F1500 X119.016 Y117.885 E575.85598
G0 F9000 X119.582 Y117.885
G1 F1500 X120.775 Y119.077 E575.91208
G0 F9000 X121.34 Y119.077
G1 F1500 X120.147 Y117.885 E575.96817
G0 F9000 X120.713 Y117.885
G1 F1500 X121.906 Y119.077 E576.02426
G0 F9000 X122.472 Y119.077
G1 F1500 X121.279 Y117.885 E576.08035
G0 F9000 X121.844 Y117.885
G1 F1500 X123.037 Y119.077 E576.13644
G0 F9000 X123.603 Y119.077
G1 F1500 X122.41 Y117.885 E576.19253
G0 F9000 X122.976 Y117.885
G1 F1500 X124.169 Y119.077 E576.24863
G0 F9000 X124.734 Y119.077
G1 F1500 X123.541 Y117.885 E576.30472
G0 F9000 X124.107 Y117.885
G1 F1500 X125.3 Y119.077 E576.36081
G0 F9000 X125.866 Y119.077
G1 F1500 X124.673 Y117.885 E576.4169
G0 F9000 X125.239 Y117.885
G1 F1500 X126.431 Y119.077 E576.47297
G0 F9000 X126.997 Y119.077
G1 F1500 X125.804 Y117.885 E576.52906
G0 F9000 X126.37 Y117.885
G1 F1500 X127.563 Y119.077 E576.58515
G0 F9000 X128.128 Y119.077
G1 F1500 X126.936 Y117.885 E576.64122
G0 F9000 X127.501 Y117.885
G1 F1500 X128.694 Y119.077 E576.69731
G0 F9000 X129.26 Y119.077
G1 F1500 X128.067 Y117.885 E576.7534
G0 F9000 X128.633 Y117.885
G1 F1500 X129.826 Y119.077 E576.80949
G0 F9000 X130.391 Y119.077
G1 F1500 X129.198 Y117.885 E576.86559
G0 F9000 X129.764 Y117.885
G1 F1500 X130.957 Y119.077 E576.92168
G0 F9000 X131.523 Y119.077
G1 F1500 X130.33 Y117.885 E576.97777
G0 F9000 X130.895 Y117.885
G1 F1500 X132.088 Y119.077 E577.03386
G0 F9000 X132.654 Y119.077
G1 F1500 X131.461 Y117.885 E577.08995
G0 F9000 X132.027 Y117.885
G1 F1500 X133.22 Y119.077 E577.14604
G0 F9000 X133.785 Y119.077
G1 F1500 X132.592 Y117.885 E577.20213
G0 F9000 X133.158 Y117.885
G1 F1500 X134.351 Y119.077 E577.25823
G0 F9000 X134.917 Y119.077
G1 F1500 X133.724 Y117.885 E577.31432
G0 F9000 X134.289 Y117.885
G1 F1500 X135.482 Y119.077 E577.37041
G0 F9000 X136.048 Y119.077
G1 F1500 X134.855 Y117.885 E577.4265
G0 F9000 X135.421 Y117.885
G1 F1500 X136.614 Y119.077 E577.48259
G0 F9000 X137.179 Y119.077
G1 F1500 X135.987 Y117.885 E577.53866
G0 F9000 X136.552 Y117.885
G1 F1500 X137.745 Y119.077 E577.59475
G0 F9000 X138.311 Y119.077
G1 F1500 X137.118 Y117.885 E577.65084
G0 F9000 X137.684 Y117.885
G1 F1500 X138.876 Y119.077 E577.70691
G0 F9000 X139.441 Y119.077
G1 F1500 X138.249 Y117.885 E577.76298
G0 F9000 X138.815 Y117.885
G1 F1500 X140.007 Y119.077 E577.81905
G0 F9000 X140.573 Y119.077
G1 F1500 X139.381 Y117.885 E577.87512
G0 F9000 X139.946 Y117.885
G1 F1500 X141.139 Y119.077 E577.93121
G0 F9000 X141.704 Y119.077
G1 F1500 X140.512 Y117.885 E577.98727
G0 F9000 X141.078 Y117.885
G1 F1500 X142.27 Y119.077 E578.04334
G0 F9000 X142.836 Y119.077
G1 F1500 X141.643 Y117.885 E578.09943
G0 F9000 X142.209 Y117.885
G1 F1500 X143.401 Y119.077 E578.1555
G0 F9000 X143.967 Y119.077
G1 F1500 X142.775 Y117.885 E578.21157
G0 F9000 X143.34 Y117.885
G1 F1500 X144.533 Y119.077 E578.26766
G0 F9000 X145.098 Y119.077
G1 F1500 X143.906 Y117.885 E578.32373
G0 F9000 X144.472 Y117.885
G1 F1500 X145.664 Y119.077 E578.3798
G0 F9000 X146.23 Y119.077
G1 F1500 X145.038 Y117.885 E578.43587
G0 F9000 X145.603 Y117.885
G1 F1500 X146.795 Y119.077 E578.49193
G0 F9000 X147.361 Y119.077
G1 F1500 X146.169 Y117.885 E578.548
G0 F9000 X146.735 Y117.885
G1 F1500 X147.927 Y119.077 E578.60407
G0 F9000 X148.492 Y119.077
G1 F1500 X147.3 Y117.885 E578.66014
G0 F9000 X147.866 Y117.885
G1 F1500 X149.058 Y119.077 E578.71621
G0 F9000 X149.624 Y119.077
G1 F1500 X148.432 Y117.885 E578.77227
G0 F9000 X148.997 Y117.885
G1 F1500 X150.189 Y119.077 E578.82834
G0 F9000 X150.755 Y119.077
G1 F1500 X149.563 Y117.885 E578.88441
G0 F9000 X150.129 Y117.885
G1 F1500 X151.321 Y119.077 E578.94048
G0 F9000 X151.887 Y119.077
G1 F1500 X150.694 Y117.885 E578.99657
G0 F9000 X151.26 Y117.885
G1 F1500 X152.452 Y119.077 E579.05264
G0 F9000 X153.018 Y119.077
G1 F1500 X151.826 Y117.885 E579.10871
G0 F9000 X152.391 Y117.885
G1 F1500 X153.584 Y119.077 E579.1648
G0 F9000 X154.149 Y119.077
G1 F1500 X152.957 Y117.885 E579.22087
G0 F9000 X153.523 Y117.885
G1 F1500 X154.715 Y119.077 E579.27693
G0 F9000 X155.281 Y119.077
G1 F1500 X154.088 Y117.885 E579.33303
G0 F9000 X154.654 Y117.885
G1 F1500 X155.846 Y119.077 E579.38909
G0 F9000 X156.412 Y119.077
G1 F1500 X155.22 Y117.885 E579.44516
G0 F9000 X155.786 Y117.885
G1 F1500 X156.978 Y119.077 E579.50123
G0 F9000 X157.543 Y119.077
G1 F1500 X156.351 Y117.885 E579.5573
G0 F9000 X156.917 Y117.885
G1 F1500 X158.109 Y119.077 E579.61337
G0 F9000 X158.675 Y119.077
G1 F1500 X157.483 Y117.885 E579.66943
G0 F9000 X158.048 Y117.885
G1 F1500 X159.24 Y119.077 E579.7255
G0 F9000 X159.806 Y119.077
G1 F1500 X158.614 Y117.885 E579.78157
G0 F9000 X159.18 Y117.885
G1 F1500 X160.372 Y119.077 E579.83764
G0 F9000 X160.937 Y119.076
G1 F1500 X159.745 Y117.885 E579.89368
G0 F9000 X160.311 Y117.885
G1 F1500 X161.502 Y119.076 E579.9497
G0 F9000 X162.068 Y119.076
G1 F1500 X160.877 Y117.885 E580.00572
G0 F9000 X161.442 Y117.885
G1 F1500 X162.634 Y119.076 E580.06177
G0 F9000 X163.2 Y119.076
G1 F1500 X162.008 Y117.885 E580.11781
G0 F9000 X162.574 Y117.885
G1 F1500 X163.765 Y119.076 E580.17383
G0 F9000 X164.331 Y119.076
G1 F1500 X163.139 Y117.885 E580.22988
G0 F9000 X163.705 Y117.885
G1 F1500 X164.897 Y119.076 E580.28592
G0 F9000 X165.462 Y119.076
G1 F1500 X164.271 Y117.885 E580.34194
G0 F9000 X164.836 Y117.885
G1 F1500 X166.028 Y119.076 E580.39799
G0 F9000 X166.594 Y119.076
G1 F1500 X165.402 Y117.885 E580.45403
G0 F9000 X165.968 Y117.885
G1 F1500 X167.159 Y119.076 E580.51005
G0 F9000 X167.725 Y119.076
G1 F1500 X166.534 Y117.885 E580.56607
G0 F9000 X167.099 Y117.885
G1 F1500 X168.291 Y119.076 E580.62212
G0 F9000 X168.856 Y119.076
G1 F1500 X167.665 Y117.885 E580.67814
G0 F9000 X168.231 Y117.885
G1 F1500 X169.422 Y119.076 E580.73416
G0 F9000 X169.988 Y119.076
G1 F1500 X168.796 Y117.885 E580.79021
G0 F9000 X169.362 Y117.885
G1 F1500 X170.553 Y119.076 E580.84623
G0 F9000 X171.119 Y119.076
G1 F1500 X169.928 Y117.885 E580.90225
G0 F9000 X170.493 Y117.885
G1 F1500 X171.685 Y119.076 E580.95829
G0 F9000 X172.251 Y119.076
G1 F1500 X171.059 Y117.885 E581.01434
G0 F9000 X171.625 Y117.885
G1 F1500 X172.816 Y119.076 E581.07036
G0 F9000 X173.382 Y119.076
G1 F1500 X172.19 Y117.885 E581.1264
G0 F9000 X172.756 Y117.885
G1 F1500 X173.948 Y119.076 E581.18245
G0 F9000 X174.513 Y119.076
G1 F1500 X173.322 Y117.885 E581.23847
G0 F9000 X173.887 Y117.885
G1 F1500 X175.079 Y119.076 E581.29451
G0 F9000 X175.645 Y119.076
G1 F1500 X174.453 Y117.885 E581.35056
G0 F9000 X175.019 Y117.885
G1 F1500 X176.21 Y119.076 E581.40658
G0 F9000 X176.776 Y119.076
G1 F1500 X175.585 Y117.885 E581.4626
G0 F9000 X176.15 Y117.885
G1 F1500 X177.342 Y119.076 E581.51864
G0 F9000 X177.907 Y119.076
G1 F1500 X176.716 Y117.885 E581.57466
G0 F9000 X177.282 Y117.885
G1 F1500 X178.473 Y119.076 E581.63069
G0 F9000 X179.039 Y119.076
G1 F1500 X177.847 Y117.885 E581.68673
G0 F9000 X178.413 Y117.885
G1 F1500 X179.604 Y119.076 E581.74275
G0 F9000 X180.17 Y119.076
G1 F1500 X178.979 Y117.885 E581.79877
G0 F9000 X179.544 Y117.885
G1 F1500 X180.736 Y119.076 E581.85482
G0 F9000 X181.301 Y119.076
G1 F1500 X180.11 Y117.885 E581.91084
G0 F9000 X180.676 Y117.885
G1 F1500 X181.867 Y119.076 E581.96686
G0 F9000 X182.314 Y118.957
G1 F1500 X181.241 Y117.885 E582.01731
G0 F9000 X181.807 Y117.885
G1 F1500 X182.53 Y118.607 E582.05129
G0 F9000 X182.775 Y118.287
G1 F1500 X182.36 Y117.872 E582.07081
G0 F9000 X182.832 Y117.779
G1 F1500 X182.998 Y117.944 E582.07859
G1 F2700 E577.07859
G0 F9000 X182.778 Y117.313
G0 X51.36 Y116.558
G0 X51.096 Y117.272
G0 X52.531 Y119.474
G0 X53.46 Y119.54
G0 X53.46 Y119.08
G1 F2700 E582.07859
G1 F1500 X52.163 Y117.782 E582.13963
G0 F9000 X52.416 Y117.066
G1 F2700 E577.13963
;MESH:NONMESH
G0 F300 X52.416 Y117.066 Z3.2
G0 F9000 X51.36 Y116.558
G0 X51.096 Y117.272
G0 X52.531 Y119.474
G0 X117.5 Y119.54
G0 X117.5 Y118.912
;TIME_ELAPSED:1073.184939
;LAYER:15
;TYPE:WALL-INNER
;MESH:middle_union.STL
G1 F2700 E582.13963
G1 F1500 X182.205 Y118.912 E584.29172
G1 X182.445 Y118.833 E584.30013
G1 X182.518 Y118.768 E584.30338
G1 X182.854 Y118.564 E584.31645
G1 X183.191 Y118.222 E584.33242
G1 X183.252 Y118.175 E584.33498
G1 X183.584 Y117.804 E584.35154
G1 X183.669 Y117.669 E584.35685
G1 X183.917 Y117.347 E584.37036
G1 X184.201 Y116.858 E584.38917
G1 X184.412 Y116.416 E584.40546
G1 X184.566 Y115.94 E584.4221
G1 X184.634 Y115.608 E584.43337
G1 X50.362 Y115.609 E588.89928
G1 X50.429 Y115.937 E588.91041
G1 X50.587 Y116.418 E588.92725
G1 X50.8 Y116.873 E588.94396
G1 X51.077 Y117.348 E588.96225
G1 X51.328 Y117.667 E588.97575
G1 X51.417 Y117.801 E588.9811
G1 X51.747 Y118.174 E588.99767
G1 X51.81 Y118.223 E589.00032
G1 X52.146 Y118.566 E589.01629
G1 X52.47 Y118.766 E589.02895
G1 X52.544 Y118.831 E589.03223
G1 X52.795 Y118.912 E589.041
G1 X117.5 Y118.912 E591.1931
G0 F9000 X117.5 Y119.312
;TYPE:WALL-OUTER
G1 F1500 X182.268 Y119.312 E593.34729
G1 X182.66 Y119.184 E593.36101
G1 X182.762 Y119.085 E593.36574
G1 X183.103 Y118.881 E593.37895
G1 X183.45 Y118.527 E593.39544
G1 X183.524 Y118.471 E593.39853
G1 X183.904 Y118.046 E593.41749
G1 X184.007 Y117.884 E593.42387
G1 X184.249 Y117.571 E593.43703
G1 X184.555 Y117.046 E593.45724
G1 X184.785 Y116.565 E593.47498
G1 X184.954 Y116.041 E593.49329
G1 X185.061 Y115.516 E593.51111
G1 X185.084 Y115.208 E593.52138
G1 X49.914 Y115.209 E598.01715
G1 X49.935 Y115.517 E598.02742
G1 X50.042 Y116.04 E598.04518
G1 X50.215 Y116.566 E598.06359
G1 X50.446 Y117.059 E598.0817
G1 X50.746 Y117.574 E598.10153
G1 X50.995 Y117.889 E598.11488
G1 X51.099 Y118.045 E598.12112
G1 X51.473 Y118.468 E598.1399
G1 X51.55 Y118.527 E598.14312
G1 X51.894 Y118.882 E598.15956
G1 X52.232 Y119.087 E598.17271
G1 X52.334 Y119.183 E598.17737
G1 X52.732 Y119.312 E598.19129
G1 X117.5 Y119.312 E600.34548
G1 F2700 E595.34548
G0 F9000 X117.5 Y119.004
G0 X52.818 Y118.751
G0 X52.248 Y118.44
G0 X51.423 Y117.525
G0 X51.213 Y117.247
G0 X51.103 Y116.748
G0 X115.177 Y117.207
G0 X115.177 Y117.428
;TYPE:FILL
G1 F2700 E600.34548
G1 F3000 X115.643 Y115.688 E600.40539
G0 F9000 X115.643 Y115.921
G0 X118.887 Y115.921
G0 X118.887 Y115.688
G1 F3000 X120.626 Y117.427 E600.48719
G0 F9000 X121.389 Y117.428
G1 F3000 X121.855 Y115.688 E600.5471
G0 F9000 X121.855 Y115.921
G0 X126.507 Y117.207
G0 X126.507 Y117.428
G1 F3000 X133.001 Y115.688 E600.77071
G0 F9000 X133.001 Y115.921
G0 X134.278 Y115.921
G0 X134.278 Y115.688
G1 F3000 X133.812 Y117.428 E600.83062
G0 F9000 X133.812 Y117.207
G0 X135.858 Y115.921
G0 X135.858 Y115.688
G1 F3000 X137.597 Y117.427 E600.91242
G0 F9000 X137.597 Y117.207
G0 X140.024 Y117.207
G0 X140.024 Y117.428
G1 F3000 X140.49 Y115.687 E600.97236
G0 F9000 X140.49 Y115.921
G0 X144.343 Y115.921
G0 X144.343 Y115.688
G1 F3000 X146.082 Y117.427 E601.05416
G1 X146.235 Y117.428
G1 X146.701 Y115.688 E601.11407
G0 F9000 X146.701 Y115.921
G0 X149.69 Y117.207
G0 X149.69 Y117.428
G1 F3000 X156.184 Y115.688 E601.33768
G0 F9000 X156.184 Y115.921
G0 X154.567 Y117.207
G0 X154.567 Y117.427
G1 F3000 X152.828 Y115.688 E601.41948
G1 X152.913 Y115.688
G1 X152.447 Y117.427 E601.47936
G0 F9000 X152.447 Y117.207
G0 X158.659 Y117.207
G0 X158.659 Y117.428
G1 F3000 X159.125 Y115.688 E601.53927
G0 F9000 X159.125 Y115.921
G0 X161.314 Y115.921
G0 X161.314 Y115.688
G1 F3000 X163.052 Y117.427 E601.62105
G0 F9000 X163.052 Y117.207
G0 X164.87 Y117.207
G0 X164.87 Y117.428
G1 F3000 X165.336 Y115.688 E601.68096
G0 F9000 X165.336 Y115.921
G0 X169.799 Y115.921
G0 X169.799 Y115.688
G1 F3000 X171.538 Y117.427 E601.76276
G0 F9000 X171.082 Y117.428
G1 F3000 X171.548 Y115.688 E601.82267
G0 F9000 X171.548 Y115.921
G0 X172.872 Y117.207
G0 X172.872 Y117.428
G1 F3000 X179.367 Y115.687 E602.04632
G0 F9000 X179.367 Y115.921
G0 X178.284 Y115.921
G0 X178.284 Y115.688
G1 F3000 X180.023 Y117.427 E602.12812
G0 F9000 X180.023 Y117.207
G0 X177.294 Y117.207
G0 X177.294 Y117.427
G1 F3000 X177.76 Y115.688 E602.188
G0 F9000 X177.76 Y115.921
G0 X183.574 Y116.915
G0 X183.57 Y117.185
G1 F3000 X183.971 Y115.688 E602.23954
G1 F2700 E597.23954
G0 F9000 X183.971 Y115.921
G0 X129.111 Y117.207
G0 X129.111 Y117.427
G1 F2700 E602.23954
G1 F3000 X127.373 Y115.688 E602.32132
G0 F9000 X128.066 Y115.688
G1 F3000 X127.6 Y117.429 E602.38126
G0 F9000 X127.6 Y117.207
G0 X112.141 Y117.207
G0 X112.141 Y117.427
G1 F3000 X110.402 Y115.688 E602.46306
G0 F9000 X109.818 Y115.688
G1 F3000 X103.324 Y117.428 E602.68667
G0 F9000 X103.655 Y117.427
G1 F3000 X101.917 Y115.688 E602.76844
G0 F9000 X101.917 Y115.921
G0 X103.22 Y115.921
G0 X103.22 Y115.688
G1 F3000 X102.753 Y117.429 E602.82839
G0 F9000 X102.753 Y117.207
G0 X97.008 Y115.921
G0 X97.008 Y115.688
G1 F3000 X96.542 Y117.428 E602.88831
G0 F9000 X96.542 Y117.207
G0 X95.17 Y117.207
G0 X95.17 Y117.427
G1 F3000 X93.431 Y115.688 E602.9701
G0 F9000 X93.431 Y115.921
G0 X90.797 Y115.921
G0 X90.797 Y115.688
G1 F3000 X90.33 Y117.428 E603.03002
G0 F9000 X90.33 Y117.207
G0 X86.685 Y117.207
G0 X86.685 Y117.427
G1 F3000 X84.946 Y115.688 E603.11182
G0 F9000 X84.585 Y115.688
G1 F3000 X84.118 Y117.429 E603.17177
G0 F9000 X84.118 Y117.207
G0 X86.635 Y115.921
G0 X86.635 Y115.688
G1 F3000 X80.141 Y117.428 E603.39538
G0 F9000 X80.141 Y117.207
G0 X78.2 Y117.207
G0 X78.2 Y117.427
G1 F3000 X76.461 Y115.688 E603.47718
G0 F9000 X76.461 Y115.921
G0 X78.373 Y115.921
G0 X78.373 Y115.688
G1 F3000 X77.907 Y117.429 E603.53713
G0 F9000 X77.907 Y117.207
G0 X72.162 Y115.921
G0 X72.162 Y115.688
G1 F3000 X71.695 Y117.428 E603.59705
G0 F9000 X71.695 Y117.207
G0 X69.714 Y117.207
G0 X69.714 Y117.427
G1 F3000 X67.976 Y115.688 E603.67882
G0 F9000 X67.976 Y115.921
G0 X65.95 Y115.921
G0 X65.95 Y115.688
G1 F3000 X65.484 Y117.429 E603.73876
G0 F9000 X65.484 Y117.207
G0 X63.452 Y115.921
G0 X63.452 Y115.688
G1 F3000 X56.959 Y117.428 E603.96234
G0 F9000 X56.959 Y117.207
G0 X59.272 Y117.207
G0 X59.272 Y117.429
G1 F3000 X59.738 Y115.688 E604.02229
G0 F9000 X59.49 Y115.688
G1 F3000 X61.229 Y117.427 E604.10408
G0 F9000 X61.229 Y117.207
G0 X53.527 Y115.921
G0 X53.527 Y115.688
G1 F3000 X53.06 Y117.429 E604.16404
G0 F9000 X52.744 Y117.427
G1 F3000 X51.005 Y115.688 E604.24583
G1 F2700 E599.24583
G0 F9000 X51.005 Y115.921
G0 X108.965 Y117.207
G0 X108.965 Y117.429
G1 F2700 E604.24583
G1 F3000 X109.432 Y115.688 E604.30579
G1 F2700 E599.30579
G0 F9000 X109.432 Y115.921
G0 X51.313 Y116.578
G0 X51.213 Y117.247
G0 X51.914 Y118.1
G0 X52.248 Y118.44
G0 X52.761 Y118.72
G0 X117.5 Y118.812
G0 X117.5 Y118.552
;TYPE:SKIN
G1 F2700 E604.30579
G1 F1500 X52.811 Y118.552 E606.45735
G1 X52.374 Y118.282 E606.47444
G1 X52.051 Y117.955 E606.48972
G1 X51.99 Y117.905 E606.49235
G1 X51.696 Y117.574 E606.50707
G1 X51.448 Y117.236 E606.52102
G1 X51.511 Y117.143 E606.52475
G1 X52.34 Y117.418 E606.5538
G1 X52.714 Y117.466 E606.56634
G1 X182.27 Y117.463 E610.87539
G1 X182.632 Y117.424 E610.8875
G1 X183.492 Y117.142 E610.91761
G1 X183.55 Y117.229 E610.92108
G1 X183.395 Y117.427 E610.92945
G1 X183.296 Y117.582 E610.93556
G1 X183 Y117.911 E610.95028
G1 X182.911 Y117.986 E610.95415
G1 X182.63 Y118.274 E610.96754
G1 X182.179 Y118.552 E610.98516
G1 X117.5 Y118.552 E613.13639
G0 F9000 X117.5 Y118.18
G1 F1744.2 X52.914 Y118.18 E614.98379
G1 X52.609 Y117.988 E614.9941
G1 X52.431 Y117.806 E615.00138
G1 X52.674 Y117.836 E615.00838
G1 X182.248 Y117.836 E618.71468
G1 X182.569 Y117.803 E618.72391
G1 X182.396 Y117.98 E618.73099
G1 X182.071 Y118.18 E618.74191
G1 X117.5 Y118.18 E620.58888
G0 F9000 X117.5 Y116.907
;MESH:NONMESH
G0 F300 X117.5 Y116.907 Z3.4
G0 F9000 X51.313 Y116.578
G0 X51.213 Y117.247
G0 X51.914 Y118.1
G0 X52.248 Y118.44
G0 X52.761 Y118.72
G0 X117.5 Y118.812
G0 X117.5 Y118.352
;TIME_ELAPSED:1134.274762
;LAYER:16
;TYPE:WALL-INNER
;MESH:middle_union.STL
G1 F1500 X182.238 Y118.352 E622.74207
G1 X182.551 Y118.29 E622.75269
G1 X182.667 Y118.228 E622.75706
G1 X182.92 Y118.116 E622.76626
G1 X183.252 Y117.864 E622.78013
G1 X183.404 Y117.7 E622.78756
G1 X183.624 Y117.503 E622.79738
G1 X183.916 Y117.131 E622.81311
G1 X184.001 Y116.988 E622.81865
G1 X184.203 Y116.694 E622.83051
G1 X184.419 Y116.244 E622.84711
G1 X184.574 Y115.78 E622.86338
G1 X184.633 Y115.502 E622.87284
G1 X50.362 Y115.5 E627.33871
G1 X50.424 Y115.793 E627.34867
G1 X50.577 Y116.243 E627.36448
G1 X50.797 Y116.695 E627.3812
G1 X50.998 Y116.992 E627.39313
G1 X51.078 Y117.134 E627.39855
G1 X51.371 Y117.499 E627.41411
G1 X51.596 Y117.703 E627.42422
G1 X51.741 Y117.863 E627.4314
G1 X52.078 Y118.115 E627.44539
G1 X52.357 Y118.24 E627.45556
G1 X52.451 Y118.292 E627.45913
G1 X52.759 Y118.352 E627.46957
G1 X117.5 Y118.352 E629.62287
G0 F9000 X117.5 Y118.752
;TYPE:WALL-OUTER
G1 F1500 X182.276 Y118.752 E631.77732
G1 X182.695 Y118.67 E631.79152
G1 X182.793 Y118.611 E631.79533
G1 X183.125 Y118.462 E631.80743
G1 X183.524 Y118.16 E631.82408
G1 X183.67 Y117.998 E631.83133
G1 X183.917 Y117.778 E631.84233
G1 X184.249 Y117.355 E631.86022
G1 X184.331 Y117.214 E631.86564
G1 X184.55 Y116.895 E631.87851
G1 X184.79 Y116.396 E631.89693
G1 X184.958 Y115.898 E631.91441
G1 X185.061 Y115.415 E631.93083
G1 X185.084 Y115.101 E631.94131
G1 X49.914 Y115.1 E636.43708
G1 X49.935 Y115.416 E636.44761
G1 X50.038 Y115.899 E636.46404
G1 X50.206 Y116.395 E636.48145
G1 X50.45 Y116.895 E636.49996
G1 X50.681 Y117.241 E636.5138
G1 X50.744 Y117.356 E636.51816
G1 X51.079 Y117.774 E636.53597
G1 X51.327 Y117.999 E636.54711
G1 X51.469 Y118.159 E636.55423
G1 X51.874 Y118.462 E636.57105
G1 X52.218 Y118.618 E636.58361
G1 X52.303 Y118.67 E636.58693
G1 X52.72 Y118.752 E636.60106
G1 X117.5 Y118.752 E638.75565
G1 F2700 E633.75565
G0 F9000 X117.5 Y118.443
G0 X52.775 Y118.191
G0 X52.16 Y117.975
G0 X51.488 Y117.389
G0 X51.59 Y116.823
G0 X115.077 Y117.031
G0 X115.077 Y117.252
;TYPE:FILL
G1 F2700 E638.75565
G1 F3000 X115.24 Y116.645 E638.77656
G0 F9000 X115.24 Y116.866
G0 X112.166 Y117.031
G0 X112.166 Y117.251
G1 F3000 X111.561 Y116.646 E638.80501
G0 F9000 X111.561 Y116.866
G0 X109.028 Y116.866
G0 X109.028 Y116.645
G1 F3000 X108.866 Y117.252 E638.82591
G0 F9000 X108.866 Y117.031
G0 X106.793 Y116.866
G0 X106.793 Y116.646
G1 F3000 X104.531 Y117.252 E638.9038
G0 F9000 X103.68 Y117.251
G1 F3000 X103.076 Y116.646 E638.93223
G0 F9000 X102.817 Y116.644
G1 F3000 X102.654 Y117.252 E638.95317
G0 F9000 X102.654 Y117.031
G0 X96.605 Y116.866
G0 X96.605 Y116.645
G1 F3000 X96.442 Y117.252 E638.97407
G0 F9000 X96.442 Y117.031
G0 X95.195 Y117.031
G0 X95.195 Y117.251
G1 F3000 X94.59 Y116.646 E639.00253
G0 F9000 X94.59 Y116.866
G0 X90.393 Y116.866
G0 X90.393 Y116.645
G1 F3000 X90.231 Y117.252 E639.02343
G0 F9000 X90.231 Y117.031
G0 X86.71 Y117.031
G0 X86.71 Y117.251
G1 F3000 X86.105 Y116.646 E639.05188
G0 F9000 X86.105 Y116.866
G0 X84.181 Y116.866
G0 X84.181 Y116.645
G1 F3000 X84.019 Y117.252 E639.07278
G0 F9000 X83.609 Y116.646
G1 F3000 X81.349 Y117.252 E639.1506
G0 F9000 X81.349 Y117.031
G0 X78.224 Y117.031
G0 X78.224 Y117.251
G1 F3000 X77.62 Y116.646 E639.17904
G0 F9000 X77.97 Y116.645
G1 F3000 X77.807 Y117.252 E639.19994
G0 F9000 X77.807 Y117.031
G0 X71.758 Y116.866
G0 X71.758 Y116.645
G1 F3000 X71.595 Y117.253 E639.22088
G0 F9000 X71.595 Y117.031
G0 X69.739 Y117.031
G0 X69.739 Y117.251
G1 F3000 X69.135 Y116.646 E639.24931
G0 F9000 X69.135 Y116.866
G0 X65.546 Y116.866
G0 X65.546 Y116.645
G1 F3000 X65.384 Y117.252 E639.2702
G0 F9000 X65.384 Y117.031
G0 X61.254 Y117.031
G0 X61.254 Y117.251
G1 F3000 X60.649 Y116.646 E639.29866
G0 F9000 X60.426 Y116.646
G1 F3000 X58.166 Y117.252 E639.37649
G0 F9000 X58.166 Y117.031
G0 X59.172 Y117.031
G0 X59.172 Y117.252
G1 F3000 X59.335 Y116.646 E639.39736
G0 F9000 X59.335 Y116.866
G0 X53.123 Y116.866
G0 X53.123 Y116.645
G1 F3000 X52.96 Y117.252 E639.41826
G1 X52.769 Y117.251
G1 X52.164 Y116.646 E639.44672
G1 F2700 E634.44672
G0 F9000 X52.164 Y116.866
G0 X120.046 Y116.866
G0 X120.046 Y116.646
G1 F2700 E639.44672
G1 F3000 X120.651 Y117.251 E639.47518
G0 F9000 X121.289 Y117.252
G1 F3000 X121.452 Y116.645 E639.49608
G0 F9000 X121.452 Y116.866
G0 X127.5 Y117.031
G0 X127.5 Y117.252
G1 F3000 X127.663 Y116.644 E639.51702
G0 F9000 X127.714 Y117.252
G1 F3000 X129.977 Y116.645 E639.59495
G0 F9000 X129.977 Y116.866
G0 X129.136 Y117.031
G0 X129.136 Y117.251
G1 F3000 X128.531 Y116.646 E639.6234
G0 F9000 X128.531 Y116.866
G0 X133.712 Y117.031
G0 X133.712 Y117.252
G1 F3000 X133.875 Y116.645 E639.64431
G0 F9000 X133.875 Y116.866
G0 X137.016 Y116.866
G0 X137.016 Y116.646
G1 F3000 X137.621 Y117.251 E639.67276
G0 F9000 X137.621 Y117.031
G0 X139.924 Y117.031
G0 X139.924 Y117.252
G1 F3000 X140.086 Y116.645 E639.69366
G0 F9000 X140.086 Y116.866
G0 X145.501 Y116.866
G0 X145.501 Y116.646
G1 F3000 X146.107 Y117.251 E639.72214
G1 X146.135 Y117.252
G1 X146.298 Y116.644 E639.74308
G0 F9000 X146.298 Y116.866
G0 X150.897 Y117.031
G0 X150.897 Y117.251
G1 F3000 X153.16 Y116.645 E639.821
G0 F9000 X152.51 Y116.644
G1 F3000 X152.347 Y117.252 E639.84193
G0 F9000 X152.347 Y117.031
G0 X153.987 Y116.866
G0 X153.987 Y116.646
G1 F3000 X154.592 Y117.251 E639.87039
G0 F9000 X154.592 Y117.031
G0 X158.559 Y117.031
G0 X158.559 Y117.251
G1 F3000 X158.721 Y116.645 E639.89125
G0 F9000 X158.721 Y116.866
G0 X162.472 Y116.866
G0 X162.472 Y116.646
G1 F3000 X163.077 Y117.251 E639.91971
G0 F9000 X163.077 Y117.031
G0 X164.77 Y117.031
G0 X164.77 Y117.252
G1 F3000 X164.933 Y116.644 E639.94065
G0 F9000 X164.933 Y116.866
G0 X170.957 Y116.866
G0 X170.957 Y116.646
G1 F3000 X171.562 Y117.251 E639.9691
G0 F9000 X170.982 Y117.252
G1 F3000 X171.145 Y116.644 E639.99004
G0 F9000 X171.145 Y116.866
G0 X174.078 Y117.031
G0 X174.078 Y117.251
G1 F3000 X176.344 Y116.644 E640.06807
G0 F9000 X176.344 Y116.866
G0 X177.357 Y116.866
G0 X177.357 Y116.644
G1 F3000 X177.194 Y117.251 E640.08897
G0 F9000 X177.194 Y117.031
G0 X179.442 Y116.866
G0 X179.442 Y116.646
G1 F3000 X180.048 Y117.251 E640.11745
G0 F9000 X180.048 Y117.031
G0 X183.399 Y116.823
G0 X183.617 Y117.096
G0 X183.421 Y117.195
G1 F3000 X183.568 Y116.644 E640.13642
G1 F2700 E635.13642
G0 F9000 X183.568 Y116.866
G0 X117.5 Y117.031
G0 X117.5 Y117.917
;TYPE:SKIN
G1 F2700 E640.13642
G1 F1090.9 X52.832 Y117.917 E643.09386
G1 F1105 X52.589 Y117.879 E643.10496
G1 F1119.4 X52.298 Y117.744 E643.11926
G1 X52.032 Y117.547 E643.13401
G1 X51.897 Y117.401 E643.14288
G1 X51.685 Y117.206 E643.15571
G1 X51.721 Y117.132 E643.15938
G1 X52.317 Y117.313 E643.18714
G1 F1105 X52.832 Y117.367 E643.21052
G1 F1090.9 X117.563 Y117.365 E646.17084
G1 F1087 X182.294 Y117.363 E649.14193
G1 X182.685 Y117.321 E649.15998
G1 X183.261 Y117.143 E649.18765
G1 X183.297 Y117.21 E649.19114
G1 X183.1 Y117.385 E649.20324
G1 X182.954 Y117.537 E649.21291
G1 X182.7 Y117.734 E649.22767
G1 X182.401 Y117.872 E649.24278
G1 X182.191 Y117.916 E649.25263
G1 F1088.9 X117.5 Y117.917 E652.2165
G0 F9000 X117.5 Y117.031
G0 X117.5 Y116.518
G1 F1049 X51.204 Y116.518 E655.36967
G1 X50.93 Y115.947 E655.39979
G1 X184.062 Y115.947 E661.73182
G1 X183.791 Y116.518 E661.76188
G1 X117.5 Y116.518 E664.91481
;MESH:NONMESH
G0 F300 X117.5 Y116.518 Z3.6
G0 F9000 X117.5 Y116.866
G0 X183.399 Y116.823
G0 X183.617 Y117.241
G0 X183.142 Y117.745
G0 X182.838 Y117.977
G0 X182.283 Y118.17
G0 X117.5 Y118.252
G0 X117.5 Y118
;TIME_ELAPSED:1201.092150
;LAYER:17
;TYPE:WALL-INNER
;MESH:middle_union.STL
G1 F1500 X182.26 Y118 E667.06874
G1 X182.599 Y117.95 E667.08013
G1 X182.938 Y117.8 E667.09246
G1 X183.302 Y117.574 E667.10671
G1 X183.624 Y117.284 E667.12113
G1 X183.742 Y117.137 E667.1274
G1 X183.946 Y116.916 E667.1374
G1 X184.204 Y116.53 E667.15284
G1 X184.419 Y116.098 E667.16889
G1 X184.573 Y115.673 E667.18393
G1 X184.633 Y115.393 E667.19345
G1 X50.362 Y115.393 E671.65932
G1 X50.423 Y115.675 E671.66892
G1 X50.569 Y116.083 E671.68333
G1 X50.796 Y116.537 E671.70021
G1 X51.053 Y116.918 E671.7155
G1 X51.254 Y117.137 E671.72539
G1 X51.37 Y117.278 E671.73146
G1 X51.7 Y117.579 E671.74632
G1 X52.053 Y117.8 E671.76017
G1 X52.395 Y117.949 E671.77257
G1 X52.74 Y118 E671.78417
G1 X117.5 Y118 E673.9381
G0 F9000 X117.5 Y118.4
;TYPE:WALL-OUTER
G1 F1500 X182.289 Y118.4 E676.09299
G1 X182.711 Y118.338 E676.10718
G1 X183.126 Y118.154 E676.12228
G1 X183.543 Y117.895 E676.1386
G1 X183.917 Y117.558 E676.15535
G1 X184.036 Y117.408 E676.16172
G1 X184.262 Y117.164 E676.17278
G1 X184.55 Y116.731 E676.19007
G1 X184.787 Y116.256 E676.20773
G1 X184.959 Y115.784 E676.22444
G1 X185.061 Y115.307 E676.24066
G1 X185.084 Y114.992 E676.25117
G1 X49.914 Y114.993 E680.74694
G1 X49.935 Y115.308 E680.75744
G1 X50.037 Y115.785 E680.77366
G1 X50.201 Y116.241 E680.78978
G1 X50.45 Y116.739 E680.8083
G1 X50.738 Y117.167 E680.82546
G1 X50.968 Y117.418 E680.83678
G1 X51.078 Y117.554 E680.8426
G1 X51.458 Y117.899 E680.85967
G1 X51.866 Y118.154 E680.87567
G1 X52.284 Y118.337 E680.89085
G1 X52.711 Y118.4 E680.90521
G1 X117.5 Y118.4 E683.0601
G0 F9000 X117.5 Y117.64
;TYPE:SKIN
G1 F1500 X52.764 Y117.64 E685.21322
G1 X52.497 Y117.598 E685.22221
G1 X52.226 Y117.478 E685.23207
G1 X51.917 Y117.287 E685.24415
G1 X51.627 Y117.027 E685.25711
G1 X51.335 Y116.693 E685.27186
G1 X51.105 Y116.351 E685.28557
G1 X50.901 Y115.942 E685.30077
G1 X50.834 Y115.752 E685.30747
G1 X184.156 Y115.753 E689.74178
G1 X184.086 Y115.949 E689.7487
G1 X183.894 Y116.335 E689.76304
G1 X183.662 Y116.688 E689.77709
G1 X183.473 Y116.892 E689.78634
G1 X183.361 Y117.034 E689.79236
G1 X183.079 Y117.283 E689.80487
G1 X182.773 Y117.475 E689.81688
G1 X182.491 Y117.602 E689.82717
G1 X182.237 Y117.64 E689.83571
G1 X117.5 Y117.64 E691.98888
G1 F2700 E686.98888
G0 F9000 X117.5 Y117.9
G0 X182.466 Y117.869
G0 X182.4 Y117.414
G1 F2700 E691.98888
G1 F1500 X183.86 Y115.953 E692.05757
G0 F9000 X183.296 Y115.952
G1 F1500 X181.807 Y117.441 E692.12761
G0 F9000 X181.241 Y117.441
G1 F1500 X182.73 Y115.952 E692.19765
G0 F9000 X182.164 Y115.952
G1 F1500 X180.676 Y117.441 E692.26766
G0 F9000 X180.11 Y117.441
G1 F1500 X181.598 Y115.952 E692.33768
G0 F9000 X181.033 Y115.952
G1 F1500 X179.544 Y117.441 E692.40772
G0 F9000 X178.979 Y117.441
G1 F1500 X180.467 Y115.952 E692.47773
G0 F9000 X179.901 Y115.952
G1 F1500 X178.413 Y117.441 E692.54774
G0 F9000 X177.847 Y117.441
G1 F1500 X179.336 Y115.952 E692.61778
G0 F9000 X178.77 Y115.952
G1 F1500 X177.282 Y117.441 E692.6878
G0 F9000 X176.716 Y117.441
G1 F1500 X178.204 Y115.952 E692.75781
G0 F9000 X177.639 Y115.952
G1 F1500 X176.15 Y117.441 E692.82785
G0 F9000 X175.585 Y117.441
G1 F1500 X177.073 Y115.952 E692.89786
G0 F9000 X176.507 Y115.952
G1 F1500 X175.019 Y117.441 E692.96788
G0 F9000 X174.453 Y117.441
G1 F1500 X175.942 Y115.952 E693.03792
G0 F9000 X175.376 Y115.952
G1 F1500 X173.887 Y117.441 E693.10795
G0 F9000 X173.322 Y117.441
G1 F1500 X174.81 Y115.952 E693.17797
G0 F9000 X174.245 Y115.952
G1 F1500 X172.756 Y117.441 E693.24801
G0 F9000 X172.19 Y117.441
G1 F1500 X173.679 Y115.952 E693.31804
G0 F9000 X173.113 Y115.952
G1 F1500 X171.625 Y117.441 E693.38806
G0 F9000 X171.059 Y117.441
G1 F1500 X172.547 Y115.952 E693.45807
G0 F9000 X171.982 Y115.952
G1 F1500 X170.493 Y117.441 E693.52811
G0 F9000 X169.928 Y117.441
G1 F1500 X171.416 Y115.952 E693.59813
G0 F9000 X170.85 Y115.952
G1 F1500 X169.362 Y117.441 E693.66814
G0 F9000 X168.796 Y117.441
G1 F1500 X170.285 Y115.952 E693.73818
G0 F9000 X169.719 Y115.952
G1 F1500 X168.231 Y117.441 E693.80819
G0 F9000 X167.665 Y117.441
G1 F1500 X169.153 Y115.952 E693.87821
G0 F9000 X168.588 Y115.952
G1 F1500 X167.099 Y117.441 E693.94825
G0 F9000 X166.534 Y117.441
G1 F1500 X168.022 Y115.952 E694.01826
G0 F9000 X167.456 Y115.952
G1 F1500 X165.968 Y117.441 E694.08827
G0 F9000 X165.402 Y117.441
G1 F1500 X166.891 Y115.952 E694.15831
G0 F9000 X166.325 Y115.952
G1 F1500 X164.836 Y117.441 E694.22835
G0 F9000 X164.271 Y117.441
G1 F1500 X165.759 Y115.952 E694.29837
G0 F9000 X165.194 Y115.952
G1 F1500 X163.705 Y117.441 E694.3684
G0 F9000 X163.139 Y117.441
G1 F1500 X164.628 Y115.952 E694.43844
G0 F9000 X164.062 Y115.952
G1 F1500 X162.574 Y117.441 E694.50846
G0 F9000 X162.008 Y117.441
G1 F1500 X163.497 Y115.952 E694.57849
G0 F9000 X162.931 Y115.952
G1 F1500 X161.442 Y117.441 E694.64853
G0 F9000 X160.877 Y117.441
G1 F1500 X162.365 Y115.952 E694.71855
G0 F9000 X161.799 Y115.952
G1 F1500 X160.311 Y117.441 E694.78856
G0 F9000 X159.745 Y117.441
G1 F1500 X161.234 Y115.952 E694.8586
G0 F9000 X160.668 Y115.952
G1 F1500 X159.18 Y117.441 E694.92861
G0 F9000 X158.614 Y117.441
G1 F1500 X160.102 Y115.952 E694.99863
G0 F9000 X159.537 Y115.952
G1 F1500 X158.048 Y117.441 E695.06867
G0 F9000 X157.483 Y117.441
G1 F1500 X158.971 Y115.952 E695.13868
G0 F9000 X158.405 Y115.952
G1 F1500 X156.917 Y117.441 E695.20869
G0 F9000 X156.351 Y117.441
G1 F1500 X157.84 Y115.952 E695.27873
G0 F9000 X157.274 Y115.952
G1 F1500 X155.786 Y117.441 E695.34875
G0 F9000 X155.22 Y117.441
G1 F1500 X156.708 Y115.952 E695.41876
G0 F9000 X156.143 Y115.952
G1 F1500 X154.654 Y117.441 E695.4888
G0 F9000 X154.088 Y117.441
G1 F1500 X155.577 Y115.952 E695.55884
G0 F9000 X155.011 Y115.952
G1 F1500 X153.523 Y117.441 E695.62885
G0 F9000 X152.957 Y117.441
G1 F1500 X154.446 Y115.952 E695.69889
G0 F9000 X153.88 Y115.952
G1 F1500 X152.391 Y117.441 E695.76893
G0 F9000 X151.826 Y117.441
G1 F1500 X153.314 Y115.952 E695.83894
G0 F9000 X152.748 Y115.952
G1 F1500 X151.26 Y117.441 E695.90896
G0 F9000 X150.694 Y117.441
G1 F1500 X152.183 Y115.952 E695.97899
G0 F9000 X151.617 Y115.952
G1 F1500 X150.129 Y117.441 E696.04901
G0 F9000 X149.563 Y117.441
G1 F1500 X151.051 Y115.952 E696.11902
G0 F9000 X150.486 Y115.952
G1 F1500 X148.997 Y117.441 E696.18906
G0 F9000 X148.432 Y117.441
G1 F1500 X149.92 Y115.952 E696.25908
G0 F9000 X149.354 Y115.952
G1 F1500 X147.866 Y117.441 E696.32909
G0 F9000 X147.3 Y117.441
G1 F1500 X148.789 Y115.952 E696.39913
G0 F9000 X148.223 Y115.952
G1 F1500 X146.735 Y117.441 E696.46914
G0 F9000 X146.169 Y117.441
G1 F1500 X147.657 Y115.952 E696.53916
G0 F9000 X147.092 Y115.952
G1 F1500 X145.603 Y117.441 E696.6092
G0 F9000 X145.038 Y117.441
G1 F1500 X146.526 Y115.952 E696.67921
G0 F9000 X145.96 Y115.952
G1 F1500 X144.472 Y117.441 E696.74922
G0 F9000 X143.906 Y117.441
G1 F1500 X145.395 Y115.952 E696.81926
G0 F9000 X144.829 Y115.952
G1 F1500 X143.34 Y117.441 E696.8893
G0 F9000 X142.775 Y117.441
G1 F1500 X144.263 Y115.952 E696.95932
G0 F9000 X143.698 Y115.952
G1 F1500 X142.209 Y117.441 E697.02935
G0 F9000 X141.643 Y117.441
G1 F1500 X143.132 Y115.952 E697.09939
G0 F9000 X142.566 Y115.952
G1 F1500 X141.078 Y117.441 E697.16941
G0 F9000 X140.512 Y117.441
G1 F1500 X142 Y115.952 E697.23942
G0 F9000 X141.435 Y115.952
G1 F1500 X139.946 Y117.441 E697.30946
G0 F9000 X139.381 Y117.441
G1 F1500 X140.869 Y115.952 E697.37947
G0 F9000 X140.303 Y115.952
G1 F1500 X138.815 Y117.441 E697.44949
G0 F9000 X138.249 Y117.441
G1 F1500 X139.738 Y115.952 E697.51952
G0 F9000 X139.172 Y115.952
G1 F1500 X137.684 Y117.441 E697.58954
G0 F9000 X137.118 Y117.441
G1 F1500 X138.606 Y115.952 E697.65955
G0 F9000 X138.041 Y115.952
G1 F1500 X136.552 Y117.441 E697.72959
G0 F9000 X135.987 Y117.441
G1 F1500 X137.475 Y115.952 E697.79961
G0 F9000 X136.909 Y115.952
G1 F1500 X135.421 Y117.441 E697.86962
G0 F9000 X134.855 Y117.441
G1 F1500 X136.344 Y115.952 E697.93966
G0 F9000 X135.778 Y115.952
G1 F1500 X134.289 Y117.441 E698.0097
G0 F9000 X133.724 Y117.441
G1 F1500 X135.212 Y115.952 E698.07971
G0 F9000 X134.647 Y115.952
G1 F1500 X133.158 Y117.441 E698.14975
G0 F9000 X132.592 Y117.441
G1 F1500 X134.081 Y115.952 E698.21979
G0 F9000 X133.515 Y115.952
G1 F1500 X132.027 Y117.441 E698.2898
G0 F9000 X131.461 Y117.441
G1 F1500 X132.95 Y115.952 E698.35984
G0 F9000 X132.384 Y115.952
G1 F1500 X130.895 Y117.441 E698.42988
G0 F9000 X130.33 Y117.441
G1 F1500 X131.818 Y115.952 E698.49989
G0 F9000 X131.252 Y115.952
G1 F1500 X129.764 Y117.441 E698.56991
G0 F9000 X129.198 Y117.441
G1 F1500 X130.687 Y115.952 E698.63994
G0 F9000 X130.121 Y115.952
G1 F1500 X128.633 Y117.441 E698.70996
G0 F9000 X128.067 Y117.441
G1 F1500 X129.555 Y115.952 E698.77997
G0 F9000 X128.99 Y115.952
G1 F1500 X127.501 Y117.441 E698.85001
G0 F9000 X126.936 Y117.441
G1 F1500 X128.424 Y115.952 E698.92003
G0 F9000 X127.858 Y115.952
G1 F1500 X126.37 Y117.441 E698.99004
G0 F9000 X125.804 Y117.441
G1 F1500 X127.293 Y115.952 E699.06008
G0 F9000 X126.727 Y115.952
G1 F1500 X125.239 Y117.441 E699.13009
G0 F9000 X124.673 Y117.441
G1 F1500 X126.161 Y115.952 E699.20011
G0 F9000 X125.596 Y115.952
G1 F1500 X124.107 Y117.441 E699.27015
G0 F9000 X123.541 Y117.441
G1 F1500 X125.03 Y115.952 E699.34018
G0 F9000 X124.464 Y115.952
G1 F1500 X122.976 Y117.441 E699.4102
G0 F9000 X122.41 Y117.441
G1 F1500 X123.899 Y115.952 E699.48024
G0 F9000 X123.333 Y115.952
G1 F1500 X121.844 Y117.441 E699.55027
G0 F9000 X121.279 Y117.441
G1 F1500 X122.767 Y115.952 E699.62029
G0 F9000 X122.201 Y115.952
G1 F1500 X120.713 Y117.441 E699.6903
G0 F9000 X120.147 Y117.441
G1 F1500 X121.636 Y115.952 E699.76034
G0 F9000 X121.07 Y115.952
G1 F1500 X119.582 Y117.441 E699.83036
G0 F9000 X119.016 Y117.441
G1 F1500 X120.504 Y115.952 E699.90037
G0 F9000 X119.939 Y115.952
G1 F1500 X118.45 Y117.441 E699.97041
G0 F9000 X117.885 Y117.441
G1 F1500 X119.373 Y115.952 E700.04042
G0 F9000 X118.807 Y115.952
G1 F1500 X117.319 Y117.441 E700.11044
G0 F9000 X116.753 Y117.441
G1 F1500 X118.242 Y115.952 E700.18047
G0 F9000 X117.676 Y115.952
G1 F1500 X116.188 Y117.441 E700.25049
G0 F9000 X115.622 Y117.441
G1 F1500 X117.111 Y115.951 E700.32055
G0 F9000 X116.545 Y115.951
G1 F1500 X115.056 Y117.441 E700.39061
G0 F9000 X114.49 Y117.441
G1 F1500 X115.98 Y115.951 E700.4607
G0 F9000 X115.414 Y115.951
G1 F1500 X113.925 Y117.441 E700.53076
G0 F9000 X113.359 Y117.441
G1 F1500 X114.848 Y115.951 E700.60082
G0 F9000 X114.283 Y115.951
G1 F1500 X112.793 Y117.441 E700.67091
G0 F9000 X112.228 Y117.441
G1 F1500 X113.717 Y115.951 E700.74097
G0 F9000 X113.151 Y115.951
G1 F1500 X111.662 Y117.441 E700.81103
G0 F9000 X111.096 Y117.441
G1 F1500 X112.586 Y115.951 E700.88111
G0 F9000 X112.02 Y115.951
G1 F1500 X110.531 Y117.441 E700.95118
G0 F9000 X109.965 Y117.441
G1 F1500 X111.454 Y115.951 E701.02124
G0 F9000 X110.888 Y115.951
G1 F1500 X109.399 Y117.441 E701.0913
G0 F9000 X108.834 Y117.441
G1 F1500 X110.323 Y115.951 E701.16136
G0 F9000 X109.757 Y115.951
G1 F1500 X108.268 Y117.441 E701.23142
G0 F9000 X107.702 Y117.441
G1 F1500 X109.191 Y115.951 E701.30148
G0 F9000 X108.626 Y115.951
G1 F1500 X107.137 Y117.441 E701.37154
G0 F9000 X106.571 Y117.441
G1 F1500 X108.06 Y115.951 E701.44161
G0 F9000 X107.494 Y115.951
G1 F1500 X106.005 Y117.441 E701.51167
G0 F9000 X105.44 Y117.441
G1 F1500 X106.929 Y115.951 E701.58173
G0 F9000 X106.363 Y115.951
G1 F1500 X104.874 Y117.441 E701.65179
G0 F9000 X104.308 Y117.441
G1 F1500 X105.797 Y115.951 E701.72185
G0 F9000 X105.232 Y115.951
G1 F1500 X103.742 Y117.441 E701.79194
G0 F9000 X103.177 Y117.441
G1 F1500 X104.666 Y115.951 E701.862
G0 F9000 X104.1 Y115.951
G1 F1500 X102.611 Y117.441 E701.93206
G0 F9000 X102.045 Y117.441
G1 F1500 X103.535 Y115.951 E702.00214
G0 F9000 X102.969 Y115.951
G1 F1500 X101.48 Y117.441 E702.07221
G0 F9000 X100.914 Y117.441
G1 F1500 X102.403 Y115.951 E702.14227
G0 F9000 X101.838 Y115.951
G1 F1500 X100.348 Y117.441 E702.21235
G0 F9000 X99.783 Y117.441
G1 F1500 X101.272 Y115.951 E702.28241
G0 F9000 X100.706 Y115.951
G1 F1500 X99.217 Y117.441 E702.35248
G0 F9000 X98.651 Y117.441
G1 F1500 X100.14 Y115.951 E702.42254
G0 F9000 X99.575 Y115.951
G1 F1500 X98.086 Y117.441 E702.4926
G0 F9000 X97.52 Y117.441
G1 F1500 X99.009 Y115.951 E702.56266
G0 F9000 X98.443 Y115.951
G1 F1500 X96.954 Y117.441 E702.63272
G0 F9000 X96.389 Y117.441
G1 F1500 X97.878 Y115.951 E702.70278
G0 F9000 X97.312 Y115.951
G1 F1500 X95.823 Y117.441 E702.77285
G0 F9000 X95.257 Y117.441
G1 F1500 X96.746 Y115.951 E702.84291
G0 F9000 X96.181 Y115.951
G1 F1500 X94.691 Y117.441 E702.91299
G0 F9000 X94.126 Y117.441
G1 F1500 X95.615 Y115.951 E702.98305
G0 F9000 X95.049 Y115.951
G1 F1500 X93.56 Y117.441 E703.05311
G0 F9000 X92.994 Y117.441
G1 F1500 X94.484 Y115.951 E703.1232
G0 F9000 X93.918 Y115.951
G1 F1500 X92.429 Y117.441 E703.19326
G0 F9000 X91.863 Y117.441
G1 F1500 X93.352 Y115.951 E703.26332
G0 F9000 X92.787 Y115.951
G1 F1500 X91.297 Y117.441 E703.33341
G0 F9000 X90.732 Y117.441
G1 F1500 X92.221 Y115.951 E703.40347
G0 F9000 X91.655 Y115.951
G1 F1500 X90.166 Y117.441 E703.47353
G0 F9000 X89.6 Y117.441
G1 F1500 X91.089 Y115.951 E703.54359
G0 F9000 X90.524 Y115.951
G1 F1500 X89.035 Y117.441 E703.61365
G0 F9000 X88.469 Y117.441
G1 F1500 X89.958 Y115.951 E703.68372
G0 F9000 X89.392 Y115.951
G1 F1500 X87.903 Y117.441 E703.75378
G0 F9000 X87.338 Y117.441
G1 F1500 X88.827 Y115.951 E703.82384
G0 F9000 X88.261 Y115.951
G1 F1500 X86.772 Y117.441 E703.8939
G0 F9000 X86.206 Y117.441
G1 F1500 X87.695 Y115.951 E703.96396
G0 F9000 X87.13 Y115.951
G1 F1500 X85.641 Y117.441 E704.03402
G0 F9000 X85.075 Y117.441
G1 F1500 X86.564 Y115.951 E704.10408
G0 F9000 X85.998 Y115.951
G1 F1500 X84.509 Y117.441 E704.17415
G0 F9000 X83.943 Y117.441
G1 F1500 X85.433 Y115.951 E704.24423
G0 F9000 X84.867 Y115.951
G1 F1500 X83.378 Y117.441 E704.31429
G0 F9000 X82.812 Y117.441
G1 F1500 X84.301 Y115.951 E704.38435
G0 F9000 X83.736 Y115.951
G1 F1500 X82.246 Y117.441 E704.45444
G0 F9000 X81.681 Y117.441
G1 F1500 X83.17 Y115.951 E704.5245
G0 F9000 X82.604 Y115.951
G1 F1500 X81.115 Y117.441 E704.59456
G0 F9000 X80.549 Y117.441
G1 F1500 X82.039 Y115.951 E704.66465
G0 F9000 X81.473 Y115.951
G1 F1500 X79.984 Y117.441 E704.73471
G0 F9000 X79.418 Y117.441
G1 F1500 X80.907 Y115.951 E704.80477
G0 F9000 X80.341 Y115.951
G1 F1500 X78.852 Y117.441 E704.87483
G0 F9000 X78.287 Y117.441
G1 F1500 X79.776 Y115.951 E704.94489
G0 F9000 X79.21 Y115.951
G1 F1500 X77.721 Y117.441 E705.01495
G0 F9000 X77.155 Y117.441
G1 F1500 X78.644 Y115.951 E705.08502
G0 F9000 X78.079 Y115.951
G1 F1500 X76.59 Y117.441 E705.15508
G0 F9000 X76.024 Y117.441
G1 F1500 X77.513 Y115.951 E705.22514
G0 F9000 X76.947 Y115.951
G1 F1500 X75.458 Y117.441 E705.2952
G0 F9000 X74.893 Y117.441
G1 F1500 X76.382 Y115.951 E705.36526
G0 F9000 X75.816 Y115.951
G1 F1500 X74.327 Y117.441 E705.43532
G0 F9000 X73.761 Y117.441
G1 F1500 X75.25 Y115.951 E705.50539
G0 F9000 X74.685 Y115.951
G1 F1500 X73.195 Y117.441 E705.57547
G0 F9000 X72.63 Y117.441
G1 F1500 X74.119 Y115.951 E705.64553
G0 F9000 X73.553 Y115.951
G1 F1500 X72.064 Y117.441 E705.71559
G0 F9000 X71.498 Y117.441
G1 F1500 X72.988 Y115.951 E705.78568
G0 F9000 X72.422 Y115.951
G1 F1500 X70.933 Y117.441 E705.85574
G0 F9000 X70.367 Y117.441
G1 F1500 X71.856 Y115.951 E705.9258
G0 F9000 X71.291 Y115.951
G1 F1500 X69.801 Y117.441 E705.99589
G0 F9000 X69.236 Y117.441
G1 F1500 X70.725 Y115.951 E706.06595
G0 F9000 X70.159 Y115.951
G1 F1500 X68.67 Y117.441 E706.13601
G0 F9000 X68.104 Y117.441
G1 F1500 X69.593 Y115.951 E706.20607
G0 F9000 X69.028 Y115.951
G1 F1500 X67.539 Y117.441 E706.27613
G0 F9000 X66.973 Y117.441
G1 F1500 X68.462 Y115.951 E706.34619
G0 F9000 X67.896 Y115.951
G1 F1500 X66.407 Y117.441 E706.41626
G0 F9000 X65.842 Y117.441
G1 F1500 X67.331 Y115.951 E706.48632
G0 F9000 X66.765 Y115.951
G1 F1500 X65.276 Y117.441 E706.55638
G0 F9000 X64.71 Y117.441
G1 F1500 X66.199 Y115.951 E706.62644
G0 F9000 X65.634 Y115.951
G1 F1500 X64.144 Y117.441 E706.69653
G0 F9000 X63.579 Y117.441
G1 F1500 X65.068 Y115.951 E706.76659
G0 F9000 X64.502 Y115.951
G1 F1500 X63.013 Y117.441 E706.83665
G0 F9000 X62.447 Y117.441
G1 F1500 X63.937 Y115.951 E706.90673
G0 F9000 X63.371 Y115.951
G1 F1500 X61.882 Y117.441 E706.97679
G0 F9000 X61.316 Y117.441
G1 F1500 X62.805 Y115.951 E707.04686
G0 F9000 X62.24 Y115.951
G1 F1500 X60.75 Y117.441 E707.11694
G0 F9000 X60.185 Y117.441
G1 F1500 X61.674 Y115.951 E707.187
G0 F9000 X61.108 Y115.951
G1 F1500 X59.619 Y117.441 E707.25706
G0 F9000 X59.053 Y117.441
G1 F1500 X60.542 Y115.951 E707.32713
G0 F9000 X59.977 Y115.951
G1 F1500 X58.488 Y117.441 E707.39719
G0 F9000 X57.922 Y117.441
G1 F1500 X59.411 Y115.951 E707.46725
G0 F9000 X58.845 Y115.951
G1 F1500 X57.356 Y117.441 E707.53731
G0 F9000 X56.791 Y117.441
G1 F1500 X58.28 Y115.951 E707.60737
G0 F9000 X57.714 Y115.951
G1 F1500 X56.225 Y117.441 E707.67743
G0 F9000 X55.659 Y117.441
G1 F1500 X57.148 Y115.951 E707.7475
G0 F9000 X56.583 Y115.951
G1 F1500 X55.094 Y117.441 E707.81756
G0 F9000 X54.528 Y117.441
G1 F1500 X56.017 Y115.951 E707.88762
G0 F9000 X55.451 Y115.951
G1 F1500 X53.962 Y117.441 E707.95768
G0 F9000 X53.396 Y117.441
G1 F1500 X54.886 Y115.951 E708.02776
G0 F9000 X54.32 Y115.951
G1 F1500 X52.831 Y117.441 E708.09783
G0 F9000 X52.378 Y117.327
G1 F1500 X53.754 Y115.951 E708.16255
G0 F9000 X53.189 Y115.951
G1 F1500 X52.025 Y117.115 E708.2173
G0 F9000 X51.731 Y116.843
G1 F1500 X52.623 Y115.951 E708.25926
G0 F9000 X52.057 Y115.951
G1 F1500 X51.468 Y116.54 E708.28696
G0 F9000 X51.25 Y116.193
G1 F1500 X51.492 Y115.951 E708.29834
G1 F2700 E703.29834
;MESH:NONMESH
G0 F300 X51.492 Y115.951 Z3.8
G0 F9000 X51.492 Y115.493
G0 X50.577 Y115.57
G0 X50.717 Y116.019
G0 X51.18 Y116.818
G0 X51.798 Y117.45
G0 X52.44 Y117.793
G0 X117.5 Y117.9
G0 X117.5 Y117.724
;TIME_ELAPSED:1274.790035
;LAYER:18
;TYPE:WALL-INNER
;MESH:middle_union.STL
G1 F2700 E708.29834
G1 F1500 X182.26 Y117.724 E710.45227
G1 X182.626 Y117.68 E710.46453
G1 X182.968 Y117.558 E710.47661
G1 X183.304 Y117.354 E710.48968
G1 X183.651 Y117.077 E710.50445
G1 X183.95 Y116.752 E710.51914
G1 X184.219 Y116.362 E710.5349
G1 X184.422 Y115.986 E710.54911
G1 X184.539 Y115.66 E710.56063
G1 X50.46 Y115.664 E715.02011
G1 X50.578 Y115.986 E715.03152
G1 X50.778 Y116.363 E715.04571
G1 X51.05 Y116.756 E715.06161
G1 X51.344 Y117.076 E715.07606
G1 X51.698 Y117.357 E715.0911
G1 X52.028 Y117.558 E715.10395
G1 X52.369 Y117.679 E715.11598
G1 X52.74 Y117.724 E715.12841
G1 X117.5 Y117.724 E717.28234
G0 F9000 X117.5 Y118.124
;TYPE:WALL-OUTER
G1 F1500 X182.284 Y118.124 E719.43706
G1 X182.718 Y118.072 E719.4516
G1 X183.141 Y117.922 E719.46653
G1 X183.541 Y117.678 E719.48211
G1 X183.923 Y117.372 E719.49839
G1 X184.263 Y117.002 E719.51511
G1 X184.561 Y116.571 E719.53253
G1 X184.788 Y116.15 E719.54844
G1 X184.959 Y115.673 E719.5653
G1 X185.048 Y115.26 E719.57935
G1 X49.951 Y115.264 E724.07269
G1 X50.037 Y115.672 E724.08656
G1 X50.212 Y116.15 E724.10349
G1 X50.436 Y116.571 E724.11935
G1 X50.737 Y117.006 E724.13695
G1 X51.072 Y117.372 E724.15345
G1 X51.383 Y117.612 E724.16651
G1 X51.457 Y117.679 E724.16983
G1 X51.855 Y117.922 E724.18534
G1 X52.278 Y118.071 E724.20026
G1 X52.716 Y118.124 E724.21493
G1 X117.5 Y118.124 E726.36966
G0 F9000 X117.5 Y117.364
;TYPE:SKIN
G1 F1500 X52.765 Y117.364 E728.52275
G1 X52.455 Y117.324 E728.53315
G1 X52.178 Y117.226 E728.54292
G1 X51.907 Y117.063 E728.55344
G1 X51.589 Y116.809 E728.56698
G1 X51.333 Y116.531 E728.57955
G1 X51.091 Y116.182 E728.59367
G1 X51.009 Y116.024 E728.59959
G1 X184.013 Y116.02 E733.02332
G1 X183.663 Y116.53 E733.0439
G1 X183.407 Y116.809 E733.05649
G1 X183.093 Y117.059 E733.06984
G1 X182.814 Y117.226 E733.08066
G1 X182.537 Y117.324 E733.09043
G1 X182.231 Y117.364 E733.10069
G1 X117.5 Y117.364 E735.25365
G1 F2700 E730.25365
G0 F9000 X117.5 Y117.624
G0 X52.75 Y117.563
G0 X52.097 Y117.413
G0 X51.452 Y116.957
G0 X50.915 Y116.279
G0 X50.712 Y115.844
G0 X51.736 Y115.763
G0 X51.736 Y116.224
G1 F2700 E735.25365
G1 F1500 X52.66 Y117.149 E735.29714
G0 F9000 X53.242 Y117.164
G1 F1500 X52.302 Y116.224 E735.34135
G0 F9000 X52.868 Y116.224
G1 F1500 X53.807 Y117.164 E735.38555
G0 F9000 X54.373 Y117.164
G1 F1500 X53.433 Y116.224 E735.42976
G0 F9000 X53.999 Y116.224
G1 F1500 X54.939 Y117.164 E735.47398
G0 F9000 X55.504 Y117.164
G1 F1500 X54.565 Y116.224 E735.51817
G0 F9000 X55.13 Y116.224
G1 F1500 X56.07 Y117.164 E735.56238
G0 F9000 X56.636 Y117.164
G1 F1500 X55.696 Y116.224 E735.6066
G0 F9000 X56.262 Y116.224
G1 F1500 X57.201 Y117.164 E735.65079
G0 F9000 X57.767 Y117.164
G1 F1500 X56.827 Y116.224 E735.695
G0 F9000 X57.393 Y116.224
G1 F1500 X58.333 Y117.164 E735.73922
G0 F9000 X58.898 Y117.164
G1 F1500 X57.959 Y116.224 E735.78341
G0 F9000 X58.524 Y116.224
G1 F1500 X59.464 Y117.164 E735.82762
G0 F9000 X60.03 Y117.164
G1 F1500 X59.09 Y116.224 E735.87184
G0 F9000 X59.656 Y116.224
G1 F1500 X60.596 Y117.164 E735.91605
G0 F9000 X61.161 Y117.164
G1 F1500 X60.221 Y116.224 E735.96027
G0 F9000 X60.787 Y116.224
G1 F1500 X61.727 Y117.164 E736.00448
G0 F9000 X62.293 Y117.164
G1 F1500 X61.353 Y116.224 E736.0487
G0 F9000 X61.919 Y116.224
G1 F1500 X62.858 Y117.164 E736.09289
G0 F9000 X63.424 Y117.164
G1 F1500 X62.484 Y116.224 E736.1371
G0 F9000 X63.05 Y116.224
G1 F1500 X63.99 Y117.164 E736.18132
G0 F9000 X64.555 Y117.164
G1 F1500 X63.616 Y116.224 E736.22551
G0 F9000 X64.181 Y116.224
G1 F1500 X65.121 Y117.164 E736.26972
G0 F9000 X65.687 Y117.164
G1 F1500 X64.747 Y116.224 E736.31394
G0 F9000 X65.313 Y116.224
G1 F1500 X66.252 Y117.164 E736.35813
G0 F9000 X66.818 Y117.164
G1 F1500 X65.878 Y116.224 E736.40234
G0 F9000 X66.444 Y116.224
G1 F1500 X67.384 Y117.164 E736.44656
G0 F9000 X67.949 Y117.164
G1 F1500 X67.01 Y116.224 E736.49075
G0 F9000 X67.575 Y116.224
G1 F1500 X68.515 Y117.164 E736.53496
G0 F9000 X69.081 Y117.164
G1 F1500 X68.141 Y116.224 E736.57918
G0 F9000 X68.707 Y116.224
G1 F1500 X69.646 Y117.164 E736.62337
G0 F9000 X70.212 Y117.164
G1 F1500 X69.272 Y116.224 E736.66758
G0 F9000 X69.838 Y116.224
G1 F1500 X70.778 Y117.164 E736.7118
G0 F9000 X71.344 Y117.164
G1 F1500 X70.404 Y116.224 E736.75601
G0 F9000 X70.969 Y116.224
G1 F1500 X71.909 Y117.164 E736.80023
G0 F9000 X72.475 Y117.164
G1 F1500 X71.535 Y116.224 E736.84444
G0 F9000 X72.101 Y116.224
G1 F1500 X73.041 Y117.164 E736.88866
G0 F9000 X73.606 Y117.164
G1 F1500 X72.667 Y116.224 E736.93285
G0 F9000 X73.232 Y116.224
G1 F1500 X74.172 Y117.164 E736.97706
G0 F9000 X74.738 Y117.164
G1 F1500 X73.797 Y116.224 E737.0213
G0 F9000 X74.363 Y116.224
G1 F1500 X75.303 Y117.164 E737.06552
G0 F9000 X75.869 Y117.164
G1 F1500 X74.929 Y116.224 E737.10973
G0 F9000 X75.494 Y116.224
G1 F1500 X76.435 Y117.164 E737.15397
G0 F9000 X77 Y117.164
G1 F1500 X76.06 Y116.224 E737.19818
G0 F9000 X76.626 Y116.224
G1 F1500 X77.566 Y117.164 E737.2424
G0 F9000 X78.132 Y117.164
G1 F1500 X77.191 Y116.224 E737.28664
G0 F9000 X77.757 Y116.224
G1 F1500 X78.697 Y117.164 E737.33085
G0 F9000 X79.263 Y117.164
G1 F1500 X78.323 Y116.224 E737.37507
G0 F9000 X78.888 Y116.224
G1 F1500 X79.829 Y117.164 E737.41931
G0 F9000 X80.395 Y117.164
G1 F1500 X79.454 Y116.224 E737.46354
G0 F9000 X80.02 Y116.224
G1 F1500 X80.96 Y117.164 E737.50776
G0 F9000 X81.526 Y117.164
G1 F1500 X80.585 Y116.224 E737.552
G0 F9000 X81.151 Y116.224
G1 F1500 X82.092 Y117.164 E737.59623
G0 F9000 X82.657 Y117.164
G1 F1500 X81.717 Y116.224 E737.64045
G0 F9000 X82.282 Y116.224
G1 F1500 X83.223 Y117.164 E737.68469
G0 F9000 X83.789 Y117.164
G1 F1500 X82.848 Y116.224 E737.72893
G0 F9000 X83.414 Y116.224
G1 F1500 X84.354 Y117.164 E737.77314
G0 F9000 X84.92 Y117.164
G1 F1500 X83.98 Y116.224 E737.81736
G0 F9000 X84.545 Y116.224
G1 F1500 X85.486 Y117.164 E737.86159
G0 F9000 X86.051 Y117.164
G1 F1500 X85.111 Y116.224 E737.90581
G0 F9000 X85.677 Y116.224
G1 F1500 X86.617 Y117.164 E737.95002
G0 F9000 X87.183 Y117.164
G1 F1500 X86.242 Y116.224 E737.99426
G0 F9000 X86.808 Y116.224
G1 F1500 X87.748 Y117.164 E738.03848
G0 F9000 X88.314 Y117.164
G1 F1500 X87.374 Y116.224 E738.08269
G0 F9000 X87.939 Y116.224
G1 F1500 X88.88 Y117.164 E738.12693
G0 F9000 X89.445 Y117.164
G1 F1500 X88.505 Y116.224 E738.17114
G0 F9000 X89.071 Y116.224
G1 F1500 X90.011 Y117.164 E738.21536
G0 F9000 X90.577 Y117.164
G1 F1500 X89.636 Y116.224 E738.2596
G0 F9000 X90.202 Y116.224
G1 F1500 X91.143 Y117.164 E738.30384
G0 F9000 X91.708 Y117.164
G1 F1500 X90.768 Y116.224 E738.34805
G0 F9000 X91.333 Y116.224
G1 F1500 X92.274 Y117.164 E738.39229
G0 F9000 X92.84 Y117.164
G1 F1500 X91.899 Y116.224 E738.43653
G0 F9000 X92.465 Y116.224
G1 F1500 X93.405 Y117.164 E738.48074
G0 F9000 X93.971 Y117.164
G1 F1500 X93.031 Y116.224 E738.52496
G0 F9000 X93.596 Y116.224
G1 F1500 X94.537 Y117.164 E738.56919
G0 F9000 X95.102 Y117.164
G1 F1500 X94.162 Y116.224 E738.61341
G0 F9000 X94.728 Y116.224
G1 F1500 X95.668 Y117.164 E738.65762
G0 F9000 X96.234 Y117.164
G1 F1500 X95.293 Y116.224 E738.70186
G0 F9000 X95.858 Y116.223
G1 F1500 X96.799 Y117.164 E738.74612
G0 F9000 X97.365 Y117.164
G1 F1500 X96.424 Y116.223 E738.79039
G0 F9000 X96.99 Y116.223
G1 F1500 X97.931 Y117.164 E738.83465
G0 F9000 X98.496 Y117.164
G1 F1500 X97.555 Y116.223 E738.87891
G0 F9000 X98.121 Y116.223
G1 F1500 X99.062 Y117.164 E738.92317
G0 F9000 X99.628 Y117.164
G1 F1500 X98.687 Y116.223 E738.96743
G0 F9000 X99.252 Y116.223
G1 F1500 X100.193 Y117.164 E739.01169
G0 F9000 X100.759 Y117.164
G1 F1500 X99.818 Y116.223 E739.05596
G0 F9000 X100.384 Y116.223
G1 F1500 X101.325 Y117.164 E739.10022
G0 F9000 X101.891 Y117.164
G1 F1500 X100.949 Y116.223 E739.1445
G0 F9000 X101.515 Y116.223
G1 F1500 X102.456 Y117.164 E739.18876
G0 F9000 X103.022 Y117.164
G1 F1500 X102.081 Y116.223 E739.23303
G0 F9000 X102.646 Y116.223
G1 F1500 X103.588 Y117.164 E739.27731
G0 F9000 X104.153 Y117.164
G1 F1500 X103.212 Y116.223 E739.32157
G0 F9000 X103.778 Y116.223
G1 F1500 X104.719 Y117.164 E739.36584
G0 F9000 X105.285 Y117.164
G1 F1500 X104.344 Y116.223 E739.4101
G0 F9000 X104.909 Y116.223
G1 F1500 X105.85 Y117.164 E739.45436
G0 F9000 X106.416 Y117.164
G1 F1500 X105.475 Y116.223 E739.49862
G0 F9000 X106.041 Y116.223
G1 F1500 X106.982 Y117.164 E739.54288
G0 F9000 X107.547 Y117.164
G1 F1500 X106.606 Y116.223 E739.58714
G0 F9000 X107.172 Y116.223
G1 F1500 X108.113 Y117.164 E739.63141
G0 F9000 X108.679 Y117.164
G1 F1500 X107.738 Y116.223 E739.67567
G0 F9000 X108.303 Y116.223
G1 F1500 X109.244 Y117.164 E739.71993
G0 F9000 X109.81 Y117.164
G1 F1500 X108.869 Y116.223 E739.76419
G0 F9000 X109.435 Y116.223
G1 F1500 X110.376 Y117.164 E739.80845
G0 F9000 X110.942 Y117.164
G1 F1500 X110 Y116.223 E739.85274
G0 F9000 X110.566 Y116.223
G1 F1500 X111.507 Y117.164 E739.897
G0 F9000 X112.073 Y117.164
G1 F1500 X111.132 Y116.223 E739.94126
G0 F9000 X111.697 Y116.223
G1 F1500 X112.639 Y117.164 E739.98555
G0 F9000 X113.204 Y117.164
G1 F1500 X112.263 Y116.223 E740.02981
G0 F9000 X112.829 Y116.223
G1 F1500 X113.77 Y117.164 E740.07407
G0 F9000 X114.336 Y117.164
G1 F1500 X113.394 Y116.223 E740.11836
G0 F9000 X113.96 Y116.223
G1 F1500 X114.901 Y117.164 E740.16262
G0 F9000 X115.467 Y117.164
G1 F1500 X114.526 Y116.223 E740.20688
G0 F9000 X115.092 Y116.223
G1 F1500 X116.033 Y117.164 E740.25114
G0 F9000 X116.598 Y117.164
G1 F1500 X115.657 Y116.223 E740.2954
G0 F9000 X116.223 Y116.223
G1 F1500 X117.164 Y117.164 E740.33966
G0 F9000 X117.73 Y117.164
G1 F1500 X116.789 Y116.223 E740.38393
G0 F9000 X117.354 Y116.223
G1 F1500 X118.295 Y117.164 E740.42819
G0 F9000 X118.861 Y117.164
G1 F1500 X117.919 Y116.222 E740.4725
G0 F9000 X118.485 Y116.222
G1 F1500 X119.427 Y117.164 E740.51681
G0 F9000 X119.992 Y117.164
G1 F1500 X119.051 Y116.222 E740.56109
G0 F9000 X119.616 Y116.222
G1 F1500 X120.558 Y117.164 E740.6054
G0 F9000 X121.124 Y117.164
G1 F1500 X120.182 Y116.222 E740.64971
G0 F9000 X120.748 Y116.222
G1 F1500 X121.69 Y117.164 E740.69402
G0 F9000 X122.255 Y117.164
G1 F1500 X121.313 Y116.222 E740.73833
G0 F9000 X121.879 Y116.222
G1 F1500 X122.821 Y117.164 E740.78263
G0 F9000 X123.387 Y117.164
G1 F1500 X122.445 Y116.222 E740.82694
G0 F9000 X123.01 Y116.222
G1 F1500 X123.952 Y117.164 E740.87125
G0 F9000 X124.518 Y117.164
G1 F1500 X123.576 Y116.222 E740.91556
G0 F9000 X124.142 Y116.222
G1 F1500 X125.084 Y117.164 E740.95987
G0 F9000 X125.649 Y117.164
G1 F1500 X124.707 Y116.222 E741.00418
G0 F9000 X125.273 Y116.222
G1 F1500 X126.215 Y117.164 E741.04849
G0 F9000 X126.781 Y117.164
G1 F1500 X125.839 Y116.222 E741.0928
G0 F9000 X126.405 Y116.222
G1 F1500 X127.346 Y117.164 E741.13708
G0 F9000 X127.912 Y117.164
G1 F1500 X126.97 Y116.222 E741.18139
G0 F9000 X127.536 Y116.222
G1 F1500 X128.478 Y117.164 E741.2257
G0 F9000 X129.043 Y117.164
G1 F1500 X128.102 Y116.222 E741.26998
G0 F9000 X128.667 Y116.222
G1 F1500 X129.609 Y117.164 E741.31429
G0 F9000 X130.175 Y117.164
G1 F1500 X129.233 Y116.222 E741.3586
G0 F9000 X129.799 Y116.222
G1 F1500 X130.741 Y117.164 E741.40291
G0 F9000 X131.306 Y117.164
G1 F1500 X130.364 Y116.222 E741.44722
G0 F9000 X130.93 Y116.222
G1 F1500 X131.872 Y117.164 E741.49153
G0 F9000 X132.438 Y117.164
G1 F1500 X131.496 Y116.222 E741.53584
G0 F9000 X132.061 Y116.222
G1 F1500 X133.003 Y117.164 E741.58015
G0 F9000 X133.569 Y117.164
G1 F1500 X132.627 Y116.222 E741.62445
G0 F9000 X133.193 Y116.222
G1 F1500 X134.135 Y117.164 E741.66876
G0 F9000 X134.7 Y117.164
G1 F1500 X133.758 Y116.222 E741.71307
G0 F9000 X134.324 Y116.222
G1 F1500 X135.266 Y117.164 E741.75738
G0 F9000 X135.832 Y117.164
G1 F1500 X134.89 Y116.222 E741.80169
G0 F9000 X135.455 Y116.222
G1 F1500 X136.397 Y117.164 E741.846
G0 F9000 X136.963 Y117.164
G1 F1500 X136.021 Y116.222 E741.89031
G0 F9000 X136.587 Y116.222
G1 F1500 X137.529 Y117.164 E741.93462
G0 F9000 X138.094 Y117.164
G1 F1500 X137.153 Y116.222 E741.9789
G0 F9000 X137.718 Y116.222
G1 F1500 X138.66 Y117.164 E742.02321
G0 F9000 X139.226 Y117.164
G1 F1500 X138.284 Y116.222 E742.06752
G0 F9000 X138.85 Y116.222
G1 F1500 X139.791 Y117.164 E742.1118
G0 F9000 X140.357 Y117.164
G1 F1500 X139.415 Y116.221 E742.15614
G0 F9000 X139.98 Y116.221
G1 F1500 X140.923 Y117.164 E742.20049
G0 F9000 X141.489 Y117.164
G1 F1500 X140.546 Y116.221 E742.24485
G0 F9000 X141.112 Y116.221
G1 F1500 X142.054 Y117.164 E742.28918
G0 F9000 X142.62 Y117.164
G1 F1500 X141.677 Y116.221 E742.33354
G0 F9000 X142.243 Y116.221
G1 F1500 X143.186 Y117.164 E742.37789
G0 F9000 X143.751 Y117.164
G1 F1500 X142.809 Y116.221 E742.42222
G0 F9000 X143.374 Y116.221
G1 F1500 X144.317 Y117.164 E742.46658
G0 F9000 X144.883 Y117.164
G1 F1500 X143.94 Y116.221 E742.51094
G0 F9000 X144.506 Y116.221
G1 F1500 X145.448 Y117.164 E742.55527
G0 F9000 X146.014 Y117.164
G1 F1500 X145.071 Y116.221 E742.59962
G0 F9000 X145.637 Y116.221
G1 F1500 X146.58 Y117.164 E742.64398
G0 F9000 X147.145 Y117.164
G1 F1500 X146.203 Y116.221 E742.68831
G0 F9000 X146.768 Y116.221
G1 F1500 X147.711 Y117.164 E742.73267
G0 F9000 X148.277 Y117.164
G1 F1500 X147.334 Y116.221 E742.77702
G0 F9000 X147.9 Y116.221
G1 F1500 X148.842 Y117.164 E742.82136
G0 F9000 X149.408 Y117.164
G1 F1500 X148.466 Y116.221 E742.86569
G0 F9000 X149.031 Y116.221
G1 F1500 X149.974 Y117.164 E742.91004
G0 F9000 X150.539 Y117.164
G1 F1500 X149.597 Y116.221 E742.95438
G0 F9000 X150.163 Y116.221
G1 F1500 X151.105 Y117.164 E742.99871
G0 F9000 X151.671 Y117.164
G1 F1500 X150.728 Y116.221 E743.04307
G0 F9000 X151.294 Y116.221
G1 F1500 X152.237 Y117.164 E743.08742
G0 F9000 X152.802 Y117.164
G1 F1500 X151.86 Y116.221 E743.13175
G0 F9000 X152.425 Y116.221
G1 F1500 X153.368 Y117.164 E743.17611
G0 F9000 X153.934 Y117.164
G1 F1500 X152.991 Y116.221 E743.22046
G0 F9000 X153.557 Y116.221
G1 F1500 X154.499 Y117.164 E743.2648
G0 F9000 X155.065 Y117.164
G1 F1500 X154.122 Y116.221 E743.30915
G0 F9000 X154.688 Y116.221
G1 F1500 X155.631 Y117.164 E743.35351
G0 F9000 X156.196 Y117.164
G1 F1500 X155.254 Y116.221 E743.39784
G0 F9000 X155.819 Y116.221
G1 F1500 X156.762 Y117.164 E743.4422
G0 F9000 X157.328 Y117.164
G1 F1500 X156.385 Y116.221 E743.48655
G0 F9000 X156.951 Y116.221
G1 F1500 X157.893 Y117.164 E743.53089
G0 F9000 X158.459 Y117.164
G1 F1500 X157.517 Y116.221 E743.57522
G0 F9000 X158.082 Y116.221
G1 F1500 X159.025 Y117.164 E743.61957
G0 F9000 X159.59 Y117.164
G1 F1500 X158.648 Y116.221 E743.66391
G0 F9000 X159.214 Y116.221
G1 F1500 X160.156 Y117.164 E743.70824
G0 F9000 X160.722 Y117.164
G1 F1500 X159.779 Y116.221 E743.75259
G0 F9000 X160.345 Y116.221
G1 F1500 X161.288 Y117.164 E743.79695
G0 F9000 X161.853 Y117.164
G1 F1500 X160.911 Y116.221 E743.84128
G0 F9000 X161.476 Y116.221
G1 F1500 X162.419 Y117.164 E743.88564
G0 F9000 X162.985 Y117.164
G1 F1500 X162.041 Y116.221 E743.93002
G0 F9000 X162.607 Y116.221
G1 F1500 X163.55 Y117.164 E743.97437
G0 F9000 X164.116 Y117.164
G1 F1500 X163.173 Y116.221 E744.01873
G0 F9000 X163.738 Y116.221
G1 F1500 X164.682 Y117.164 E744.06311
G0 F9000 X165.247 Y117.164
G1 F1500 X164.304 Y116.221 E744.10746
G0 F9000 X164.87 Y116.221
G1 F1500 X165.813 Y117.164 E744.15182
G0 F9000 X166.379 Y117.164
G1 F1500 X165.435 Y116.221 E744.1962
G0 F9000 X166.001 Y116.221
G1 F1500 X166.944 Y117.164 E744.24055
G0 F9000 X167.51 Y117.164
G1 F1500 X166.567 Y116.221 E744.28491
G0 F9000 X167.132 Y116.221
G1 F1500 X168.076 Y117.164 E744.32929
G0 F9000 X168.641 Y117.164
G1 F1500 X167.698 Y116.221 E744.37365
G0 F9000 X168.264 Y116.221
G1 F1500 X169.207 Y117.164 E744.418
G0 F9000 X169.773 Y117.164
G1 F1500 X168.83 Y116.221 E744.46236
G0 F9000 X169.395 Y116.221
G1 F1500 X170.338 Y117.164 E744.50671
G0 F9000 X170.904 Y117.164
G1 F1500 X169.961 Y116.221 E744.55107
G0 F9000 X170.527 Y116.221
G1 F1500 X171.47 Y117.164 E744.59543
G0 F9000 X172.036 Y117.164
G1 F1500 X171.092 Y116.221 E744.6398
G0 F9000 X171.658 Y116.221
G1 F1500 X172.601 Y117.164 E744.68416
G0 F9000 X173.167 Y117.164
G1 F1500 X172.224 Y116.221 E744.72852
G0 F9000 X172.789 Y116.221
G1 F1500 X173.733 Y117.164 E744.7729
G0 F9000 X174.298 Y117.164
G1 F1500 X173.355 Y116.221 E744.81725
G0 F9000 X173.921 Y116.221
G1 F1500 X174.864 Y117.164 E744.86161
G0 F9000 X175.43 Y117.164
G1 F1500 X174.486 Y116.221 E744.90599
G0 F9000 X175.052 Y116.221
G1 F1500 X175.995 Y117.164 E744.95034
G0 F9000 X176.561 Y117.164
G1 F1500 X175.618 Y116.221 E744.9947
G0 F9000 X176.183 Y116.221
G1 F1500 X177.127 Y117.164 E745.03908
G0 F9000 X177.692 Y117.164
G1 F1500 X176.749 Y116.221 E745.08343
G0 F9000 X177.315 Y116.221
G1 F1500 X178.258 Y117.164 E745.12779
G0 F9000 X178.824 Y117.164
G1 F1500 X177.88 Y116.221 E745.17217
G0 F9000 X178.446 Y116.221
G1 F1500 X179.389 Y117.164 E745.21652
G0 F9000 X179.955 Y117.164
G1 F1500 X179.012 Y116.221 E745.26088
G0 F9000 X179.578 Y116.221
G1 F1500 X180.521 Y117.164 E745.30524
G0 F9000 X181.087 Y117.164
G1 F1500 X180.143 Y116.221 E745.34962
G0 F9000 X180.709 Y116.221
G1 F1500 X181.652 Y117.164 E745.39397
G0 F9000 X182.218 Y117.164
G1 F1500 X181.275 Y116.221 E745.43833
G0 F9000 X181.84 Y116.221
G1 F1500 X182.68 Y117.06 E745.47781
G0 F9000 X183.041 Y116.856
G1 F1500 X182.406 Y116.221 E745.50768
G0 F9000 X182.971 Y116.22
G1 F1500 X183.339 Y116.588 E745.52499
G0 F9000 X183.594 Y116.277
G1 F1500 X183.537 Y116.22 E745.52767
G1 F2700 E740.52767
;MESH:NONMESH
G0 F300 X183.537 Y116.22 Z4
G0 F9000 X183.537 Y115.76
G0 X184.297 Y115.84
G0 X183.824 Y116.651
G0 X183.207 Y117.224
G0 X182.589 Y117.522
G0 X117.5 Y117.624
G0 X117.5 Y117.506
;TIME_ELAPSED:1341.286302
;LAYER:19
;TYPE:WALL-INNER
;MESH:middle_union.STL
G1 F2700 E745.52767
G1 F1500 X182.263 Y117.504 E747.6817
G1 X182.639 Y117.462 E747.69428
G1 X182.993 Y117.345 E747.70668
G1 X183.338 Y117.165 E747.71963
G1 X183.655 Y116.918 E747.73299
G1 X183.96 Y116.596 E747.74774
G1 X184.221 Y116.247 E747.76224
G1 X184.294 Y116.113 E747.76731
G1 X50.704 Y116.116 E752.21054
G1 X50.775 Y116.247 E752.21549
G1 X51.035 Y116.591 E752.22983
G1 X51.346 Y116.919 E752.24487
G1 X51.659 Y117.165 E752.25811
G1 X52.007 Y117.345 E752.27114
G1 X52.36 Y117.463 E752.28352
G1 X52.736 Y117.508 E752.29611
G1 X117.5 Y117.506 E754.45017
G0 F9000 X117.5 Y117.906
;TYPE:WALL-OUTER
G1 F1500 X182.285 Y117.904 E756.60493
G1 X182.725 Y117.855 E756.61966
G1 X183.149 Y117.715 E756.63451
G1 X183.555 Y117.503 E756.64974
G1 X183.925 Y117.215 E756.66534
G1 X184.266 Y116.854 E756.68185
G1 X184.559 Y116.463 E756.6981
G1 X184.789 Y116.041 E756.71409
G1 X184.907 Y115.712 E756.72571
G1 X50.091 Y115.716 E761.20971
G1 X50.211 Y116.041 E761.22123
G1 X50.437 Y116.463 E761.23716
G1 X50.729 Y116.85 E761.25328
G1 X51.076 Y117.215 E761.27003
G1 X51.441 Y117.503 E761.2855
G1 X51.851 Y117.715 E761.30085
G1 X52.272 Y117.855 E761.3156
G1 X52.712 Y117.908 E761.33034
G1 X117.5 Y117.906 E763.4852
G0 F9000 X117.463 Y117.079
;TYPE:SKIN
G1 F1119.4 X52.765 Y117.08 E766.3687
G1 F1136.4 X52.446 Y117.049 E766.38277
G1 F1156.1 X52.181 Y116.96 E766.39483
G1 X51.884 Y116.808 E766.40923
G1 X51.537 Y116.536 E766.42826
G1 X52.504 Y116.535 E766.46999
G1 F1136.4 X52.781 Y116.544 E766.48216
G1 F1119.4 X182.222 Y116.54 E772.25116
G1 F1136.4 X182.492 Y116.532 E772.26302
G1 F1151.6 X183.458 Y116.533 E772.30487
G1 X183.105 Y116.808 E772.32425
G1 X182.829 Y116.956 E772.33782
G1 X182.548 Y117.048 E772.35063
G1 F1136.4 X182.237 Y117.076 E772.36434
G1 F1119.4 X117.463 Y117.079 E775.25122
;MESH:NONMESH
G0 F300 X117.463 Y117.079 Z4.2
G0 F9000 X117.472 Y117.239
;TIME_ELAPSED:1377.668067
;LAYER:20
;TYPE:WALL-INNER
;MESH:middle_union.STL
G1 F1030.9 X182.257 Y117.237 E778.3864
G1 F1045.3 X182.631 Y117.21 E778.40429
G1 F1058.2 X182.967 Y117.109 E778.42083
G1 X183.288 Y116.939 E778.43796
G1 X183.682 Y116.648 E778.46105
G1 X182.577 Y116.647 E778.51315
G1 F1045.3 X182.257 Y116.655 E778.52843
G1 F1030.9 X117.502 Y116.656 E781.66215
G1 F1027.4 X52.747 Y116.656 E784.80664
G1 F1041.7 X52.423 Y116.647 E784.82216
G1 F1058.2 X51.327 Y116.648 E784.87383
G1 X51.709 Y116.94 E784.8965
G1 X52.029 Y117.109 E784.91356
G1 X52.367 Y117.21 E784.9302
G1 F1041.7 X52.732 Y117.24 E784.94774
G1 F1029.2 X117.472 Y117.239 E788.08611
G0 F9000 X117.5 Y117.73
;TYPE:WALL-OUTER
G1 F1500 X182.294 Y117.728 E790.24117
G1 X182.725 Y117.686 E790.25557
G1 X183.151 Y117.558 E790.27037
G1 X183.551 Y117.347 E790.28541
G1 X183.932 Y117.065 E790.30118
G1 X184.269 Y116.739 E790.31677
G1 X184.554 Y116.36 E790.33254
G1 X184.657 Y116.164 E790.33991
G1 X50.337 Y116.165 E794.80741
G1 X50.442 Y116.359 E794.81475
G1 X50.731 Y116.742 E794.8307
G1 X51.064 Y117.064 E794.84611
G1 X51.446 Y117.347 E794.86192
G1 X51.845 Y117.558 E794.87694
G1 X52.272 Y117.686 E794.89176
G1 X52.707 Y117.732 E794.90631
G1 X117.5 Y117.73 E797.06133
G1 F2700 E792.06133
;MESH:NONMESH
G0 F300 X117.5 Y117.73 Z4.4
G0 F9000 X117.5 Y117.021
G0 X52.388 Y116.982
G0 X52.357 Y117.077
;TIME_ELAPSED:1405.117481
;LAYER:21
;TYPE:WALL-INNER
;MESH:middle_union.STL
G1 F2700 E797.06133
G1 F1111.1 X52.731 Y117.096 E797.07815
G1 F1071.4 X182.268 Y117.092 E803.10993
G1 F1105 X182.636 Y117.074 E803.12657
G1 F2700 E798.12657
G0 F9000 X117.5 Y117.265
G0 X117.5 Y117.574
;TYPE:WALL-OUTER
G1 F2700 E803.12657
G1 F1500 X182.29 Y117.572 E805.28149
G1 X182.722 Y117.53 E805.29593
G1 X183.165 Y117.404 E805.31125
G1 X183.563 Y117.218 E805.32586
G1 X183.932 Y116.961 E805.34082
G1 X184.283 Y116.612 E805.35728
G1 X50.718 Y116.617 E809.79967
G1 X51.064 Y116.956 E809.81578
G1 X51.437 Y117.214 E809.83087
G1 X51.84 Y117.408 E809.84574
G1 X52.27 Y117.53 E809.86061
G1 X52.707 Y117.576 E809.87522
G1 X117.5 Y117.574 E812.03025
;MESH:NONMESH
G0 F300 X117.5 Y117.574 Z4.6
G0 F9000 X117.49 Y117.455
;TIME_ELAPSED:1424.625792
;LAYER:22
;TYPE:WALL-OUTER
;MESH:middle_union.STL
G1 F1522.8 X52.709 Y117.455 E814.15255
G1 F1558.4 X52.265 Y117.426 E814.1668
G1 F1595.7 X51.838 Y117.31 E814.18063
G1 X51.434 Y117.117 E814.19463
G1 X51.34 Y117.053 E814.19818
G1 X52.298 Y117.052 E814.22813
G1 F1558.4 X52.709 Y117.061 E814.2413
G1 F1522.8 X182.287 Y117.061 E818.48643
G1 F1554.4 X182.702 Y117.052 E818.49975
G1 F1591.5 X183.659 Y117.053 E818.52975
G1 X183.567 Y117.115 E818.53323
G1 X183.158 Y117.311 E818.54745
G1 X182.735 Y117.426 E818.56119
G1 F1554.4 X182.303 Y117.454 E818.57508
G1 F1522.8 X117.49 Y117.455 E820.69844
;TIME_ELAPSED:1435.160782
G1 F2700 E815.69844
M140 S0
M107
G91 ;Relative positioning
G1 E-2 F2700 ;Retract a bit
G1 E-2 Z0.2 F2400 ;Retract and raise Z
G1 X5 Y5 F3000 ;Wipe out
G1 Z10 ;Raise Z more
G90 ;Absolute positioning

G1 X0 Y235 ;Present print
M106 S0 ;Turn-off fan
M104 S0 ;Turn-off hotend
M140 S0 ;Turn-off bed

M84 X Y E ;Disable all steppers but Z

M82 ;absolute extrusion mode
M104 S0
;End of Gcode
;SETTING_3 {"global_quality": "[general]\\nversion = 4\\nname = Standard Quality
;SETTING_3  #2\\ndefinition = creality_ender3\\n\\n[metadata]\\ntype = quality_c
;SETTING_3 hanges\\nquality_type = standard\\nsetting_version = 25\\n\\n[values]
;SETTING_3 \\nadhesion_type = skirt\\nsupport_enable = True\\nsupport_structure 
;SETTING_3 = tree\\nsupport_type = buildplate\\n\\n", "extruder_quality": ["[gen
;SETTING_3 eral]\\nversion = 4\\nname = Standard Quality #2\\ndefinition = creal
;SETTING_3 ity_ender3\\n\\n[metadata]\\ntype = quality_changes\\nquality_type = 
;SETTING_3 standard\\nsetting_version = 25\\nposition = 0\\n\\n[values]\\nmateri
;SETTING_3 al_initial_print_temperature = 220.0\\nmaterial_print_temperature = 2
;SETTING_3 20\\nmaterial_print_temperature_layer_0 = 240\\nsupport_interface_ena
;SETTING_3 ble = False\\nsupport_pattern = lines\\n\\n"]}
