;FLAVOR:Marlin
;TIME:1365
;Filament used: 0.322183m
;Layer height: 0.16
;MINX:105.149
;MINY:94.5
;MINZ:0.2
;MAXX:140.601
;MAXY:140.5
;MAXZ:29.88
;TARGET_MACHINE.NAME:Creality Ender-3
;Generated with Cura_SteamEngine 5.11.0
M140 S50
M105
M190 S50
M104 S240
M105
M109 S240
; Ender 3 Custom Start G-code
G92 E0 ; Reset Extruder
G28 ; Home all axes
G1 Z2.0 F3000 ; Move Z Axis up little to prevent scratching of Heat Bed
G1 X0.1 Y20 Z0.3 F5000.0 ; Move to start position
G1 X0.1 Y200.0 Z0.3 F1500.0 E15 ; Draw the first line
G1 X0.4 Y200.0 Z0.3 F5000.0 ; Move to side a little
G1 X0.4 Y20 Z0.3 F1500.0 E30 ; Draw the second line
G92 E0 ; Reset Extruder
G1 Z2.0 F3000 ; Move Z Axis up little to prevent scratching of Heat Bed
G1 X5 Y20 Z0.3 F5000.0 ; Move over to prevent blob squish
M82 ;absolute extrusion mode
G92 E0
G92 E0
G1 F2700 E-5
;LAYER_COUNT:156
;LAYER:0
M107
G0 F6000 X107.935 Y98.206 Z0.2
;TYPE:SKIRT
G1 F2700 E0
G1 F1200 X108.613 Y97.508 E0.03236
G1 X109.35 Y96.872 E0.06474
G1 X110.14 Y96.302 E0.09714
G1 X110.916 Y95.84 E0.12718
G1 X111.858 Y95.386 E0.16196
G1 X112.736 Y95.057 E0.19315
G1 X113.708 Y94.788 E0.22669
G1 X114.674 Y94.611 E0.25936
G1 X115.797 Y94.516 E0.29684
G1 X116.543 Y94.5 E0.32166
G1 X118.154 Y94.5 E0.37524
G1 X119.028 Y94.513 E0.40431
G1 X119.855 Y94.558 E0.43186
G1 X120.819 Y94.69 E0.46422
G1 X121.768 Y94.906 E0.49659
G1 X122.694 Y95.205 E0.52896
G1 X123.527 Y95.556 E0.55902
G1 X124.451 Y96.046 E0.59381
G1 X125.266 Y96.578 E0.62618
G1 X125.977 Y97.135 E0.65622
G1 X126.398 Y97.512 E0.67502
G1 X127.108 Y98.207 E0.70806
G1 X127.876 Y98.985 E0.74442
G1 X129.714 Y100.75 E0.82918
G1 X131.537 Y102.404 E0.91105
G1 X134.343 Y104.786 E1.03347
G1 X134.828 Y105.231 E1.05536
G1 X135.499 Y105.908 E1.08706
G1 X136.498 Y106.958 E1.13527
G1 X137.014 Y107.517 E1.16057
G1 X137.652 Y108.276 E1.19355
G1 X138.191 Y109.045 E1.22478
G1 X138.695 Y109.918 E1.25831
G1 X139.101 Y110.795 E1.29045
G1 X139.366 Y111.508 E1.31575
G1 X139.652 Y112.43 E1.34786
G1 X139.973 Y113.53 E1.38597
G1 X140.214 Y114.398 E1.41593
G1 X140.444 Y115.44 E1.45142
G1 X140.571 Y116.479 E1.48624
G1 X140.601 Y117.328 E1.51449
G1 X140.561 Y118.23 E1.54452
G1 X140.423 Y119.255 E1.57892
G1 X140.285 Y119.908 E1.60112
G1 X140.176 Y120.341 E1.61597
G1 X139.665 Y122.174 E1.67926
G1 X139.459 Y122.866 E1.70328
G1 X139.138 Y123.785 E1.73565
G1 X138.737 Y124.673 E1.76806
G1 X138.259 Y125.522 E1.80047
G1 X137.698 Y126.337 E1.83338
G1 X136.824 Y127.36 E1.87813
G1 X136.105 Y128.098 E1.9124
G1 X135.31 Y128.89 E1.94972
G1 X134.793 Y129.391 E1.97367
G1 X134.366 Y129.782 E1.99292
G1 X132.19 Y131.714 E2.08971
G1 X130.349 Y133.449 E2.17385
G1 X128.586 Y135.208 E2.25668
G1 X126.621 Y137.272 E2.35146
G1 X126.348 Y137.539 E2.36416
G1 X125.912 Y137.921 E2.38344
G1 X125.58 Y138.19 E2.39765
G1 X124.785 Y138.751 E2.43002
G1 X123.974 Y139.224 E2.46124
G1 X123.06 Y139.653 E2.49483
G1 X122.212 Y139.964 E2.52487
G1 X121.203 Y140.235 E2.55962
G1 X120.237 Y140.402 E2.59222
G1 X119.152 Y140.486 E2.62842
G1 X118.441 Y140.5 E2.65207
G1 X116.699 Y140.499 E2.71001
G1 X115.966 Y140.487 E2.73439
G1 X114.994 Y140.428 E2.76678
G1 X114.031 Y140.282 E2.79918
G1 X113.084 Y140.051 E2.8316
G1 X112.196 Y139.751 E2.86277
G1 X111.304 Y139.361 E2.89515
G1 X110.421 Y138.874 E2.92869
G1 X109.67 Y138.372 E2.95874
G1 X108.855 Y137.714 E2.99357
G1 X108.157 Y137.036 E3.02594
G1 X107.521 Y136.299 E3.05832
G1 X106.951 Y135.509 E3.09072
G1 X106.489 Y134.733 E3.12076
G1 X106.035 Y133.791 E3.15554
G1 X105.706 Y132.913 E3.18672
G1 X105.437 Y131.94 E3.2203
G1 X105.26 Y130.973 E3.25299
G1 X105.165 Y129.832 E3.29108
G1 X105.15 Y129.133 E3.31433
G1 X105.149 Y106.197 E4.07718
G1 X105.162 Y105.317 E4.10646
G1 X105.221 Y104.345 E4.13884
G1 X105.367 Y103.382 E4.17124
G1 X105.598 Y102.435 E4.20366
G1 X105.898 Y101.547 E4.23484
G1 X106.288 Y100.655 E4.26722
G1 X106.775 Y99.772 E4.30075
G1 X107.277 Y99.021 E4.3308
G1 X107.935 Y98.206 E4.36564
G0 F6000 X108.222 Y98.484
G1 F1200 X108.875 Y97.81 E4.39685
G1 X109.584 Y97.196 E4.42805
G1 X110.345 Y96.646 E4.45928
G1 X111.121 Y96.184 E4.48931
G1 X111.998 Y95.761 E4.5217
G1 X112.876 Y95.432 E4.55288
G1 X113.781 Y95.181 E4.58412
G1 X114.708 Y95.01 E4.61547
G1 X115.831 Y94.915 E4.65296
G1 X116.551 Y94.9 E4.67691
G1 X118.148 Y94.9 E4.73003
G1 X119.007 Y94.912 E4.7586
G1 X119.801 Y94.954 E4.78504
G1 X120.731 Y95.08 E4.81626
G1 X121.646 Y95.287 E4.84746
G1 X122.539 Y95.574 E4.87866
G1 X123.372 Y95.925 E4.90872
G1 X124.233 Y96.381 E4.94113
G1 X125.019 Y96.893 E4.97233
G1 X125.73 Y97.45 E5.00237
G1 X126.118 Y97.798 E5.0197
G1 X126.823 Y98.488 E5.05251
G1 X127.599 Y99.274 E5.08925
G1 X129.437 Y101.039 E5.17401
G1 X131.278 Y102.709 E5.25668
G1 X134.073 Y105.081 E5.3786
G1 X134.544 Y105.513 E5.39986
G1 X135.209 Y106.184 E5.43128
G1 X136.204 Y107.23 E5.4793
G1 X136.708 Y107.775 E5.50399
G1 X137.324 Y108.506 E5.53578
G1 X137.863 Y109.275 E5.56702
G1 X138.332 Y110.087 E5.5982
G1 X138.726 Y110.935 E5.6293
G1 X138.984 Y111.627 E5.65387
G1 X139.268 Y112.542 E5.68573
G1 X139.588 Y113.637 E5.72368
G1 X139.823 Y114.484 E5.75291
G1 X140.053 Y115.526 E5.7884
G1 X140.171 Y116.494 E5.82084
G1 X140.201 Y117.31 E5.848
G1 X140.161 Y118.212 E5.87803
G1 X140.032 Y119.172 E5.91024
G1 X139.897 Y119.811 E5.93197
G1 X139.791 Y120.234 E5.94647
G1 X139.282 Y122.06 E6.00952
G1 X139.081 Y122.735 E6.03294
G1 X138.773 Y123.621 E6.06414
G1 X138.388 Y124.477 E6.09536
G1 X137.929 Y125.296 E6.12659
G1 X137.394 Y126.077 E6.15807
G1 X136.537 Y127.081 E6.20198
G1 X135.823 Y127.815 E6.23603
G1 X135.032 Y128.603 E6.27317
G1 X134.523 Y129.096 E6.29674
G1 X134.1 Y129.483 E6.31581
G1 X131.924 Y131.415 E6.41259
G1 X130.075 Y133.158 E6.49711
G1 X128.296 Y134.932 E6.58067
G1 X126.341 Y136.986 E6.67498
G1 X126.084 Y137.238 E6.68695
G1 X125.648 Y137.62 E6.70623
G1 X125.349 Y137.863 E6.71905
G1 X124.583 Y138.405 E6.75026
G1 X123.772 Y138.878 E6.78148
G1 X122.922 Y139.277 E6.81272
G1 X122.074 Y139.588 E6.84276
G1 X121.134 Y139.841 E6.87513
G1 X120.206 Y140.003 E6.90647
G1 X119.144 Y140.086 E6.9419
G1 X118.441 Y140.1 E6.96528
G1 X116.705 Y140.099 E7.02302
G1 X115.99 Y140.088 E7.04681
G1 X115.053 Y140.032 E7.07803
G1 X114.125 Y139.893 E7.10924
G1 X113.212 Y139.672 E7.14048
G1 X112.356 Y139.384 E7.17052
G1 X111.464 Y138.994 E7.2029
G1 X110.643 Y138.541 E7.23409
G1 X109.892 Y138.039 E7.26413
G1 X109.133 Y137.427 E7.29656
G1 X108.459 Y136.774 E7.32777
G1 X107.845 Y136.065 E7.35897
G1 X107.295 Y135.304 E7.3902
G1 X106.833 Y134.528 E7.42023
G1 X106.41 Y133.651 E7.45262
G1 X106.081 Y132.773 E7.4838
G1 X105.83 Y131.868 E7.51504
G1 X105.659 Y130.94 E7.54643
G1 X105.564 Y129.799 E7.58451
G1 X105.55 Y129.133 E7.60666
G1 X105.549 Y106.203 E8.36932
G1 X105.561 Y105.341 E8.39799
G1 X105.617 Y104.404 E8.42921
G1 X105.756 Y103.476 E8.46042
G1 X105.977 Y102.563 E8.49167
G1 X106.265 Y101.707 E8.5217
G1 X106.655 Y100.815 E8.55408
G1 X107.108 Y99.994 E8.58527
G1 X107.61 Y99.243 E8.61532
G1 X108.222 Y98.484 E8.64774
G0 F6000 X108.51 Y98.762
G1 F1200 X109.137 Y98.112 E8.67778
G1 X109.819 Y97.52 E8.70782
G1 X110.55 Y96.99 E8.73785
G1 X111.326 Y96.528 E8.76789
G1 X112.139 Y96.135 E8.79792
G1 X112.984 Y95.817 E8.82795
G1 X113.854 Y95.574 E8.858
G1 X114.742 Y95.409 E8.88804
G1 X115.865 Y95.314 E8.92552
G1 X116.559 Y95.3 E8.94861
G1 X118.143 Y95.3 E9.00129
G1 X118.987 Y95.311 E9.02937
G1 X119.748 Y95.35 E9.05471
G1 X120.643 Y95.47 E9.08474
G1 X121.524 Y95.668 E9.11478
G1 X122.384 Y95.943 E9.14481
G1 X123.217 Y96.294 E9.17487
G1 X124.015 Y96.717 E9.20491
G1 X124.772 Y97.208 E9.23492
G1 X125.483 Y97.765 E9.26496
G1 X125.838 Y98.084 E9.28084
G1 X126.538 Y98.769 E9.31341
G1 X127.322 Y99.563 E9.35053
G1 X129.16 Y101.328 E9.43528
G1 X131.019 Y103.014 E9.51875
G1 X133.803 Y105.376 E9.64018
G1 X134.26 Y105.795 E9.66081
G1 X134.919 Y106.46 E9.69194
G1 X135.91 Y107.502 E9.73977
G1 X136.414 Y108.047 E9.76446
G1 X136.997 Y108.736 E9.79448
G1 X137.517 Y109.475 E9.82454
G1 X137.969 Y110.256 E9.85455
G1 X138.351 Y111.075 E9.88461
G1 X138.602 Y111.746 E9.90843
G1 X138.884 Y112.654 E9.94006
G1 X139.203 Y113.744 E9.97783
G1 X139.432 Y114.57 E10.00634
G1 X139.662 Y115.612 E10.04183
G1 X139.771 Y116.509 E10.07189
G1 X139.801 Y117.292 E10.09795
G1 X139.761 Y118.194 E10.12798
G1 X139.641 Y119.089 E10.15801
G1 X139.509 Y119.714 E10.17926
G1 X139.406 Y120.126 E10.19338
G1 X138.898 Y121.946 E10.25623
G1 X138.703 Y122.604 E10.27906
G1 X138.408 Y123.458 E10.30911
G1 X138.039 Y124.282 E10.33914
G1 X137.598 Y125.071 E10.3692
G1 X137.09 Y125.817 E10.39922
G1 X136.25 Y126.802 E10.44227
G1 X135.541 Y127.532 E10.47612
G1 X134.754 Y128.316 E10.51307
G1 X134.253 Y128.801 E10.53626
G1 X133.834 Y129.184 E10.55514
G1 X131.658 Y131.116 E10.65193
G1 X129.801 Y132.867 E10.73682
G1 X128.006 Y134.656 E10.82111
G1 X126.061 Y136.7 E10.91495
G1 X125.804 Y136.952 E10.92692
G1 X125.395 Y137.31 E10.945
G1 X125.117 Y137.537 E10.95694
G1 X124.381 Y138.06 E10.98697
G1 X123.601 Y138.516 E11.01702
G1 X122.784 Y138.901 E11.04706
G1 X121.936 Y139.212 E11.0771
G1 X121.064 Y139.447 E11.10714
G1 X120.175 Y139.604 E11.13716
G1 X119.136 Y139.686 E11.17183
G1 X118.441 Y139.7 E11.19495
G1 X116.711 Y139.699 E11.25249
G1 X116.013 Y139.689 E11.27571
G1 X115.111 Y139.636 E11.30576
G1 X114.218 Y139.504 E11.33578
G1 X113.34 Y139.293 E11.36582
G1 X112.484 Y139.005 E11.39586
G1 X111.657 Y138.643 E11.42588
G1 X110.865 Y138.208 E11.45594
G1 X110.114 Y137.706 E11.48598
G1 X109.411 Y137.139 E11.51602
G1 X108.761 Y136.512 E11.54606
G1 X108.169 Y135.83 E11.5761
G1 X107.639 Y135.099 E11.60613
G1 X107.177 Y134.323 E11.63617
G1 X106.784 Y133.51 E11.6662
G1 X106.466 Y132.665 E11.69623
G1 X106.223 Y131.795 E11.72627
G1 X106.058 Y130.907 E11.75631
G1 X105.963 Y129.766 E11.79439
G1 X105.95 Y129.133 E11.81545
G1 X105.949 Y106.208 E12.57794
G1 X105.96 Y105.364 E12.60601
G1 X106.013 Y104.462 E12.63607
G1 X106.145 Y103.569 E12.66609
G1 X106.356 Y102.691 E12.69612
G1 X106.644 Y101.835 E12.72616
G1 X107.006 Y101.008 E12.75619
G1 X107.441 Y100.216 E12.78624
G1 X107.943 Y99.465 E12.81629
G1 X108.51 Y98.762 E12.84633
G1 F2700 E7.84633
G0 F6000 X119.251 Y104.847
G0 X120.413 Y115.039
G1 F2700 E12.84633
G1 F1200 X122.112 Y113.248 E12.92844
G1 X124.462 Y112.587 E13.00963
G1 X126.916 Y113.263 E13.09429
G1 X128.627 Y115.045 E13.17646
G1 X129.29 Y117.291 E13.25435
G1 X128.627 Y119.633 E13.3353
G1 X126.919 Y121.317 E13.41508
G1 X124.46 Y121.995 E13.49992
G1 X122.208 Y121.336 E13.57796
G1 X120.415 Y119.543 E13.6623
G1 X119.755 Y117.291 E13.74035
G1 X120.413 Y115.039 E13.81838
G0 F6000 X120.77 Y115.243
G1 F1200 X122.326 Y113.604 E13.89355
G1 X124.465 Y113.002 E13.96746
G1 X126.702 Y113.619 E14.04464
G1 X128.272 Y115.254 E14.12003
G1 X128.874 Y117.293 E14.19074
G1 X128.271 Y119.422 E14.26434
G1 X126.711 Y120.959 E14.33718
G1 X124.464 Y121.579 E14.41471
G1 X122.419 Y120.981 E14.48557
G1 X120.77 Y119.332 E14.56314
G1 X120.172 Y117.29 E14.6339
G1 X120.77 Y115.243 E14.70483
G0 F6000 X121.127 Y115.449
G1 F1200 X122.541 Y113.958 E14.77318
G1 X124.464 Y113.417 E14.83962
G1 X126.491 Y113.976 E14.90956
G1 X127.915 Y115.459 E14.97794
G1 X128.457 Y117.295 E15.04161
G1 X127.915 Y119.211 E15.10784
G1 X126.505 Y120.601 E15.17369
G1 X124.467 Y121.163 E15.244
G1 X122.63 Y120.626 E15.30766
G1 X121.125 Y119.121 E15.37845
G1 X120.589 Y117.289 E15.44194
G1 X121.127 Y115.449 E15.5057
G0 F6000 X121.484 Y115.653
G1 F1200 X122.755 Y114.314 E15.5671
G1 X124.465 Y113.833 E15.62618
G1 X126.279 Y114.333 E15.68877
G1 X127.559 Y115.666 E15.75024
G1 X128.041 Y117.298 E15.80683
G1 X127.559 Y119 E15.86567
G1 X126.298 Y120.243 E15.92456
G1 X124.47 Y120.747 E15.98763
G1 X122.84 Y120.27 E16.04412
G1 X121.48 Y118.91 E16.10809
G1 X121.006 Y117.289 E16.16426
G1 X121.484 Y115.653 E16.22095
G0 F6000 X121.841 Y115.859
G1 F1200 X122.97 Y114.669 E16.27551
G1 X124.467 Y114.248 E16.32723
G1 X126.066 Y114.688 E16.38239
G1 X127.203 Y115.873 E16.43701
G1 X127.624 Y117.299 E16.48646
G1 X127.202 Y118.791 E16.53803
G1 X126.092 Y119.885 E16.58987
G1 X124.474 Y120.332 E16.6457
G1 X123.051 Y119.915 E16.69502
G1 X121.834 Y118.698 E16.75226
G1 X121.422 Y117.292 E16.80099
G1 X121.841 Y115.859 E16.85065
G0 F6000 X122.198 Y116.063
G1 F1200 X123.184 Y115.024 E16.89829
G1 X124.467 Y114.663 E16.94262
G1 X125.854 Y115.045 E16.99047
G1 X126.847 Y116.08 E17.03818
G1 X127.208 Y117.302 E17.08056
G1 X126.846 Y118.58 E17.12474
G1 X125.885 Y119.527 E17.16961
G1 X124.475 Y119.916 E17.21826
G1 X123.263 Y119.561 E17.26026
G1 X122.189 Y118.487 E17.31078
G1 X121.839 Y117.291 E17.35223
G1 X122.198 Y116.063 E17.39478
G0 F6000 X122.555 Y116.267
G1 F1200 X123.397 Y115.379 E17.43548
G1 X124.467 Y115.078 E17.47245
G1 X125.643 Y115.402 E17.51302
G1 X126.49 Y116.285 E17.55372
G1 X126.791 Y117.305 E17.58909
G1 X126.49 Y118.369 E17.62587
G1 X125.677 Y119.17 E17.66383
G1 X124.479 Y119.5 E17.70516
G1 X123.472 Y119.206 E17.74005
G1 X122.546 Y118.28 E17.78361
G1 X122.256 Y117.291 E17.81789
G1 X122.555 Y116.267 E17.85337
G0 F6000 X122.911 Y116.475
G1 F1200 X123.614 Y115.734 E17.88734
G1 X124.47 Y115.493 E17.91692
G1 X125.429 Y115.758 E17.95001
G1 X126.135 Y116.493 E17.9839
G1 X126.375 Y117.306 E18.0121
G1 X126.134 Y118.158 E18.04155
G1 X125.47 Y118.812 E18.07255
G1 X124.482 Y119.084 E18.10663
G1 X123.682 Y118.85 E18.13435
G1 X122.901 Y118.069 E18.17109
G1 X122.673 Y117.291 E18.19805
G1 X122.911 Y116.475 E18.22632
G0 F6000 X123.268 Y116.679
G1 F1200 X123.828 Y116.089 E18.25338
G1 X124.47 Y115.909 E18.27556
G1 X125.217 Y116.115 E18.30133
G1 X125.779 Y116.7 E18.32831
G1 X125.958 Y117.309 E18.34942
G1 X125.777 Y117.948 E18.37151
G1 X125.264 Y118.454 E18.39548
G1 X124.487 Y118.669 E18.42229
G1 X123.893 Y118.495 E18.44288
G1 X123.256 Y117.858 E18.47284
G1 X123.09 Y117.29 E18.49252
G1 X123.268 Y116.679 E18.51369
G0 F6000 X123.626 Y116.883
G1 F1200 X124.042 Y116.445 E18.53378
G1 X124.472 Y116.323 E18.54865
G1 X125.004 Y116.47 E18.56701
G1 X125.423 Y116.907 E18.58714
G1 X125.543 Y117.311 E18.60116
G1 X125.423 Y117.736 E18.61585
G1 X125.057 Y118.096 E18.63292
G1 X124.489 Y118.253 E18.65252
G1 X124.104 Y118.14 E18.66587
G1 X123.611 Y117.647 E18.68906
G1 X123.507 Y117.29 E18.70142
G1 X123.626 Y116.883 E18.71553
G0 F6000 X123.982 Y117.091
;TYPE:SUPPORT
G1 F1200 X124.257 Y116.798 E18.72889
G1 X124.473 Y116.736 E18.73637
G1 X124.793 Y116.826 E18.74742
G1 X125.065 Y117.112 E18.76055
G1 X125.123 Y117.31 E18.76741
G1 X125.065 Y117.523 E18.77476
G1 X124.848 Y117.737 E18.78489
G1 X124.491 Y117.835 E18.79721
G1 X124.314 Y117.782 E18.80335
G1 X123.965 Y117.434 E18.81974
G1 X123.921 Y117.289 E18.82478
G1 X123.982 Y117.091 E18.83167
G1 F2700 E13.83167
;MESH:screen.STL
G0 F6000 X123.152 Y116.848
G0 X119.263 Y117.091
G0 X118.168 Y117.091
G0 X117.498 Y106.598
;TYPE:WALL-INNER
G1 F2700 E18.83167
G1 F805.4 X117.498 Y128.402 E19.91223
G0 F6000 X117.5 Y128.9
M104 S220
G1 F1200 X117.996 Y128.9 E19.92872
G1 X117.996 Y106.1 E20.68706
G1 X117 Y106.1 E20.72018
G1 X117 Y128.9 E21.47851
G1 X117.5 Y128.9 E21.49514
G0 F6000 X117.5 Y129.3
;TYPE:WALL-OUTER
G1 F1200 X118.396 Y129.3 E21.52495
G1 X118.396 Y105.7 E22.30988
G1 X116.6 Y105.7 E22.36962
G1 X116.6 Y129.3 E23.15456
G1 X117.5 Y129.3 E23.18449
G0 F6000 X117.388 Y128.29
G1 F2700 E18.18449
;MESH:NONMESH
G0 F300 X117.388 Y128.29 Z0.36
G0 F6000 X116.826 Y105.924
G0 X115.737 Y105.924
G0 X108.51 Y98.762
;TIME_ELAPSED:43.088824
;LAYER:1
M106 S85
;TYPE:SKIRT
G1 F2700 E23.18449
G1 F1200 X109.137 Y98.112 E23.20852
G1 X109.819 Y97.52 E23.23255
G1 X110.55 Y96.99 E23.25658
G1 X111.326 Y96.528 E23.28061
G1 X112.139 Y96.135 E23.30464
G1 X112.984 Y95.817 E23.32866
G1 X113.854 Y95.574 E23.35269
G1 X114.742 Y95.409 E23.37673
G1 X115.865 Y95.314 E23.40671
G1 X116.559 Y95.3 E23.42518
G1 X118.143 Y95.3 E23.46733
G1 X118.987 Y95.311 E23.48979
G1 X119.748 Y95.35 E23.51007
G1 X120.643 Y95.47 E23.53409
G1 X121.524 Y95.668 E23.55812
G1 X122.384 Y95.943 E23.58214
G1 X123.217 Y96.294 E23.6062
G1 X124.015 Y96.717 E23.63023
G1 X124.772 Y97.208 E23.65424
G1 X125.483 Y97.765 E23.67827
G1 X125.838 Y98.084 E23.69097
G1 X126.538 Y98.769 E23.71703
G1 X127.322 Y99.563 E23.74672
G1 X129.16 Y101.328 E23.81452
G1 X131.019 Y103.014 E23.8813
G1 X133.803 Y105.376 E23.97844
G1 X134.26 Y105.795 E23.99494
G1 X134.919 Y106.46 E24.01985
G1 X135.91 Y107.502 E24.05812
G1 X136.414 Y108.047 E24.07787
G1 X136.997 Y108.736 E24.10188
G1 X137.517 Y109.475 E24.12593
G1 X137.969 Y110.256 E24.14994
G1 X138.351 Y111.075 E24.17398
G1 X138.602 Y111.746 E24.19304
G1 X138.884 Y112.654 E24.21834
G1 X139.203 Y113.744 E24.24856
G1 X139.432 Y114.57 E24.27137
G1 X139.662 Y115.612 E24.29976
G1 X139.771 Y116.509 E24.32381
G1 X139.801 Y117.292 E24.34466
G1 X139.761 Y118.194 E24.36868
G1 X139.641 Y119.089 E24.39271
G1 X139.509 Y119.714 E24.4097
G1 X139.406 Y120.126 E24.421
G1 X138.898 Y121.946 E24.47128
G1 X138.703 Y122.604 E24.48954
G1 X138.408 Y123.458 E24.51358
G1 X138.039 Y124.282 E24.53761
G1 X137.598 Y125.071 E24.56166
G1 X137.09 Y125.817 E24.58567
G1 X136.25 Y126.802 E24.62012
G1 X135.541 Y127.532 E24.64719
G1 X134.754 Y128.316 E24.67675
G1 X134.253 Y128.801 E24.69531
G1 X133.834 Y129.184 E24.71041
G1 X131.658 Y131.116 E24.78784
G1 X129.801 Y132.867 E24.85575
G1 X128.006 Y134.656 E24.92318
G1 X126.061 Y136.7 E24.99826
G1 X125.804 Y136.952 E25.00784
G1 X125.395 Y137.31 E25.0223
G1 X125.117 Y137.537 E25.03185
G1 X124.381 Y138.06 E25.05587
G1 X123.601 Y138.516 E25.07991
G1 X122.784 Y138.901 E25.10394
G1 X121.936 Y139.212 E25.12798
G1 X121.064 Y139.447 E25.15201
G1 X120.175 Y139.604 E25.17603
G1 X119.136 Y139.686 E25.20376
G1 X118.441 Y139.7 E25.22226
G1 X116.711 Y139.699 E25.26829
G1 X116.013 Y139.689 E25.28686
G1 X115.111 Y139.636 E25.31091
G1 X114.218 Y139.504 E25.33492
G1 X113.34 Y139.293 E25.35895
G1 X112.484 Y139.005 E25.38298
G1 X111.657 Y138.643 E25.407
G1 X110.865 Y138.208 E25.43105
G1 X110.114 Y137.706 E25.45508
G1 X109.411 Y137.139 E25.47911
G1 X108.761 Y136.512 E25.50314
G1 X108.169 Y135.83 E25.52717
G1 X107.639 Y135.099 E25.5512
G1 X107.177 Y134.323 E25.57523
G1 X106.784 Y133.51 E25.59926
G1 X106.466 Y132.665 E25.62328
G1 X106.223 Y131.795 E25.64731
G1 X106.058 Y130.907 E25.67135
G1 X105.963 Y129.766 E25.70181
G1 X105.95 Y129.133 E25.71866
G1 X105.949 Y106.208 E26.32865
G1 X105.96 Y105.364 E26.35111
G1 X106.013 Y104.462 E26.37515
G1 X106.145 Y103.569 E26.39917
G1 X106.356 Y102.691 E26.4232
G1 X106.644 Y101.835 E26.44723
G1 X107.006 Y101.008 E26.47125
G1 X107.441 Y100.216 E26.49529
G1 X107.943 Y99.465 E26.51933
G1 X108.51 Y98.762 E26.54336
G1 F2700 E21.54336
G0 F7500 X119.417 Y104.847
G0 X121.547 Y112.665
G0 X122.171 Y113.263
;TYPE:SUPPORT
G1 F2700 E26.54336
G1 F1350 X124.583 Y112.592 E26.60997
G1 X127.012 Y113.282 E26.67716
G1 X128.701 Y115.055 E26.74232
G1 X129.355 Y117.286 E26.80418
G1 X128.697 Y119.623 E26.86878
G1 X127.015 Y121.297 E26.93192
G1 X124.585 Y121.984 E26.99912
G1 X122.265 Y121.313 E27.06338
G1 X120.458 Y119.533 E27.13087
G1 X119.797 Y117.289 E27.19311
G1 X120.459 Y115.044 E27.25539
G1 X122.171 Y113.263 E27.32112
G1 F2700 E22.32112
;MESH:screen.STL
G0 F7500 X121.547 Y112.665
G0 X119.429 Y113.263
G0 X118.354 Y113.263
G0 X117.5 Y128.468
;TYPE:WALL-INNER
G1 F2700 E27.32112
G1 F1163.8 X117.732 Y128.468 E27.32828
G1 X117.732 Y106.532 E28.00535
G1 X117.268 Y106.532 E28.01967
G1 X117.268 Y128.468 E28.69673
G1 X117.5 Y128.468 E28.70389
G0 F7500 X117.5 Y128.9
G1 F1350 X118.164 Y128.9 E28.72156
G1 X118.164 Y106.1 E29.32823
G1 X116.836 Y106.1 E29.36356
G1 X116.836 Y128.9 E29.97023
G1 X117.5 Y128.9 E29.98789
G0 F7500 X117.5 Y129.3
;TYPE:WALL-OUTER
G1 F1350 X118.564 Y129.3 E30.0162
G1 X118.564 Y105.7 E30.64416
G1 X116.436 Y105.7 E30.70078
G1 X116.436 Y129.3 E31.32873
G1 X117.5 Y129.3 E31.35704
G0 F7500 X117.5 Y128.29
G1 F2700 E26.35704
;MESH:NONMESH
G0 F300 X117.5 Y128.29 Z0.48
G0 F7500 X116.66 Y105.924
G0 X115.571 Y105.924
G0 X108.51 Y98.762
;TIME_ELAPSED:60.870839
;LAYER:2
;note -- min layer time used
M106 S170
;TYPE:SKIRT
G1 F2700 E31.35704
G1 F1123.7 X109.137 Y98.112 E31.37506
G1 X109.819 Y97.52 E31.39309
G1 X110.55 Y96.99 E31.4111
G1 X111.326 Y96.528 E31.42913
G1 X112.139 Y96.135 E31.44715
G1 X112.984 Y95.817 E31.46516
G1 X113.854 Y95.574 E31.48319
G1 X114.742 Y95.409 E31.50122
G1 X115.865 Y95.314 E31.52371
G1 X116.559 Y95.3 E31.53756
G1 X118.143 Y95.3 E31.56917
G1 X118.987 Y95.311 E31.58601
G1 X119.748 Y95.35 E31.60122
G1 X120.643 Y95.47 E31.61924
G1 X121.524 Y95.668 E31.63726
G1 X122.384 Y95.943 E31.65528
G1 X123.217 Y96.294 E31.67332
G1 X124.015 Y96.717 E31.69134
G1 X124.772 Y97.208 E31.70935
G1 X125.483 Y97.765 E31.72737
G1 X125.838 Y98.084 E31.7369
G1 X126.538 Y98.769 E31.75644
G1 X127.322 Y99.563 E31.77871
G1 X129.16 Y101.328 E31.82956
G1 X131.019 Y103.014 E31.87964
G1 X133.803 Y105.376 E31.9525
G1 X134.26 Y105.795 E31.96488
G1 X134.919 Y106.46 E31.98356
G1 X135.91 Y107.502 E32.01226
G1 X136.414 Y108.047 E32.02707
G1 X136.997 Y108.736 E32.04508
G1 X137.517 Y109.475 E32.06312
G1 X137.969 Y110.256 E32.08112
G1 X138.351 Y111.075 E32.09916
G1 X138.602 Y111.746 E32.11345
G1 X138.884 Y112.654 E32.13243
G1 X139.203 Y113.744 E32.15509
G1 X139.432 Y114.57 E32.1722
G1 X139.662 Y115.612 E32.19349
G1 X139.771 Y116.509 E32.21153
G1 X139.801 Y117.292 E32.22716
G1 X139.761 Y118.194 E32.24518
G1 X139.641 Y119.089 E32.2632
G1 X139.509 Y119.714 E32.27595
G1 X139.406 Y120.126 E32.28442
G1 X138.898 Y121.946 E32.32213
G1 X138.703 Y122.604 E32.33583
G1 X138.408 Y123.458 E32.35386
G1 X138.039 Y124.282 E32.37188
G1 X137.598 Y125.071 E32.38991
G1 X137.09 Y125.817 E32.40792
G1 X136.25 Y126.802 E32.43376
G1 X135.541 Y127.532 E32.45407
G1 X134.754 Y128.316 E32.47623
G1 X134.253 Y128.801 E32.49015
G1 X133.834 Y129.184 E32.50148
G1 X131.658 Y131.116 E32.55955
G1 X129.801 Y132.867 E32.61048
G1 X128.006 Y134.656 E32.66106
G1 X126.061 Y136.7 E32.71736
G1 X125.804 Y136.952 E32.72455
G1 X125.395 Y137.31 E32.73539
G1 X125.117 Y137.537 E32.74256
G1 X124.381 Y138.06 E32.76058
G1 X123.601 Y138.516 E32.77861
G1 X122.784 Y138.901 E32.79663
G1 X121.936 Y139.212 E32.81465
G1 X121.064 Y139.447 E32.83268
G1 X120.175 Y139.604 E32.85069
G1 X119.136 Y139.686 E32.87149
G1 X118.441 Y139.7 E32.88536
G1 X116.711 Y139.699 E32.91989
G1 X116.013 Y139.689 E32.93382
G1 X115.111 Y139.636 E32.95185
G1 X114.218 Y139.504 E32.96986
G1 X113.34 Y139.293 E32.98788
G1 X112.484 Y139.005 E33.00591
G1 X111.657 Y138.643 E33.02392
G1 X110.865 Y138.208 E33.04196
G1 X110.114 Y137.706 E33.05998
G1 X109.411 Y137.139 E33.07801
G1 X108.761 Y136.512 E33.09603
G1 X108.169 Y135.83 E33.11405
G1 X107.639 Y135.099 E33.13207
G1 X107.177 Y134.323 E33.15009
G1 X106.784 Y133.51 E33.16811
G1 X106.466 Y132.665 E33.18613
G1 X106.223 Y131.795 E33.20416
G1 X106.058 Y130.907 E33.22218
G1 X105.963 Y129.766 E33.24503
G1 X105.95 Y129.133 E33.25766
G1 X105.949 Y106.208 E33.71516
G1 X105.96 Y105.364 E33.732
G1 X106.013 Y104.462 E33.75003
G1 X106.145 Y103.569 E33.76805
G1 X106.356 Y102.691 E33.78607
G1 X106.644 Y101.835 E33.80409
G1 X107.006 Y101.008 E33.82211
G1 X107.441 Y100.216 E33.84014
G1 X107.943 Y99.465 E33.85817
G1 X108.51 Y98.762 E33.87619
G1 F2700 E28.87619
G0 F9000 X119.503 Y104.847
G0 X121.699 Y112.687
G0 X122.323 Y113.282
;TYPE:SUPPORT
G1 F2700 E33.87619
G1 F1123.7 X124.687 Y112.62 E33.92518
G1 X127.056 Y113.286 E33.97429
G1 X128.753 Y115.071 E34.02344
G1 X129.399 Y117.286 E34.06948
G1 X128.749 Y119.611 E34.11766
G1 X127.059 Y121.297 E34.1653
G1 X124.686 Y121.96 E34.21447
G1 X122.425 Y121.302 E34.26146
G1 X120.634 Y119.522 E34.31185
G1 X119.977 Y117.289 E34.3583
G1 X120.635 Y115.055 E34.40478
G1 X122.323 Y113.282 E34.45363
G1 F2700 E29.45363
;MESH:screen.STL
G0 F9000 X121.699 Y112.687
G0 X124.69 Y111.723
G0 X127.519 Y112.519
G0 X129.525 Y114.626
G0 X130.302 Y117.286
G0 X129.521 Y120.066
G0 X119.504 Y130.153
G0 X117.5 Y130.165
G0 X117.5 Y129.261
;TYPE:WALL-OUTER
G1 F2700 E34.45363
G1 F940.3 X117.359 Y129.261 E34.457
G1 F938.4 X117.311 Y129.13 E34.46033
G1 F1035.7 X117.124 Y129.085 E34.46449
G1 F1132.2 X116.678 Y129.086 E34.47333
G1 F1093.6 X116.573 Y129.214 E34.47672
G1 F1075.3 X116.563 Y129.291 E34.47834
G1 X116.357 Y129.291 E34.48264
G1 X116.357 Y128.709 E34.49477
G1 F1107.1 X116.705 Y128.696 E34.50183
G1 F1146.6 X117.124 Y128.695 E34.51002
G1 F1035.7 X117.498 Y128.74 E34.51818
G1 F1030.9 X117.805 Y128.696 E34.52493
G1 F1146.6 X118.224 Y128.695 E34.53312
G1 F1112.6 X118.64 Y128.708 E34.54151
G1 F1077.9 X118.64 Y129.292 E34.55366
G1 X118.432 Y129.292 E34.55799
G1 X118.422 Y129.215 E34.5596
G1 F1093.6 X118.317 Y129.085 E34.56303
G1 F1123.7 X117.838 Y129.086 E34.57259
G1 F1030.9 X117.685 Y129.13 E34.57605
G1 F938.4 X117.637 Y129.261 E34.57938
G1 F940.3 X117.5 Y129.261 E34.58265
G1 F2700 E29.58265
G0 F9000 X117.876 Y106.305
G1 F2700 E34.58265
G1 F1033.3 X117.5 Y106.259 E34.59087
G1 F1028.5 X117.191 Y106.304 E34.59768
G1 F1146.6 X116.776 Y106.305 E34.6058
G1 F1112.6 X116.357 Y106.291 E34.61425
G1 F1072.7 X116.357 Y105.709 E34.62641
G1 X116.567 Y105.709 E34.6308
G1 X116.578 Y105.786 E34.63243
G1 F1091 X116.683 Y105.915 E34.63585
G1 F1123.7 X117.158 Y105.914 E34.64533
G1 F1028.5 X117.312 Y105.87 E34.64882
G1 F936.4 X117.359 Y105.74 E34.65213
G1 X117.641 Y105.74 E34.65888
G1 X117.688 Y105.87 E34.66219
G1 F1033.3 X117.876 Y105.915 E34.66639
G1 F1135 X118.318 Y105.914 E34.67512
G1 F1096.3 X118.422 Y105.785 E34.67851
G1 F1077.9 X118.432 Y105.708 E34.68012
G1 X118.64 Y105.708 E34.68445
G1 X118.64 Y106.292 E34.6966
G1 F1107.1 X118.291 Y106.304 E34.70367
G1 F1146.6 X117.876 Y106.305 E34.71179
G1 F2700 E29.71179
;MESH:NONMESH
G0 F300 X117.876 Y106.305 Z0.6
G0 F9000 X120.925 Y114.867
;TIME_ELAPSED:73.836973
;LAYER:3
;note -- min layer time used
M106 S255
;TYPE:SUPPORT
G1 F2700 E34.71179
G1 F600 X122.419 Y113.294 E34.75508
G1 X124.755 Y112.64 E34.80349
G1 X127.104 Y113.298 E34.85217
G1 X128.793 Y115.079 E34.90116
G1 X129.439 Y117.286 E34.94705
G1 X128.785 Y119.603 E34.99509
G1 X127.099 Y121.285 E35.04262
G1 X124.758 Y121.94 E35.09113
G1 X122.513 Y121.286 E35.13779
G1 X120.734 Y119.514 E35.1879
G1 X120.081 Y117.288 E35.2342
G1 X120.731 Y115.071 E35.2803
G1 X120.925 Y114.867 E35.28592
G1 F2700 E30.28592
;MESH:screen.STL
G0 F9000 X120.299 Y114.272
G0 X121.958 Y112.528
G0 X124.76 Y111.745
G0 X127.569 Y112.532
G0 X129.565 Y114.634
G0 X130.339 Y117.286
G0 X129.56 Y120.055
G0 X119.567 Y130.153
G0 X117.5 Y130.165
G0 X117.5 Y129.27
;TYPE:WALL-OUTER
G1 F2700 E35.28592
G1 F582.5 X117.376 Y129.084 E35.29051
G1 F589.7 X116.555 Y129.091 E35.30719
G1 F597 X116.426 Y129.24 E35.31114
G1 X116.423 Y129.299 E35.31232
G1 X116.286 Y129.298 E35.31507
G1 X116.285 Y128.701 E35.32704
G1 F606.1 X117.272 Y128.695 E35.34654
G1 X118.711 Y128.701 E35.37497
G1 F597 X118.711 Y129.299 E35.38697
G1 X118.573 Y129.299 E35.38974
G1 X118.569 Y129.24 E35.39092
G1 X118.441 Y129.091 E35.39486
G1 F589.7 X117.619 Y129.086 E35.41155
G1 F574.2 X117.513 Y129.289 E35.41633
G1 X117.5 Y129.27 E35.41681
G1 F2700 E30.41681
G0 F9000 X117.728 Y106.305
G1 F2700 E35.41681
G1 F606.1 X116.285 Y106.299 E35.44532
G1 F595.5 X116.285 Y105.701 E35.45734
G1 X116.426 Y105.701 E35.46018
G1 X116.431 Y105.761 E35.46139
G1 X116.557 Y105.909 E35.46529
G1 F588.2 X117.378 Y105.914 E35.48201
G1 F574.2 X117.484 Y105.712 E35.48676
G1 X117.623 Y105.916 E35.49191
G1 F588.2 X118.441 Y105.909 E35.50856
G1 F597 X118.569 Y105.76 E35.5125
G1 X118.573 Y105.701 E35.51369
G1 X118.711 Y105.701 E35.51646
G1 X118.711 Y106.299 E35.52845
G1 F606.1 X117.728 Y106.305 E35.54787
G1 F2700 E30.54787
;MESH:NONMESH
G0 F300 X117.728 Y106.305 Z0.76
G0 F9000 X120.807 Y115.079
;TIME_ELAPSED:80.978921
;LAYER:4
;note -- min layer time used
;TYPE:SUPPORT
G1 F2700 E35.54787
G1 F600 X122.487 Y113.314 E35.61271
G1 X124.813 Y112.66 E35.677
G1 X127.14 Y113.314 E35.74131
G1 X128.805 Y115.075 E35.8058
G1 X129.451 Y117.286 E35.86709
G1 X128.805 Y119.595 E35.93088
G1 X127.135 Y121.265 E35.99373
G1 X124.813 Y121.916 E36.05789
G1 X122.585 Y121.27 E36.11962
G1 X120.81 Y119.498 E36.18635
G1 X120.161 Y117.287 E36.24767
G1 X120.807 Y115.079 E36.30888
G1 F2700 E31.30888
;MESH:screen.STL
G0 F9000 X120.182 Y114.485
G0 X119.632 Y106.5
G0 X118.782 Y106.5
;TYPE:WALL-OUTER
G1 F2700 E36.30888
G1 F626.6 X118.6 Y106.3 E36.31577
G1 F600 X116.4 Y106.3 E36.37431
G1 F625 X116.216 Y106.5 E36.38125
G1 X116.232 Y106.132 E36.39066
G1 F600 X116.231 Y105.702 E36.4021
G1 X116.351 Y105.7 E36.40529
G1 X116.355 Y105.755 E36.40676
G1 X116.491 Y105.911 E36.41227
G1 X118.507 Y105.911 E36.46591
G1 X118.646 Y105.754 E36.47149
G1 X118.648 Y105.7 E36.47293
G1 X118.764 Y105.704 E36.47601
G1 X118.765 Y106.136 E36.48751
G1 F626.6 X118.782 Y106.5 E36.49679
G1 F2700 E31.49679
G0 F9000 X117.947 Y107.153
G0 X117.053 Y107.153
G0 X116.216 Y106.5
G1 F2700 E36.49679
G1 F648.6 X116.217 Y128.532 E37.03906
G0 F9000 X117.5 Y129.09
G1 F600 X116.491 Y129.089 E37.0659
G1 X116.354 Y129.247 E37.07147
G1 X116.352 Y129.3 E37.07288
G1 X116.233 Y129.299 E37.07604
G1 X116.232 Y128.899 E37.08669
G1 F621.8 X116.217 Y128.532 E37.09612
G1 F623.4 X116.4 Y128.699 E37.10246
G1 F603 X118.6 Y128.699 E37.16071
G1 F625 X118.783 Y128.531 E37.16705
G1 X118.769 Y128.868 E37.17567
G1 F601.5 X118.768 Y129.3 E37.18714
G1 F600 X118.645 Y129.3 E37.19041
G1 X118.641 Y129.246 E37.19185
G1 X118.506 Y129.09 E37.19734
G1 X117.5 Y129.09 E37.22411
G0 F9000 X118.783 Y128.531
G1 F652.2 X118.782 Y106.5 E37.76341
G1 F2700 E32.76341
;MESH:NONMESH
G0 F300 X118.782 Y106.5 Z0.96
G0 F9000 X119.632 Y106.5
G0 X120.508 Y114.142
G0 X121.173 Y114.773
;TIME_ELAPSED:91.567725
;LAYER:5
;note -- min layer time used
;TYPE:SUPPORT
G1 F2700 E37.76341
G1 F600 X122.543 Y113.326 E37.82969
G1 X124.855 Y112.684 E37.9095
G1 X127.156 Y113.33 E37.98899
G1 X128.821 Y115.087 E38.0695
G1 X129.463 Y117.286 E38.14569
G1 X128.821 Y119.587 E38.22514
G1 X127.155 Y121.253 E38.30351
G1 X124.842 Y121.896 E38.38336
G1 X122.638 Y121.25 E38.45975
G1 X120.878 Y119.49 E38.54253
G1 X120.229 Y117.287 E38.61892
G1 X120.875 Y115.087 E38.69518
G1 X121.173 Y114.773 E38.70958
G1 F2700 E33.70958
;MESH:screen.STL
G0 F9000 X120.546 Y114.179
G0 X119.663 Y106.5
G0 X118.798 Y106.5
;TYPE:WALL-OUTER
G1 F2700 E38.70958
G1 F600 X118.6 Y106.298 E38.71898
G1 F594.1 X116.393 Y106.306 E38.79312
G1 F597 X116.2 Y106.5 E38.80227
G1 X116.202 Y105.702 E38.82894
G1 F594.1 X116.354 Y105.702 E38.83405
G1 X116.359 Y105.764 E38.83614
G1 X116.486 Y105.915 E38.84277
G1 X118.516 Y105.908 E38.91096
G1 F592.6 X118.638 Y105.764 E38.91732
G1 X118.642 Y105.702 E38.91941
G1 X118.794 Y105.702 E38.92453
G1 F600 X118.798 Y106.5 E38.95107
G1 F2700 E33.95107
G0 F9000 X117.947 Y107.153
G0 X117.053 Y107.153
G0 X116.2 Y106.5
G1 F2700 E38.95107
G1 F597 X116.201 Y128.534 E39.68759
G0 F9000 X117.5 Y129.088
G1 F594.1 X116.48 Y129.092 E39.72185
G1 X116.359 Y129.236 E39.72817
G1 X116.354 Y129.298 E39.73026
G1 X116.202 Y129.298 E39.73537
G1 X116.201 Y128.534 E39.76103
G1 X116.4 Y128.702 E39.76978
G1 X118.609 Y128.694 E39.84399
G1 F598.5 X118.797 Y128.534 E39.85222
G1 X118.794 Y129.298 E39.87769
G1 F594.1 X118.646 Y129.298 E39.88267
G1 X118.642 Y129.237 E39.88472
G1 X118.512 Y129.085 E39.89144
G1 X117.5 Y129.088 E39.92543
G0 F9000 X118.797 Y128.534
G1 F604.5 X118.798 Y106.5 E40.65279
G1 F2700 E35.65279
;MESH:NONMESH
G0 F300 X118.798 Y106.5 Z1.16
G0 F9000 X119.663 Y106.5
G0 X120.672 Y114.046
G0 X121.323 Y114.663
;TIME_ELAPSED:102.504182
;LAYER:6
;note -- min layer time used
;TYPE:SUPPORT
G1 F2700 E40.65279
G1 F600 X122.568 Y113.346 E40.71307
G1 X124.863 Y112.704 E40.79233
G1 X127.148 Y113.346 E40.87127
G1 X128.809 Y115.095 E40.9515
G1 X129.447 Y117.286 E41.0274
G1 X128.805 Y119.579 E41.1066
G1 X127.147 Y121.237 E41.18458
G1 X124.85 Y121.876 E41.26388
G1 X122.666 Y121.234 E41.3396
G1 X120.914 Y119.482 E41.42201
G1 X120.269 Y117.289 E41.49803
G1 X120.915 Y115.095 E41.5741
G1 X121.323 Y114.663 E41.59387
G1 F2700 E36.59387
;MESH:screen.STL
G0 F9000 X116.2 Y106.5
;TYPE:WALL-OUTER
G1 F2700 E41.59387
G1 F578.3 X116.215 Y106.1 E41.60768
G1 F558.1 X116.215 Y105.715 E41.62145
G1 X116.465 Y105.715 E41.63039
G1 X116.48 Y105.802 E41.63354
G1 F570.1 X116.571 Y105.915 E41.63862
G1 F572.8 X117.342 Y105.914 E41.66548
G1 F553 X117.436 Y105.724 E41.67313
G1 F544.2 X117.56 Y105.72 E41.67768
G1 F553 X117.65 Y105.915 E41.68543
G1 F574.2 X118.424 Y105.914 E41.71233
G1 F568.7 X118.512 Y105.804 E41.71728
G1 F555.6 X118.529 Y105.716 E41.7205
G1 X118.784 Y105.716 E41.72966
G1 X118.784 Y106.1 E41.74345
G1 F576.9 X118.8 Y106.5 E41.7573
G1 X118.6 Y106.284 E41.76748
G1 F581.1 X118.379 Y106.304 E41.7751
G1 F612.2 X117.78 Y106.305 E41.79462
G1 F576.9 X117.496 Y106.279 E41.80449
G1 F574.2 X117.279 Y106.304 E41.81208
G1 F612.2 X116.68 Y106.305 E41.83161
G1 F585.4 X116.4 Y106.285 E41.84118
G1 F578.3 X116.2 Y106.5 E41.85131
G1 F597 X116.201 Y128.534 E42.58783
G0 F9000 X117.5 Y129.278
G1 F545.5 X117.436 Y129.28 E42.59017
G1 F554.3 X117.346 Y129.085 E42.5979
G1 F574.2 X116.572 Y129.086 E42.6248
G1 F571.4 X116.468 Y129.285 E42.63264
G1 F556.8 X116.215 Y129.285 E42.64171
G1 X116.215 Y128.9 E42.65551
G1 F574.2 X116.201 Y128.534 E42.66824
G1 X116.4 Y128.715 E42.67759
G1 F582.5 X116.617 Y128.696 E42.68505
G1 F612.2 X117.216 Y128.695 E42.70458
G1 F576.9 X117.5 Y128.721 E42.71444
G1 F574.2 X117.717 Y128.696 E42.72203
G1 F612.2 X118.316 Y128.695 E42.74156
G1 F585.4 X118.6 Y128.715 E42.75126
G1 F576.9 X118.799 Y128.534 E42.76057
G1 X118.785 Y128.9 E42.77324
G1 F556.8 X118.785 Y129.285 E42.78704
G1 X118.531 Y129.285 E42.79614
G1 X118.516 Y129.198 E42.7993
G1 F568.7 X118.427 Y129.085 E42.80435
G1 F572.8 X117.654 Y129.086 E42.83128
G1 F553 X117.56 Y129.276 E42.83893
G1 F545.5 X117.5 Y129.278 E42.84113
G0 F9000 X118.799 Y128.534
G1 F598.5 X118.8 Y106.5 E43.57581
G1 F2700 E38.57581
;MESH:NONMESH
G0 F300 X118.8 Y106.5 Z1.28
G0 F9000 X119.665 Y106.5
G0 X120.578 Y114.192
G0 X121.222 Y114.8
;TIME_ELAPSED:112.917551
;LAYER:7
;note -- min layer time used
;TYPE:SUPPORT
G1 F2700 E43.57581
G1 F600 X122.58 Y113.366 E43.61523
G1 X124.861 Y112.724 E43.66251
G1 X127.144 Y113.366 E43.70984
G1 X128.785 Y115.103 E43.75753
G1 X129.423 Y117.286 E43.80291
G1 X128.785 Y119.567 E43.85018
G1 X127.139 Y121.217 E43.89669
G1 X124.858 Y121.855 E43.94396
G1 X122.678 Y121.218 E43.98928
G1 X120.934 Y119.47 E44.03856
G1 X120.293 Y117.288 E44.08394
G1 X120.935 Y115.103 E44.12939
G1 X121.222 Y114.8 E44.13772
G1 F2700 E39.13772
;MESH:screen.STL
G0 F9000 X120.594 Y114.207
G0 X119.665 Y106.076
G0 X116.2 Y106.5
;TYPE:WALL-OUTER
G1 F2700 E44.13772
G1 F533.3 X116.25 Y106.1 E44.14677
G1 F480 X116.25 Y105.75 E44.1555
G1 X118.75 Y105.75 E44.21786
G1 X118.75 Y106.1 E44.22659
G1 F533.3 X118.8 Y106.5 E44.23564
G1 X118.6 Y106.25 E44.24283
G1 F480 X116.4 Y106.25 E44.29771
G1 F533.3 X116.2 Y106.5 E44.3049
G1 F597 X116.201 Y128.534 E44.74681
G0 F9000 X116.48 Y128.98
G0 X117.5 Y128.99
G0 X117.5 Y129.25
G1 F480 X116.25 Y129.25 E44.77799
G1 X116.25 Y128.9 E44.78672
G1 F531 X116.201 Y128.534 E44.79505
G1 X116.4 Y128.75 E44.80167
G1 F480 X118.6 Y128.75 E44.85655
G1 F532.2 X118.799 Y128.534 E44.86316
G1 X118.75 Y128.9 E44.87147
G1 F480 X118.75 Y129.25 E44.8802
G1 X117.5 Y129.25 E44.91138
G0 F9000 X117.5 Y128.99
G0 X118.52 Y128.98
G0 X118.799 Y128.534
G1 F598.5 X118.8 Y106.5 E45.35219
G1 F2700 E40.35219
;MESH:NONMESH
G0 F300 X118.8 Y106.5 Z1.4
G0 F9000 X118.52 Y106.02
G0 X119.665 Y106.076
G0 X120.306 Y114.51
G0 X120.947 Y115.115
;TIME_ELAPSED:123.751378
;LAYER:8
;note -- min layer time used
;TYPE:SUPPORT
G1 F2700 E45.35219
G1 F600 X122.592 Y113.382 E45.39987
G1 X124.86 Y112.744 E45.44689
G1 X127.128 Y113.382 E45.49391
G1 X128.773 Y115.115 E45.54159
G1 X129.407 Y117.286 E45.58672
G1 X128.769 Y119.559 E45.63384
G1 X127.127 Y121.201 E45.68018
G1 X124.858 Y121.836 E45.7272
G1 X122.686 Y121.202 E45.77235
G1 X120.95 Y119.462 E45.8214
G1 X120.309 Y117.287 E45.86665
G1 X120.947 Y115.115 E45.91183
G1 F2700 E40.91183
;MESH:screen.STL
G0 F9000 X116.2 Y106.5
;TYPE:WALL-OUTER
G1 F2700 E45.91183
G1 F568.7 X116.222 Y106.1 E45.92026
G1 F539.3 X116.222 Y105.722 E45.92865
G1 X116.514 Y105.722 E45.93514
G1 F555.6 X116.602 Y105.915 E45.93971
G1 F591.1 X117.194 Y105.914 E45.9517
G1 F560.7 X117.329 Y105.879 E45.95468
G1 F518.4 X117.389 Y105.731 E45.95837
G1 X117.607 Y105.731 E45.9634
G1 X117.667 Y105.879 E45.96709
G1 F563.4 X117.836 Y105.915 E45.97076
G1 F594.1 X118.395 Y105.914 E45.98203
G1 F555.6 X118.483 Y105.723 E45.98656
G1 F538.1 X118.777 Y105.723 E45.99311
G1 X118.777 Y106.1 E46.00149
G1 F567.4 X118.8 Y106.5 E46.00995
G1 X118.6 Y106.277 E46.01627
G1 F571.4 X118.327 Y106.304 E46.02202
G1 F612.2 X117.836 Y106.305 E46.03162
G1 F563.4 X117.498 Y106.269 E46.03885
G1 F560.7 X117.227 Y106.304 E46.04468
G1 F612.2 X116.736 Y106.305 E46.05428
G1 F574.2 X116.4 Y106.278 E46.06131
G1 F568.7 X116.2 Y106.5 E46.0676
G1 F597 X116.201 Y128.534 E46.50951
G0 F9000 X117.5 Y129.269
G1 F519.5 X117.389 Y129.269 E46.51207
G1 F518.4 X117.329 Y129.121 E46.51576
G1 F563.4 X117.16 Y129.085 E46.51943
G1 F594.1 X116.602 Y129.086 E46.53068
G1 F556.8 X116.514 Y129.278 E46.53522
G1 F539.3 X116.222 Y129.278 E46.54171
G1 X116.222 Y128.9 E46.5501
G1 F566 X116.201 Y128.534 E46.55785
G1 X116.4 Y128.722 E46.56364
G1 F571.4 X116.669 Y128.696 E46.56931
G1 F612.2 X117.16 Y128.695 E46.57891
G1 F563.4 X117.498 Y128.731 E46.58613
G1 F560.7 X117.769 Y128.696 E46.59197
G1 F612.2 X118.26 Y128.695 E46.60157
G1 F574.2 X118.6 Y128.723 E46.60868
G1 F566 X118.799 Y128.534 E46.61449
G1 X118.777 Y128.9 E46.62225
G1 F538.1 X118.777 Y129.277 E46.63063
G1 X118.483 Y129.277 E46.63718
G1 F554.3 X118.394 Y129.085 E46.64175
G1 F589.7 X117.802 Y129.086 E46.65377
G1 F560.7 X117.667 Y129.121 E46.65675
G1 F518.4 X117.607 Y129.269 E46.66044
G1 F519.5 X117.5 Y129.269 E46.6629
G0 F9000 X118.799 Y128.534
G1 F598.5 X118.8 Y106.5 E47.10371
G1 F2700 E42.10371
;MESH:NONMESH
G0 F300 X118.8 Y106.5 Z1.52
G0 F9000 X119.665 Y106.5
G0 X120.321 Y114.52
G0 X120.963 Y115.127
;TIME_ELAPSED:134.160543
;LAYER:9
;note -- min layer time used
;TYPE:SUPPORT
G1 F2700 E47.10371
G1 F600 X122.604 Y113.398 E47.15128
G1 X124.861 Y112.764 E47.19807
G1 X127.12 Y113.398 E47.24489
G1 X128.757 Y115.127 E47.29241
G1 X129.387 Y117.286 E47.33729
G1 X128.753 Y119.547 E47.38415
G1 X127.119 Y121.181 E47.43026
G1 X124.858 Y121.815 E47.47713
G1 X122.698 Y121.186 E47.52202
G1 X120.966 Y119.454 E47.5709
G1 X120.329 Y117.287 E47.61598
G1 X120.963 Y115.127 E47.6609
G1 F2700 E42.6609
;MESH:screen.STL
G0 F9000 X120.335 Y114.533
G0 X119.653 Y104.847
G0 X117.5 Y104.835
G0 X117.5 Y105.712
;TYPE:WALL-OUTER
G1 F2700 E47.6609
G1 F533.3 X117.5 Y105.829 E47.66353
G0 F9000 X116.2 Y106.5
G1 F588.2 X116.207 Y105.707 E47.67967
G1 F578.3 X116.405 Y105.707 E47.68377
G1 X116.414 Y105.782 E47.68533
G1 F585.4 X116.523 Y105.915 E47.68885
G1 F601.5 X117.322 Y105.914 E47.70475
G1 F495.9 X117.433 Y105.967 E47.70772
G1 F457.1 X117.5 Y105.829 E47.71174
G1 X117.567 Y105.967 E47.71576
G1 F500 X117.679 Y105.911 E47.71876
G1 F609.1 X118.478 Y105.914 E47.73447
G1 F588.2 X118.586 Y105.782 E47.73794
G1 F578.3 X118.595 Y105.707 E47.7395
G1 X118.793 Y105.707 E47.7436
G1 F588.2 X118.8 Y106.5 E47.75974
G1 F600 X118.611 Y106.305 E47.76516
G1 F609.1 X117.646 Y106.301 E47.78413
G1 F500 X117.5 Y106.214 E47.7882
G1 F495.9 X117.355 Y106.304 E47.79232
G1 F601.5 X116.388 Y106.305 E47.81157
G1 F597 X116.2 Y106.5 E47.817
G1 X116.201 Y128.534 E48.25891
G0 F9000 X117.498 Y129.286
G1 F533.3 X117.498 Y129.18 E48.26129
G1 F463.3 X117.428 Y129.037 E48.26541
G1 F504.2 X117.323 Y129.09 E48.2682
G1 F609.1 X116.522 Y129.086 E48.28395
G1 F588.2 X116.414 Y129.218 E48.28742
G1 F578.3 X116.405 Y129.293 E48.28898
G1 X116.207 Y129.293 E48.29308
G1 F585.4 X116.201 Y128.534 E48.30861
G1 F597 X116.386 Y128.695 E48.31353
G1 F609.1 X117.361 Y128.7 E48.33269
G1 F504.2 X117.498 Y128.782 E48.33648
G1 F500 X117.645 Y128.696 E48.34056
G1 F600 X118.615 Y128.695 E48.35992
G1 F594.1 X118.799 Y128.534 E48.36485
G1 F586.8 X118.792 Y129.292 E48.38032
G1 F576.9 X118.593 Y129.292 E48.38445
G1 X118.583 Y129.217 E48.38602
G1 F585.4 X118.473 Y129.085 E48.38953
G1 F600 X117.678 Y129.086 E48.4054
G1 F500 X117.568 Y129.037 E48.40828
G1 F463.3 X117.498 Y129.18 E48.41239
G0 F9000 X118.799 Y128.534
G1 F598.5 X118.8 Y106.5 E48.85321
G1 F2700 E43.85321
;MESH:NONMESH
G0 F300 X118.8 Y106.5 Z1.68
G0 F9000 X119.665 Y106.5
G0 X120.658 Y114.192
G0 X121.298 Y114.798
;TIME_ELAPSED:144.875527
;LAYER:10
;note -- min layer time used
;TYPE:SUPPORT
G1 F2700 E48.85321
G1 F600 X122.608 Y113.414 E48.90391
G1 X124.86 Y112.784 E48.96613
G1 X127.112 Y113.414 E49.02836
G1 X128.737 Y115.131 E49.09126
G1 X129.367 Y117.286 E49.151
G1 X128.737 Y119.539 E49.21325
G1 X127.111 Y121.165 E49.27443
G1 X124.858 Y121.796 E49.33669
G1 X122.706 Y121.17 E49.39632
G1 X120.982 Y119.442 E49.46127
G1 X120.349 Y117.288 E49.52101
G1 X120.983 Y115.131 E49.58083
G1 X121.298 Y114.798 E49.59303
G1 F2700 E44.59303
;MESH:screen.STL
G0 F9000 X116.2 Y106.5
;TYPE:WALL-OUTER
G1 F2700 E49.59303
G1 F600 X116.2 Y105.7 E49.61431
G1 X116.347 Y105.7 E49.61822
G1 X116.352 Y105.762 E49.61988
G1 X116.474 Y105.91 E49.62498
G1 X118.526 Y105.91 E49.67958
G1 X118.648 Y105.762 E49.68469
G1 X118.652 Y105.7 E49.68634
G1 X118.8 Y105.7 E49.69028
G1 X118.8 Y106.5 E49.71156
G1 X118.6 Y106.3 E49.71909
G1 X116.401 Y106.3 E49.7776
G1 X116.2 Y106.5 E49.78515
G1 F597 X116.201 Y128.534 E50.37436
G0 F9000 X117.5 Y129.088
G1 F597 X116.473 Y129.091 E50.40182
G1 F595.5 X116.347 Y129.239 E50.40703
G1 X116.343 Y129.299 E50.40865
G1 X116.201 Y129.299 E50.41245
G1 F594.1 X116.201 Y128.534 E50.43301
G1 X116.402 Y128.701 E50.44003
G1 F595.5 X118.605 Y128.695 E50.49909
G1 F597 X118.799 Y128.534 E50.50583
G1 X118.799 Y129.299 E50.52629
G1 F595.5 X118.653 Y129.299 E50.5302
G1 X118.649 Y129.238 E50.53184
G1 X118.52 Y129.085 E50.53721
G1 F597 X117.5 Y129.088 E50.56448
G0 F9000 X118.799 Y128.534
G1 F598.5 X118.8 Y106.5 E51.15223
G1 F2700 E46.15223
;MESH:NONMESH
G0 F300 X118.8 Y106.5 Z1.88
G0 F9000 X119.665 Y106.5
G0 X120.544 Y114.338
G0 X121.186 Y114.945
;TIME_ELAPSED:155.162217
;LAYER:11
;note -- min layer time used
;TYPE:SUPPORT
G1 F2700 E51.15223
G1 F600 X122.62 Y113.434 E51.22152
G1 X124.861 Y112.804 E51.29894
G1 X127.1 Y113.434 E51.3763
G1 X128.725 Y115.143 E51.45474
G1 X129.348 Y117.286 E51.52897
G1 X128.721 Y119.527 E51.60637
G1 X127.099 Y121.149 E51.68266
G1 X124.858 Y121.775 E51.76005
G1 X122.714 Y121.15 E51.83433
G1 X120.998 Y119.434 E51.91504
G1 X120.369 Y117.289 E51.98939
G1 X120.999 Y115.143 E52.06378
G1 X121.186 Y114.945 E52.07284
G1 F2700 E47.07284
;MESH:screen.STL
G0 F9000 X116.2 Y106.5
;TYPE:WALL-OUTER
G1 F2700 E52.07284
G1 F595.5 X116.204 Y105.704 E52.09951
G1 F591.1 X116.357 Y105.703 E52.10468
G1 X116.362 Y105.766 E52.10681
G1 F594.1 X116.488 Y105.915 E52.11336
G1 F600 X118.509 Y105.914 E52.18058
G1 F597 X118.634 Y105.767 E52.18703
G1 F591.1 X118.639 Y105.703 E52.1892
G1 X118.797 Y105.703 E52.19453
G1 F595.5 X118.8 Y106.5 E52.22124
G1 F601.5 X118.607 Y106.304 E52.23037
G1 F600 X116.392 Y106.305 E52.30404
G1 F598.5 X116.2 Y106.5 E52.31316
G1 F597 X116.201 Y128.534 E53.04968
G0 F9000 X117.5 Y129.086
G1 F603 X116.491 Y129.086 E53.08307
G1 F597 X116.366 Y129.233 E53.08952
G1 F591.1 X116.361 Y129.297 E53.09169
G1 X116.203 Y129.297 E53.09702
G1 F592.6 X116.201 Y128.534 E53.12272
G1 F598.5 X116.392 Y128.696 E53.13107
G1 F600 X118.61 Y128.695 E53.20484
G1 F597 X118.799 Y128.534 E53.21314
G1 F594.1 X118.797 Y129.297 E53.23877
G1 F591.1 X118.639 Y129.297 E53.2441
G1 X118.634 Y129.233 E53.24627
G1 F594.1 X118.508 Y129.085 E53.2528
G1 F600 X117.5 Y129.086 E53.28633
G0 F9000 X118.799 Y128.534
G1 F598.5 X118.8 Y106.5 E54.02101
G1 F2700 E49.02101
;MESH:NONMESH
G0 F300 X118.8 Y106.5 Z2.08
G0 F9000 X119.665 Y106.5
G0 X120.43 Y114.486
G0 X121.071 Y115.092
;TIME_ELAPSED:165.436887
;LAYER:12
;note -- min layer time used
;TYPE:SUPPORT
G1 F2700 E54.02101
G1 F600 X122.632 Y113.45 E54.09637
G1 X124.861 Y112.824 E54.17337
G1 X127.089 Y113.45 E54.25035
G1 X128.709 Y115.151 E54.32847
G1 X129.328 Y117.286 E54.40241
G1 X128.705 Y119.519 E54.47951
G1 X127.091 Y121.133 E54.55543
G1 X124.858 Y121.759 E54.63257
G1 X122.726 Y121.134 E54.70646
G1 X121.014 Y119.426 E54.78689
G1 X120.389 Y117.289 E54.86095
G1 X121.015 Y115.151 E54.93504
G1 X121.071 Y115.092 E54.93775
G1 F2700 E49.93775
;MESH:screen.STL
G0 F9000 X116.2 Y106.5
;TYPE:WALL-OUTER
G1 F2700 E54.93775
G1 F574.2 X116.218 Y106.1 E54.95167
G1 F550.5 X116.218 Y105.718 E54.96551
G1 X116.484 Y105.72 E54.97516
G1 F563.4 X116.588 Y105.915 E54.98299
G1 F594.1 X117.222 Y105.914 E55.00428
G1 F568.7 X117.342 Y105.885 E55.00862
G1 F532.2 X117.412 Y105.724 E55.0152
G1 X117.579 Y105.725 E55.02146
G1 X117.65 Y105.885 E55.02803
G1 F571.4 X117.804 Y105.915 E55.03351
G1 F597 X118.407 Y105.914 E55.05366
G1 F563.4 X118.508 Y105.719 E55.06144
G1 F547.9 X118.781 Y105.719 E55.07138
G1 X118.781 Y106.1 E55.08526
G1 F572.8 X118.8 Y106.5 E55.09921
G1 X118.6 Y106.281 E55.10954
G1 F576.9 X118.355 Y106.304 E55.11806
G1 F612.2 X117.804 Y106.305 E55.13602
G1 F571.4 X117.496 Y106.275 E55.14682
G1 F568.7 X117.255 Y106.304 E55.15534
G1 F612.2 X116.704 Y106.305 E55.1733
G1 F581.1 X116.4 Y106.282 E55.18377
G1 F574.2 X116.2 Y106.5 E55.19405
G1 F597 X116.201 Y128.534 E55.93057
G0 F9000 X117.5 Y129.275
G1 F533.3 X117.417 Y129.275 E55.93368
G1 F532.2 X117.346 Y129.115 E55.94024
G1 F571.4 X117.192 Y129.085 E55.94572
G1 F597 X116.589 Y129.086 E55.96588
G1 F564.7 X116.488 Y129.28 E55.97361
G1 F549.2 X116.218 Y129.282 E55.98342
G1 X116.218 Y128.9 E55.9973
G1 F571.4 X116.201 Y128.534 E56.01009
G1 X116.4 Y128.718 E56.01956
G1 F576.9 X116.641 Y128.696 E56.02793
G1 F612.2 X117.192 Y128.695 E56.04589
G1 F571.4 X117.5 Y128.725 E56.0567
G1 F568.7 X117.741 Y128.696 E56.06521
G1 F612.2 X118.292 Y128.695 E56.08317
G1 F579.7 X118.6 Y128.718 E56.09381
G1 F571.4 X118.799 Y128.534 E56.10327
G1 X118.782 Y128.9 E56.11607
G1 F549.2 X118.782 Y129.282 E56.12995
G1 X118.512 Y129.28 E56.13976
G1 F563.4 X118.41 Y129.085 E56.14755
G1 F594.1 X117.774 Y129.086 E56.16892
G1 F568.7 X117.654 Y129.115 E56.17325
G1 F532.2 X117.583 Y129.275 E56.17981
G1 F533.3 X117.5 Y129.275 E56.18292
G0 F9000 X118.799 Y128.534
G1 F598.5 X118.8 Y106.5 E56.91761
G1 F2700 E51.91761
;MESH:NONMESH
G0 F300 X118.8 Y106.5 Z2.2
G0 F9000 X119.665 Y106.5
G0 X120.593 Y114.34
G0 X121.235 Y114.948
;TIME_ELAPSED:175.774811
;LAYER:13
;note -- min layer time used
;TYPE:SUPPORT
G1 F2700 E56.91761
G1 F633.2 X122.64 Y113.466 E56.95836
G1 X124.86 Y112.844 E57.00437
G1 X127.08 Y113.466 E57.05038
G1 X128.689 Y115.163 E57.09704
G1 X129.308 Y117.286 E57.14118
G1 X128.685 Y119.507 E57.18721
G1 X127.079 Y121.117 E57.23259
G1 X124.858 Y121.739 E57.27862
G1 X122.734 Y121.118 E57.32278
G1 X121.034 Y119.414 E57.37081
G1 X120.409 Y117.287 E57.41505
G1 X121.031 Y115.163 E57.45922
G1 X121.235 Y114.948 E57.46514
G1 F2700 E52.46514
;MESH:screen.STL
G0 F9000 X120.607 Y114.354
G0 X119.665 Y114.948
G0 X118.775 Y129.275
;TYPE:WALL-OUTER
G1 F2700 E57.46514
G1 F562.8 X118.325 Y129.275 E57.47524
G1 X118.325 Y105.9 E58.00002
G1 F595.9 X118.1 Y105.7 E58.0064
G1 X118.5 Y105.725 E58.0149
G1 F562.8 X118.775 Y105.725 E58.02108
G1 X118.775 Y129.275 E58.54979
G1 F2700 E53.54979
G0 F9000 X118.52 Y129.02
G0 X116.2 Y129.3
G1 F2700 E58.54979
G1 F633.2 X116.2 Y105.9 E59.01676
G1 F582.2 X116.234 Y105.734 E59.02044
G1 F579.6 X116.366 Y105.701 E59.0234
G1 F630 X118.1 Y105.7 E59.05818
G1 F2700 E54.05818
;MESH:NONMESH
G0 F300 X118.1 Y105.7 Z2.32
G0 F9000 X118.58 Y105.98
G0 X118.57 Y115.095
G0 X119.665 Y115.095
G0 X120.227 Y114.835
G0 X121.119 Y115.095
;TIME_ELAPSED:188.143921
;LAYER:14
;note -- min layer time used
;TYPE:SUPPORT
G1 F2700 E59.05818
G1 F632.7 X122.652 Y113.482 E59.10259
G1 X124.861 Y112.86 E59.14839
G1 X127.072 Y113.482 E59.19422
G1 X128.673 Y115.171 E59.24066
G1 X129.288 Y117.286 E59.28462
G1 X128.669 Y119.499 E59.33048
G1 X127.071 Y121.097 E59.37558
G1 X124.858 Y121.719 E59.42145
G1 X122.742 Y121.102 E59.46543
G1 X121.05 Y119.406 E59.51324
G1 X120.429 Y117.287 E59.55731
G1 X121.047 Y115.171 E59.6013
G1 X121.119 Y115.095 E59.60339
G1 F2700 E54.60339
;MESH:screen.STL
G0 F9000 X120.245 Y114.841
G0 X119.665 Y115.095
G0 X118.325 Y129.275
;TYPE:WALL-OUTER
G1 F2700 E59.60339
G1 F562.4 X118.325 Y105.9 E60.12817
G1 F595.5 X118.1 Y105.7 E60.13455
G1 X118.5 Y105.725 E60.14305
G1 F562.4 X118.775 Y105.725 E60.14923
G1 X118.775 Y129.275 E60.67794
G1 X118.325 Y129.275 E60.68804
G1 F2700 E55.68804
G0 F9000 X118.58 Y129.02
G0 X116.2 Y129.3
G1 F2700 E60.68804
G1 F632.7 X116.2 Y105.9 E61.15501
G1 F581.8 X116.234 Y105.734 E61.15869
G1 F579.1 X116.366 Y105.701 E61.16166
G1 F629.6 X118.1 Y105.7 E61.19643
G1 F2700 E56.19643
;MESH:NONMESH
G0 F300 X118.1 Y105.7 Z2.48
G0 F9000 X118.58 Y105.98
G0 X118.57 Y114.789
G0 X119.665 Y114.789
G0 X120.795 Y114.182
G0 X121.436 Y114.789
;TIME_ELAPSED:200.536551
;LAYER:15
;note -- min layer time used
;TYPE:SUPPORT
G1 F2700 E61.19643
G1 F600 X122.656 Y113.498 E61.2437
G1 X124.86 Y112.88 E61.3046
G1 X127.064 Y113.498 E61.36551
G1 X128.653 Y115.179 E61.42706
G1 X129.271 Y117.286 E61.48548
G1 X128.653 Y119.491 E61.54641
G1 X127.059 Y121.081 E61.60632
G1 X124.858 Y121.699 E61.66715
G1 X122.754 Y121.082 E61.72549
G1 X121.066 Y119.398 E61.78893
G1 X120.449 Y117.289 E61.8474
G1 X121.067 Y115.179 E61.9059
G1 X121.436 Y114.789 E61.92019
G1 F2700 E56.92019
;MESH:screen.STL
G0 F9000 X120.808 Y114.196
G0 X122.196 Y112.733
G0 X124.862 Y111.985
G0 X127.528 Y112.733
G0 X129.425 Y114.736
G0 X130.17 Y117.285
G0 X129.425 Y119.944
G0 X119.653 Y130.153
G0 X117.447 Y130.153
G0 X117.065 Y129.3
G0 X116.2 Y129.3
;TYPE:WALL-OUTER
G1 F2700 E61.92019
G1 F600 X116.2 Y105.9 E62.54282
G1 F551.7 X116.234 Y105.734 E62.54772
G1 F549.2 X116.366 Y105.701 E62.55168
G1 F597 X118.6 Y105.7 E62.61142
G1 F553 X118.766 Y105.734 E62.61631
G1 X118.8 Y105.9 E62.6212
G1 F600 X118.8 Y129.3 E63.24383
G1 F2700 E58.24383
;MESH:NONMESH
G0 F300 X118.8 Y129.3 Z2.68
G0 F9000 X119.665 Y129.3
G0 X127.515 Y121.854
G0 X129.425 Y119.944
G0 X130.17 Y117.285
G0 X129.425 Y114.736
G0 X127.528 Y112.733
G0 X124.862 Y111.985
G0 X122.196 Y112.733
G0 X120.49 Y114.536
G0 X120.269 Y114.835
G0 X121.168 Y115.098
;TIME_ELAPSED:211.114225
;LAYER:16
;note -- min layer time used
;TYPE:SUPPORT
G1 F2700 E63.24383
G1 F600 X122.672 Y113.514 E63.31648
G1 X124.861 Y112.9 E63.3921
G1 X127.052 Y113.514 E63.46778
G1 X128.641 Y115.191 E63.54462
G1 X129.252 Y117.286 E63.6172
G1 X128.637 Y119.479 E63.69295
G1 X127.051 Y121.065 E63.76755
G1 X124.858 Y121.68 E63.84331
G1 X122.762 Y121.066 E63.91595
G1 X121.082 Y119.386 E63.99497
G1 X120.465 Y117.287 E64.06774
G1 X121.079 Y115.191 E64.14038
G1 X121.168 Y115.098 E64.14466
G1 F2700 E59.14466
;MESH:screen.STL
G0 F9000 X120.284 Y114.841
G0 X122.208 Y112.749
G0 X124.862 Y112.004
G0 X127.516 Y112.749
G0 X129.411 Y114.747
G0 X130.151 Y117.286
G0 X129.409 Y119.934
G0 X119.653 Y130.153
G0 X117.447 Y130.153
G0 X117.065 Y129.3
G0 X116.2 Y129.3
;TYPE:WALL-OUTER
G1 F2700 E64.14466
G1 F600 X116.2 Y105.9 E64.92295
G1 F551.7 X116.234 Y105.734 E64.92908
G1 F549.2 X116.366 Y105.701 E64.93402
G1 F597 X118.6 Y105.7 E65.0087
G1 F553 X118.766 Y105.734 E65.01481
G1 X118.8 Y105.9 E65.02093
G1 F600 X118.8 Y129.3 E65.79921
G1 F2700 E60.79921
;MESH:NONMESH
G0 F300 X118.8 Y129.3 Z2.88
G0 F9000 X119.665 Y129.3
G0 X127.505 Y121.838
G0 X129.409 Y119.934
G0 X130.151 Y117.286
G0 X129.411 Y114.747
G0 X127.516 Y112.749
G0 X124.862 Y112.004
G0 X122.208 Y112.749
G0 X120.715 Y114.32
G0 X121.357 Y114.927
;TIME_ELAPSED:221.683443
;LAYER:17
;note -- min layer time used
;TYPE:SUPPORT
G1 F2700 E65.79921
G1 F600 X122.676 Y113.534 E65.86302
G1 X124.861 Y112.92 E65.93851
G1 X127.044 Y113.534 E66.01393
G1 X128.621 Y115.195 E66.09011
G1 X129.232 Y117.286 E66.16257
G1 X128.621 Y119.471 E66.23803
G1 X127.039 Y121.049 E66.31235
G1 X124.858 Y121.66 E66.38768
G1 X122.774 Y121.05 E66.4599
G1 X121.098 Y119.378 E66.53864
G1 X120.485 Y117.289 E66.61105
G1 X121.103 Y115.195 E66.68367
G1 X121.357 Y114.927 E66.69595
G1 F2700 E61.69595
;MESH:screen.STL
G0 F9000 X120.729 Y114.334
G0 X120.333 Y114.755
G0 X119.59 Y117.291
G0 X119.824 Y118.028
G0 X119.653 Y130.153
G0 X117.947 Y130.153
G0 X117.065 Y129.3
G0 X116.2 Y129.3
;TYPE:WALL-OUTER
G1 F2700 E66.69595
G1 F600 X116.2 Y105.9 E67.47424
G1 F551.7 X116.234 Y105.734 E67.48037
G1 F549.2 X116.366 Y105.701 E67.48531
G1 F597 X118.6 Y105.7 E67.55998
G1 F553 X118.766 Y105.734 E67.5661
G1 X118.8 Y105.9 E67.57221
G1 F600 X118.8 Y129.3 E68.3505
G1 F2700 E63.3505
;MESH:NONMESH
G0 F300 X118.8 Y129.3 Z3.08
G0 F9000 X119.665 Y129.3
G0 X120.335 Y119.836
G0 X119.59 Y117.291
G0 X120.333 Y114.755
G0 X120.883 Y114.171
G0 X121.525 Y114.777
;TIME_ELAPSED:231.413323
;LAYER:18
;note -- min layer time used
;TYPE:SUPPORT
G1 F2700 E68.3505
G1 F600 X122.684 Y113.55 E68.40664
G1 X124.86 Y112.94 E68.4818
G1 X127.036 Y113.55 E68.55697
G1 X128.601 Y115.207 E68.63277
G1 X129.211 Y117.286 E68.70484
G1 X128.601 Y119.459 E68.7799
G1 X127.031 Y121.033 E68.85385
G1 X124.858 Y121.64 E68.92889
G1 X122.782 Y121.034 E69.00082
G1 X121.118 Y119.37 E69.07909
G1 X120.505 Y117.289 E69.15124
G1 X121.119 Y115.207 E69.22344
G1 X121.525 Y114.777 E69.24311
G1 F2700 E64.24311
;MESH:screen.STL
G0 F9000 X120.897 Y114.184
G0 X120.35 Y114.764
G0 X119.75 Y116.811
G0 X117.065 Y129.3
G0 X116.2 Y129.3
;TYPE:WALL-OUTER
G1 F2700 E69.24311
G1 F600 X116.2 Y105.9 E70.02139
G1 F551.7 X116.234 Y105.734 E70.02752
G1 F549.2 X116.366 Y105.701 E70.03247
G1 F597 X118.6 Y105.7 E70.10714
G1 F553 X118.766 Y105.734 E70.11326
G1 X118.8 Y105.9 E70.11937
G1 F600 X118.8 Y108.3 E70.1992
G1 F2700 E65.1992
G0 F9000 X118.8 Y109.165
G0 X117.947 Y125.847
G0 X117.935 Y129.3
G0 X118.8 Y129.3
G1 F2700 E70.1992
G1 F600 X118.8 Y126.7 E70.28567
G1 F2700 E65.28567
;MESH:NONMESH
G0 F300 X118.8 Y126.7 Z3.28
G0 F9000 X118.8 Y125.835
G0 X119.609 Y117.291
G0 X120.331 Y114.821
G0 X121.253 Y115.09
;TIME_ELAPSED:239.707651
;LAYER:19
;note -- min layer time used
;TYPE:SUPPORT
G1 F2700 E70.28567
G1 F600 X122.7 Y113.566 E70.35557
G1 X124.86 Y112.96 E70.43019
G1 X127.02 Y113.566 E70.5048
G1 X128.589 Y115.219 E70.5806
G1 X129.192 Y117.286 E70.65222
G1 X128.585 Y119.451 E70.727
G1 X127.023 Y121.013 E70.80047
G1 X124.858 Y121.62 E70.87526
G1 X122.79 Y121.018 E70.9469
G1 X121.134 Y119.358 E71.02488
G1 X120.525 Y117.287 E71.09668
G1 X121.131 Y115.219 E71.16836
G1 X121.253 Y115.09 E71.17426
G1 F2700 E66.17426
;MESH:screen.STL
G0 F9000 X120.347 Y114.826
G0 X119.766 Y116.822
G0 X117.065 Y129.3
G0 X116.2 Y129.3
;TYPE:WALL-OUTER
G1 F2700 E71.17426
G1 F600 X116.2 Y105.9 E71.95255
G1 F551.7 X116.234 Y105.734 E71.95868
G1 F549.2 X116.366 Y105.701 E71.96362
G1 F597 X118.6 Y105.7 E72.0383
G1 F553 X118.766 Y105.734 E72.04441
G1 X118.8 Y105.9 E72.05053
G1 F600 X118.8 Y108.3 E72.13035
G1 F2700 E67.13035
G0 F9000 X118.8 Y109.165
G0 X117.947 Y125.847
G0 X117.935 Y129.3
G0 X118.8 Y129.3
G1 F2700 E72.13035
G1 F600 X118.8 Y126.7 E72.21683
G1 F2700 E67.21683
;MESH:NONMESH
G0 F300 X118.8 Y126.7 Z3.48
G0 F9000 X118.8 Y125.835
G0 X119.629 Y117.291
G0 X120.302 Y114.981
G0 X121.147 Y115.227
;TIME_ELAPSED:247.965657
;LAYER:20
;note -- min layer time used
;TYPE:SUPPORT
G1 F2700 E72.21683
G1 F600 X122.708 Y113.582 E72.29225
G1 X124.86 Y112.98 E72.36658
G1 X127.012 Y113.582 E72.4409
G1 X128.573 Y115.227 E72.51633
G1 X129.172 Y117.286 E72.58765
G1 X128.569 Y119.439 E72.66201
G1 X127.011 Y120.997 E72.7353
G1 X124.858 Y121.603 E72.80969
G1 X122.798 Y121.002 E72.88106
G1 X121.15 Y119.35 E72.95867
G1 X120.545 Y117.287 E73.03018
G1 X121.147 Y115.227 E73.10156
G1 F2700 E68.10156
;MESH:screen.STL
G0 F9000 X120.319 Y114.986
G0 X119.775 Y116.853
G0 X117.065 Y129.3
G0 X116.2 Y129.3
;TYPE:WALL-OUTER
G1 F2700 E73.10156
G1 F600 X116.2 Y105.9 E73.87984
G1 F551.7 X116.234 Y105.734 E73.88597
G1 F549.2 X116.366 Y105.701 E73.89092
G1 F597 X118.6 Y105.7 E73.96559
G1 F553 X118.766 Y105.734 E73.97171
G1 X118.8 Y105.9 E73.97782
G1 F600 X118.8 Y108.3 E74.05765
G1 F2700 E69.05765
G0 F9000 X118.8 Y109.165
G0 X117.947 Y125.847
G0 X117.935 Y129.3
G0 X118.8 Y129.3
G1 F2700 E74.05765
G1 F600 X118.8 Y126.7 E74.14412
G1 F2700 E69.14412
;MESH:NONMESH
G0 F300 X118.8 Y126.7 Z3.68
G0 F9000 X118.8 Y125.835
G0 X119.648 Y117.291
G0 X120.317 Y114.993
G0 X121.163 Y115.239
;TIME_ELAPSED:256.206514
;LAYER:21
;note -- min layer time used
;TYPE:SUPPORT
G1 F2700 E74.14412
G1 F600 X122.72 Y113.598 E74.21936
G1 X124.86 Y113 E74.29326
G1 X127 Y113.598 E74.36717
G1 X128.557 Y115.239 E74.44241
G1 X129.152 Y117.286 E74.51331
G1 X128.553 Y119.431 E74.58738
G1 X127.003 Y120.981 E74.66029
G1 X124.858 Y121.583 E74.73439
G1 X122.81 Y120.982 E74.80538
G1 X121.166 Y119.342 E74.88261
G1 X120.565 Y117.287 E74.95382
G1 X121.163 Y115.239 E75.02478
G1 F2700 E70.02478
;MESH:screen.STL
G0 F9000 X120.335 Y114.998
G0 X119.795 Y116.856
G0 X117.065 Y129.3
G0 X116.2 Y129.3
;TYPE:WALL-OUTER
G1 F2700 E75.02478
G1 F600 X116.2 Y105.9 E75.80307
G1 F551.7 X116.234 Y105.734 E75.8092
G1 F549.2 X116.366 Y105.701 E75.81414
G1 F597 X118.6 Y105.7 E75.88882
G1 F553 X118.766 Y105.734 E75.89493
G1 X118.8 Y105.9 E75.90105
G1 F600 X118.8 Y108.3 E75.98087
G1 F2700 E70.98087
G0 F9000 X118.8 Y109.165
G0 X117.947 Y125.847
G0 X117.935 Y129.3
G0 X118.8 Y129.3
G1 F2700 E75.98087
G1 F600 X118.8 Y126.7 E76.06735
G1 F2700 E71.06735
;MESH:NONMESH
G0 F300 X118.8 Y126.7 Z3.88
G0 F9000 X118.8 Y125.835
G0 X119.668 Y117.291
G0 X120.397 Y114.794
G0 X120.855 Y114.309
G0 X121.496 Y114.916
;TIME_ELAPSED:264.454771
;LAYER:22
;note -- min layer time used
;TYPE:SUPPORT
G1 F2700 E76.06735
G1 F600 X122.724 Y113.618 E76.12678
G1 X124.861 Y113.016 E76.20062
G1 X126.996 Y113.618 E76.2744
G1 X128.537 Y115.243 E76.34889
G1 X129.135 Y117.286 E76.41969
G1 X128.537 Y119.423 E76.4935
G1 X126.991 Y120.965 E76.56612
G1 X124.858 Y121.563 E76.6398
G1 X122.818 Y120.966 E76.7105
G1 X121.182 Y119.33 E76.78745
G1 X120.585 Y117.289 E76.85818
G1 X121.187 Y115.243 E76.92911
G1 X121.496 Y114.916 E76.94408
G1 F2700 E71.94408
;MESH:screen.STL
G0 F9000 X120.868 Y114.322
G0 X120.417 Y114.801
G0 X119.826 Y116.818
G0 X117.065 Y129.3
G0 X116.2 Y129.3
;TYPE:WALL-OUTER
G1 F2700 E76.94408
G1 F600 X116.2 Y105.9 E77.72236
G1 F551.7 X116.234 Y105.734 E77.72849
G1 F549.2 X116.366 Y105.701 E77.73344
G1 F597 X118.6 Y105.7 E77.80811
G1 F553 X118.766 Y105.734 E77.81423
G1 X118.8 Y105.9 E77.82034
G1 F600 X118.8 Y108.3 E77.90017
G1 F2700 E72.90017
G0 F9000 X118.8 Y109.165
G0 X117.947 Y125.847
G0 X117.935 Y129.3
G0 X118.8 Y129.3
G1 F2700 E77.90017
G1 F600 X118.8 Y126.7 E77.98664
G1 F2700 E72.98664
;MESH:NONMESH
G0 F300 X118.8 Y126.7 Z4.08
G0 F9000 X118.8 Y125.835
G0 X119.687 Y117.291
G0 X120.356 Y115.004
G0 X121.203 Y115.251
;TIME_ELAPSED:272.689489
;LAYER:23
;note -- min layer time used
;TYPE:SUPPORT
G1 F2700 E77.98664
G1 F600 X122.736 Y113.634 E78.06075
G1 X124.861 Y113.036 E78.13417
G1 X126.988 Y113.634 E78.20766
G1 X128.517 Y115.251 E78.28168
G1 X129.115 Y117.286 E78.35223
G1 X128.517 Y119.411 E78.42565
G1 X126.983 Y120.949 E78.4979
G1 X124.858 Y121.544 E78.57129
G1 X122.83 Y120.95 E78.64158
G1 X121.202 Y119.322 E78.71816
G1 X120.605 Y117.288 E78.78866
G1 X121.203 Y115.251 E78.85927
G1 F2700 E73.85927
;MESH:screen.STL
G0 F9000 X120.374 Y115.009
G0 X119.834 Y116.858
G0 X117.065 Y129.3
G0 X116.2 Y129.3
;TYPE:WALL-OUTER
G1 F2700 E78.85927
G1 F600 X116.2 Y105.9 E79.63756
G1 F551.7 X116.234 Y105.734 E79.64369
G1 F549.2 X116.366 Y105.701 E79.64863
G1 F597 X118.6 Y105.7 E79.7233
G1 F553 X118.766 Y105.734 E79.72942
G1 X118.8 Y105.9 E79.73553
G1 F600 X118.8 Y108.3 E79.81536
G1 F2700 E74.81536
G0 F9000 X118.8 Y109.165
G0 X117.947 Y125.847
G0 X117.935 Y129.3
G0 X118.8 Y129.3
G1 F2700 E79.81536
G1 F600 X118.8 Y126.7 E79.90184
G1 F2700 E74.90184
;MESH:NONMESH
G0 F300 X118.8 Y126.7 Z4.28
G0 F9000 X118.8 Y125.835
G0 X119.707 Y117.291
G0 X120.371 Y115.02
G0 X121.215 Y115.267
;TIME_ELAPSED:280.893476
;LAYER:24
;note -- min layer time used
;TYPE:SUPPORT
G1 F2700 E79.90184
G1 F600 X122.748 Y113.65 E79.97594
G1 X124.86 Y113.056 E80.04892
G1 X126.972 Y113.65 E80.12189
G1 X128.505 Y115.267 E80.196
G1 X129.096 Y117.286 E80.26597
G1 X128.501 Y119.403 E80.33911
G1 X126.971 Y120.933 E80.41107
G1 X124.858 Y121.524 E80.48405
G1 X122.838 Y120.934 E80.55404
G1 X121.218 Y119.314 E80.63024
G1 X120.621 Y117.287 E80.70052
G1 X121.215 Y115.267 E80.77055
G1 F2700 E75.77055
;MESH:screen.STL
G0 F9000 X120.386 Y115.026
G0 X119.851 Y116.86
G0 X117.065 Y129.3
G0 X116.2 Y129.3
;TYPE:WALL-OUTER
G1 F2700 E80.77055
G1 F600 X116.2 Y105.9 E81.54884
G1 F551.7 X116.234 Y105.734 E81.55497
G1 F549.2 X116.366 Y105.701 E81.55991
G1 F597 X118.6 Y105.7 E81.63459
G1 F553 X118.766 Y105.734 E81.6407
G1 X118.8 Y105.9 E81.64682
G1 F600 X118.8 Y108.3 E81.72664
G1 F2700 E76.72664
G0 F9000 X118.8 Y109.165
G0 X117.947 Y125.847
G0 X117.935 Y129.3
G0 X118.8 Y129.3
G1 F2700 E81.72664
G1 F600 X118.8 Y126.7 E81.81312
G1 F2700 E76.81312
;MESH:NONMESH
G0 F300 X118.8 Y126.7 Z4.48
G0 F9000 X118.8 Y125.835
G0 X119.726 Y117.291
G0 X120.398 Y114.984
G0 X121.267 Y115.237
;TIME_ELAPSED:289.087179
;LAYER:25
;note -- min layer time used
;TYPE:SUPPORT
G1 F2700 E81.81312
G1 F600 X122.76 Y113.666 E81.8852
G1 X124.861 Y113.076 E81.95778
G1 X126.964 Y113.666 E82.03043
G1 X128.489 Y115.275 E82.10416
G1 X129.075 Y117.286 E82.17383
G1 X128.485 Y119.391 E82.24654
G1 X126.963 Y120.913 E82.31813
G1 X124.858 Y121.504 E82.39085
G1 X122.846 Y120.918 E82.46055
G1 X121.234 Y119.302 E82.53647
G1 X120.641 Y117.287 E82.60633
G1 X121.231 Y115.275 E82.67607
G1 X121.267 Y115.237 E82.67781
G1 F2700 E77.67781
;MESH:screen.STL
G0 F9000 X120.416 Y114.989
G0 X119.873 Y116.854
G0 X117.065 Y129.3
G0 X116.2 Y129.3
;TYPE:WALL-OUTER
G1 F2700 E82.67781
G1 F600 X116.2 Y105.9 E83.4561
G1 F551.7 X116.234 Y105.734 E83.46223
G1 F549.2 X116.366 Y105.701 E83.46717
G1 F597 X118.6 Y105.7 E83.54184
G1 F553 X118.766 Y105.734 E83.54796
G1 X118.8 Y105.9 E83.55407
G1 F600 X118.8 Y108.3 E83.6339
G1 F2700 E78.6339
G0 F9000 X118.8 Y109.165
G0 X117.947 Y125.847
G0 X117.935 Y129.3
G0 X118.8 Y129.3
G1 F2700 E83.6339
G1 F600 X118.8 Y126.7 E83.72037
G1 F2700 E78.72037
;MESH:NONMESH
G0 F300 X118.8 Y126.7 Z4.68
G0 F9000 X118.8 Y125.835
G0 X119.746 Y117.291
G0 X120.464 Y114.831
G0 X120.814 Y114.459
G0 X121.454 Y115.065
;TIME_ELAPSED:297.281146
;LAYER:26
;note -- min layer time used
;TYPE:SUPPORT
G1 F2700 E83.72037
G1 F600 X122.764 Y113.682 E83.78373
G1 X124.86 Y113.096 E83.85612
G1 X126.956 Y113.682 E83.92851
G1 X128.469 Y115.279 E84.00168
G1 X129.055 Y117.286 E84.07122
G1 X128.469 Y119.383 E84.14363
G1 X126.955 Y120.897 E84.21485
G1 X124.858 Y121.483 E84.28727
G1 X122.858 Y120.898 E84.35657
G1 X121.25 Y119.294 E84.43212
G1 X120.661 Y117.288 E84.50165
G1 X121.251 Y115.279 E84.57129
G1 X121.454 Y115.065 E84.5811
G1 F2700 E79.5811
;MESH:screen.STL
G0 F9000 X120.827 Y114.473
G0 X120.484 Y114.839
G0 X119.902 Y116.825
G0 X117.065 Y129.3
G0 X116.2 Y129.3
;TYPE:WALL-OUTER
G1 F2700 E84.5811
G1 F600 X116.2 Y105.9 E85.35939
G1 F551.7 X116.234 Y105.734 E85.36552
G1 F549.2 X116.366 Y105.701 E85.37046
G1 F597 X118.6 Y105.7 E85.44514
G1 F553 X118.766 Y105.734 E85.45125
G1 X118.8 Y105.9 E85.45737
G1 F600 X118.8 Y108.3 E85.53719
G1 F2700 E80.53719
G0 F9000 X118.8 Y109.165
G0 X117.947 Y125.847
G0 X117.935 Y129.3
G0 X118.8 Y129.3
G1 F2700 E85.53719
G1 F600 X118.8 Y126.7 E85.62367
G1 F2700 E80.62367
;MESH:NONMESH
G0 F300 X118.8 Y126.7 Z4.88
G0 F9000 X118.8 Y125.835
G0 X119.765 Y117.291
G0 X120.484 Y114.839
G0 X120.996 Y114.295
G0 X121.639 Y114.902
;TIME_ELAPSED:305.482581
;LAYER:27
;note -- min layer time used
;TYPE:SUPPORT
G1 F2700 E85.62367
G1 F601.5 X122.772 Y113.702 E85.67842
G1 F600 X124.861 Y113.116 E85.75059
G1 X126.948 Y113.702 E85.82268
G1 X128.453 Y115.291 E85.89548
G1 X129.035 Y117.286 E85.9646
G1 X128.453 Y119.371 E86.0366
G1 X126.943 Y120.881 E86.10762
G1 X124.858 Y121.464 E86.17963
G1 X122.866 Y120.882 E86.24865
G1 X121.266 Y119.286 E86.32382
G1 X120.681 Y117.289 E86.39303
G1 X121.271 Y115.291 E86.46232
G1 F601.5 X121.639 Y114.902 E86.48009
G1 F2700 E81.48009
;MESH:screen.STL
G0 F9000 X121.01 Y114.308
G0 X120.501 Y114.848
G0 X119.921 Y116.827
G0 X117.065 Y129.3
G0 X116.2 Y129.3
;TYPE:WALL-OUTER
G1 F2700 E86.48009
G1 F600 X116.2 Y105.9 E87.25837
G1 F551.7 X116.234 Y105.734 E87.2645
G1 F549.2 X116.366 Y105.701 E87.26945
G1 F597 X118.6 Y105.7 E87.34412
G1 F553 X118.766 Y105.734 E87.35024
G1 X118.8 Y105.9 E87.35635
G1 F600 X118.8 Y108.3 E87.43617
G1 F2700 E82.43617
G0 F9000 X118.8 Y109.165
G0 X117.947 Y125.847
G0 X117.935 Y129.3
G0 X118.8 Y129.3
G1 F2700 E87.43617
G1 F600 X118.8 Y126.7 E87.52265
G1 F2700 E82.52265
;MESH:NONMESH
G0 F300 X118.8 Y126.7 Z5.08
G0 F9000 X118.8 Y125.835
G0 X119.785 Y117.291
G0 X120.464 Y114.968
G0 X121.354 Y115.228
;TIME_ELAPSED:313.662004
;LAYER:28
;note -- min layer time used
;TYPE:SUPPORT
G1 F2700 E87.52265
G1 F601.5 X122.788 Y113.718 E87.59174
G1 F600 X124.861 Y113.136 E87.66335
G1 X126.933 Y113.718 E87.73494
G1 X128.441 Y115.303 E87.8077
G1 X129.016 Y117.286 E87.87637
G1 X128.437 Y119.363 E87.94809
G1 X126.935 Y120.865 E88.01874
G1 X124.858 Y121.447 E88.09048
G1 X122.874 Y120.866 E88.15924
G1 X121.282 Y119.274 E88.23412
G1 X120.701 Y117.289 E88.30291
G1 X121.283 Y115.303 E88.37174
G1 F601.5 X121.354 Y115.228 E88.37517
G1 F2700 E83.37517
;MESH:screen.STL
G0 F9000 X120.479 Y114.973
G0 X119.932 Y116.85
G0 X117.065 Y129.3
G0 X116.2 Y129.3
;TYPE:WALL-OUTER
G1 F2700 E88.37517
G1 F600 X116.2 Y105.9 E89.15346
G1 F551.7 X116.234 Y105.734 E89.15959
G1 F549.2 X116.366 Y105.701 E89.16453
G1 F597 X118.6 Y105.7 E89.23921
G1 F553 X118.766 Y105.734 E89.24532
G1 X118.8 Y105.9 E89.25144
G1 F600 X118.8 Y108.3 E89.33126
G1 F2700 E84.33126
G0 F9000 X118.8 Y109.165
G0 X117.947 Y125.847
G0 X117.935 Y129.3
G0 X118.8 Y129.3
G1 F2700 E89.33126
G1 F600 X118.8 Y126.7 E89.41774
G1 F2700 E84.41774
;MESH:NONMESH
G0 F300 X118.8 Y126.7 Z5.28
G0 F9000 X118.8 Y125.835
G0 X119.804 Y117.291
G0 X120.482 Y114.961
G0 X121.382 Y115.223
;TIME_ELAPSED:321.811802
;LAYER:29
;note -- min layer time used
;TYPE:SUPPORT
G1 F2700 E89.41774
G1 F600 X122.796 Y113.734 E89.48603
G1 X124.86 Y113.156 E89.55732
G1 X126.924 Y113.734 E89.62861
G1 X128.421 Y115.311 E89.70093
G1 X128.996 Y117.286 E89.76935
G1 X128.417 Y119.351 E89.84068
G1 X126.923 Y120.845 E89.91095
G1 X124.858 Y121.424 E89.98228
G1 X122.886 Y120.85 E90.0506
G1 X121.302 Y119.266 E90.1251
G1 X120.721 Y117.287 E90.1937
G1 X121.299 Y115.311 E90.26218
G1 X121.382 Y115.223 E90.2662
G1 F2700 E85.2662
;MESH:screen.STL
G0 F9000 X120.502 Y114.966
G0 X119.953 Y116.849
G0 X117.065 Y129.3
G0 X116.2 Y129.3
;TYPE:WALL-OUTER
G1 F2700 E90.2662
G1 F600 X116.2 Y105.9 E91.04449
G1 F551.7 X116.234 Y105.734 E91.05062
G1 F549.2 X116.366 Y105.701 E91.05556
G1 F597 X118.6 Y105.7 E91.13024
G1 F553 X118.766 Y105.734 E91.13635
G1 X118.8 Y105.9 E91.14247
G1 F600 X118.8 Y108.3 E91.22229
G1 F2700 E86.22229
G0 F9000 X118.8 Y109.165
G0 X117.947 Y125.847
G0 X117.935 Y129.3
G0 X118.8 Y129.3
G1 F2700 E91.22229
G1 F600 X118.8 Y126.7 E91.30877
G1 F2700 E86.30877
;MESH:NONMESH
G0 F300 X118.8 Y126.7 Z5.48
G0 F9000 X118.8 Y125.835
G0 X119.824 Y117.291
G0 X120.533 Y114.869
G0 X120.926 Y114.451
G0 X121.567 Y115.057
;TIME_ELAPSED:329.961009
;LAYER:30
;note -- min layer time used
;TYPE:SUPPORT
G1 F2700 E91.30877
G1 F600 X122.804 Y113.75 E91.36862
G1 X124.861 Y113.172 E91.43969
G1 X126.92 Y113.75 E91.51082
G1 X128.401 Y115.319 E91.58258
G1 X128.979 Y117.286 E91.65077
G1 X128.401 Y119.343 E91.72183
G1 X126.915 Y120.829 E91.79173
G1 X124.858 Y121.407 E91.86279
G1 X122.894 Y120.834 E91.93084
G1 X121.318 Y119.258 E92.00497
G1 X120.741 Y117.289 E92.07321
G1 X121.319 Y115.319 E92.1415
G1 X121.567 Y115.057 E92.1535
G1 F2700 E87.1535
;MESH:screen.STL
G0 F9000 X120.939 Y114.464
G0 X120.551 Y114.876
G0 X119.978 Y116.833
G0 X117.065 Y129.3
G0 X116.2 Y129.3
;TYPE:WALL-OUTER
G1 F2700 E92.1535
G1 F600 X116.2 Y105.9 E92.93178
G1 F551.7 X116.234 Y105.734 E92.93791
G1 F549.2 X116.366 Y105.701 E92.94286
G1 F597 X118.6 Y105.7 E93.01753
G1 F553 X118.766 Y105.734 E93.02365
G1 X118.8 Y105.9 E93.02976
G1 F600 X118.8 Y108.3 E93.10959
G1 F2700 E88.10959
G0 F9000 X118.8 Y109.165
G0 X117.947 Y125.847
G0 X117.935 Y129.3
G0 X118.8 Y129.3
G1 F2700 E93.10959
G1 F600 X118.8 Y126.7 E93.19606
G1 F2700 E88.19606
;MESH:NONMESH
G0 F300 X118.8 Y126.7 Z5.68
G0 F9000 X118.8 Y125.835
G0 X119.843 Y117.291
G0 X120.551 Y114.876
G0 X120.955 Y114.446
G0 X121.596 Y115.051
;TIME_ELAPSED:338.110033
;LAYER:31
;note -- min layer time used
;TYPE:SUPPORT
G1 F2700 E93.19606
G1 F600 X122.812 Y113.766 E93.2549
G1 X124.86 Y113.192 E93.32565
G1 X126.908 Y113.766 E93.39639
G1 X128.385 Y115.327 E93.46786
G1 X128.959 Y117.286 E93.53576
G1 X128.385 Y119.335 E93.60653
G1 X126.903 Y120.813 E93.67615
G1 X124.858 Y121.387 E93.74679
G1 X122.902 Y120.814 E93.81458
G1 X121.334 Y119.246 E93.88834
G1 X120.761 Y117.288 E93.95619
G1 X121.335 Y115.327 E94.02415
G1 X121.596 Y115.051 E94.03679
G1 F2700 E89.03679
;MESH:screen.STL
G0 F9000 X120.969 Y114.459
G0 X120.568 Y114.886
G0 X119.997 Y116.834
G0 X117.065 Y129.3
G0 X116.2 Y129.3
;TYPE:WALL-OUTER
G1 F2700 E94.03679
G1 F600 X116.2 Y105.9 E94.81507
G1 F551.7 X116.234 Y105.734 E94.8212
G1 F549.2 X116.366 Y105.701 E94.82615
G1 F597 X118.6 Y105.7 E94.90082
G1 F553 X118.766 Y105.734 E94.90694
G1 X118.8 Y105.9 E94.91305
G1 F600 X118.8 Y108.3 E94.99288
G1 F2700 E89.99288
G0 F9000 X118.8 Y109.165
G0 X117.947 Y125.847
G0 X117.935 Y129.3
G0 X118.8 Y129.3
G1 F2700 E94.99288
G1 F600 X118.8 Y126.7 E95.07935
G1 F2700 E90.07935
;MESH:NONMESH
G0 F300 X118.8 Y126.7 Z5.88
G0 F9000 X118.8 Y125.835
G0 X119.863 Y117.291
G0 X120.505 Y115.093
G0 X121.347 Y115.339
;TIME_ELAPSED:346.231337
;LAYER:32
;note -- min layer time used
;TYPE:SUPPORT
G1 F2700 E95.07935
G1 F600 X122.827 Y113.782 E95.1508
G1 X124.861 Y113.212 E95.22106
G1 X126.896 Y113.782 E95.29135
G1 X128.373 Y115.339 E95.36273
G1 X128.94 Y117.286 E95.43017
G1 X128.369 Y119.323 E95.50054
G1 X126.895 Y120.797 E95.56987
G1 X124.858 Y121.367 E95.64022
G1 X122.914 Y120.798 E95.70759
G1 X121.35 Y119.238 E95.78107
G1 X120.777 Y117.287 E95.8487
G1 X121.347 Y115.339 E95.9162
G1 F2700 E90.9162
;MESH:screen.STL
G0 F9000 X120.52 Y115.098
G0 X120.003 Y116.875
G0 X117.065 Y129.3
G0 X116.2 Y129.3
;TYPE:WALL-OUTER
G1 F2700 E95.9162
G1 F600 X116.2 Y105.9 E96.69449
G1 F551.7 X116.234 Y105.734 E96.70062
G1 F549.2 X116.366 Y105.701 E96.70556
G1 F597 X118.6 Y105.7 E96.78024
G1 F553 X118.766 Y105.734 E96.78635
G1 X118.8 Y105.9 E96.79247
G1 F600 X118.8 Y108.3 E96.87229
G1 F2700 E91.87229
G0 F9000 X118.8 Y109.165
G0 X117.947 Y125.847
G0 X117.935 Y129.3
G0 X118.8 Y129.3
G1 F2700 E96.87229
G1 F600 X118.8 Y126.7 E96.95877
G1 F2700 E91.95877
;MESH:NONMESH
G0 F300 X118.8 Y126.7 Z6.08
G0 F9000 X118.8 Y125.835
G0 X119.882 Y117.291
G0 X120.564 Y114.948
G0 X121.493 Y115.218
;TIME_ELAPSED:354.332035
;LAYER:33
;note -- min layer time used
;TYPE:SUPPORT
G1 F2700 E96.95877
G1 F600 X122.836 Y113.802 E97.02368
G1 X124.86 Y113.232 E97.09362
G1 X126.884 Y113.802 E97.16355
G1 X128.353 Y115.351 E97.23456
G1 X128.919 Y117.286 E97.30161
G1 X128.349 Y119.315 E97.37171
G1 X126.883 Y120.781 E97.44067
G1 X124.858 Y121.348 E97.51061
G1 X122.922 Y120.782 E97.57769
G1 X121.37 Y119.23 E97.6507
G1 X120.797 Y117.287 E97.71807
G1 X121.367 Y115.351 E97.7852
G1 X121.493 Y115.218 E97.79129
G1 F2700 E92.79129
;MESH:screen.STL
G0 F9000 X120.584 Y114.953
G0 X120.031 Y116.847
G0 X117.065 Y129.3
G0 X116.2 Y129.3
;TYPE:WALL-OUTER
G1 F2700 E97.79129
G1 F600 X116.2 Y105.9 E98.56958
G1 F551.7 X116.234 Y105.734 E98.57571
G1 F549.2 X116.366 Y105.701 E98.58065
G1 F597 X118.6 Y105.7 E98.65532
G1 F553 X118.766 Y105.734 E98.66144
G1 X118.8 Y105.9 E98.66755
G1 F600 X118.8 Y108.3 E98.74738
G1 F2700 E93.74738
G0 F9000 X118.8 Y109.165
G0 X117.947 Y125.847
G0 X117.935 Y129.3
G0 X118.8 Y129.3
G1 F2700 E98.74738
G1 F600 X118.8 Y126.7 E98.83386
G1 F2700 E93.83386
;MESH:NONMESH
G0 F300 X118.8 Y126.7 Z6.28
G0 F9000 X118.8 Y125.835
G0 X119.902 Y117.291
G0 X120.538 Y115.112
G0 X121.383 Y115.359
;TIME_ELAPSED:362.419101
;LAYER:34
;note -- min layer time used
;TYPE:SUPPORT
G1 F2700 E98.83386
G1 F600 X122.844 Y113.818 E98.90448
G1 X124.86 Y113.252 E98.97413
G1 X126.876 Y113.818 E99.04377
G1 X128.337 Y115.359 E99.1144
G1 X128.9 Y117.286 E99.18117
G1 X128.333 Y119.303 E99.25086
G1 X126.875 Y120.765 E99.31953
G1 X124.858 Y121.328 E99.38918
G1 X122.93 Y120.766 E99.45598
G1 X121.386 Y119.218 E99.5287
G1 X120.817 Y117.287 E99.59565
G1 X121.383 Y115.359 E99.66248
G1 F2700 E94.66248
;MESH:screen.STL
G0 F9000 X120.554 Y115.118
G0 X120.041 Y116.878
G0 X117.065 Y129.3
G0 X116.2 Y129.3
;TYPE:WALL-OUTER
G1 F2700 E99.66248
G1 F600 X116.2 Y105.9 E100.44077
G1 F551.7 X116.234 Y105.734 E100.4469
G1 F549.2 X116.366 Y105.701 E100.45184
G1 F597 X118.6 Y105.7 E100.52652
G1 F553 X118.766 Y105.734 E100.53263
G1 X118.8 Y105.9 E100.53875
G1 F600 X118.8 Y108.3 E100.61857
G1 F2700 E95.61857
G0 F9000 X118.8 Y109.165
G0 X117.947 Y125.847
G0 X117.935 Y129.3
G0 X118.8 Y129.3
G1 F2700 E100.61857
G1 F600 X118.8 Y126.7 E100.70505
G1 F2700 E95.70505
;MESH:NONMESH
G0 F300 X118.8 Y126.7 Z6.48
G0 F9000 X118.8 Y125.835
G0 X119.921 Y117.291
G0 X120.615 Y114.915
G0 X120.919 Y114.592
G0 X121.559 Y115.198
;TIME_ELAPSED:370.498429
;LAYER:35
;note -- min layer time used
;TYPE:SUPPORT
G1 F2700 E100.70505
G1 F600 X122.852 Y113.834 E100.76756
G1 X124.86 Y113.272 E100.83691
G1 X126.868 Y113.834 E100.90626
G1 X128.317 Y115.363 E100.97633
G1 X128.879 Y117.286 E101.04296
G1 X128.317 Y119.295 E101.11235
G1 X126.867 Y120.745 E101.18055
G1 X124.858 Y121.308 E101.24994
G1 X122.942 Y120.75 E101.31632
G1 X121.402 Y119.21 E101.38876
G1 X120.837 Y117.288 E101.45539
G1 X121.403 Y115.363 E101.52212
G1 X121.559 Y115.198 E101.52967
G1 F2700 E96.52967
;MESH:screen.STL
G0 F9000 X120.635 Y114.923
G0 X120.073 Y116.841
G0 X117.065 Y129.3
G0 X116.2 Y129.3
;TYPE:WALL-OUTER
G1 F2700 E101.52967
G1 F600 X116.2 Y105.9 E102.30796
G1 F551.7 X116.234 Y105.734 E102.31409
G1 F549.2 X116.366 Y105.701 E102.31903
G1 F597 X118.6 Y105.7 E102.39371
G1 F553 X118.766 Y105.734 E102.39982
G1 X118.8 Y105.9 E102.40594
G1 F600 X118.8 Y108.3 E102.48576
G1 F2700 E97.48576
G0 F9000 X118.8 Y109.165
G0 X117.947 Y125.847
G0 X117.935 Y129.3
G0 X118.8 Y129.3
G1 F2700 E102.48576
G1 F600 X118.8 Y126.7 E102.57224
G1 F2700 E97.57224
;MESH:NONMESH
G0 F300 X118.8 Y126.7 Z6.68
G0 F9000 X118.8 Y125.835
G0 X119.941 Y117.291
G0 X120.629 Y114.936
G0 X121.574 Y115.212
;TIME_ELAPSED:378.570111
;LAYER:36
;note -- min layer time used
;TYPE:SUPPORT
G1 F2700 E102.57224
G1 F600 X122.864 Y113.85 E102.63463
G1 X124.86 Y113.292 E102.70357
G1 X126.856 Y113.85 E102.7725
G1 X128.305 Y115.379 E102.84256
G1 X128.86 Y117.286 E102.90862
G1 X128.301 Y119.283 E102.97759
G1 X126.855 Y120.729 E103.04561
G1 X124.858 Y121.291 E103.11461
G1 X122.95 Y120.734 E103.18072
G1 X121.418 Y119.202 E103.25278
G1 X120.857 Y117.287 E103.31915
G1 X121.415 Y115.379 E103.38527
G1 X121.574 Y115.212 E103.39294
G1 F2700 E98.39294
;MESH:screen.STL
G0 F9000 X120.648 Y114.934
G0 X120.091 Y116.843
G0 X117.065 Y129.3
G0 X116.2 Y129.3
;TYPE:WALL-OUTER
G1 F2700 E103.39294
G1 F600 X116.2 Y105.9 E104.17123
G1 F551.7 X116.234 Y105.734 E104.17735
G1 F549.2 X116.366 Y105.701 E104.1823
G1 F597 X118.6 Y105.7 E104.25697
G1 F553 X118.766 Y105.734 E104.26309
G1 X118.8 Y105.9 E104.2692
G1 F600 X118.8 Y108.3 E104.34903
G1 F2700 E99.34903
G0 F9000 X118.8 Y109.165
G0 X117.947 Y125.847
G0 X117.935 Y129.3
G0 X118.8 Y129.3
G1 F2700 E104.34903
G1 F600 X118.8 Y126.7 E104.4355
G1 F2700 E99.4355
;MESH:NONMESH
G0 F300 X118.8 Y126.7 Z6.88
G0 F9000 X118.8 Y125.835
G0 X119.96 Y117.291
G0 X120.592 Y115.118
G0 X121.453 Y115.368
;TIME_ELAPSED:386.623639
;LAYER:37
;note -- min layer time used
;TYPE:SUPPORT
G1 F2700 E104.4355
G1 F600 X122.876 Y113.87 E104.50422
G1 X124.861 Y113.312 E104.5728
G1 X126.845 Y113.87 E104.64135
G1 X128.289 Y115.387 E104.71101
G1 X128.84 Y117.286 E104.77678
G1 X128.285 Y119.275 E104.84546
G1 X126.847 Y120.713 E104.9131
G1 X124.858 Y121.268 E104.98178
G1 X122.958 Y120.714 E105.04761
G1 X121.434 Y119.19 E105.11929
G1 X120.877 Y117.289 E105.18518
G1 X121.435 Y115.387 E105.2511
G1 X121.453 Y115.368 E105.25197
G1 F2700 E100.25197
;MESH:screen.STL
G0 F9000 X120.613 Y115.123
G0 X120.1 Y116.879
G0 X117.065 Y129.3
G0 X116.2 Y129.3
;TYPE:WALL-OUTER
G1 F2700 E105.25197
G1 F600 X116.2 Y105.9 E106.03026
G1 F551.7 X116.234 Y105.734 E106.03639
G1 F549.2 X116.366 Y105.701 E106.04133
G1 F597 X118.6 Y105.7 E106.11601
G1 F553 X118.766 Y105.734 E106.12212
G1 X118.8 Y105.9 E106.12824
G1 F600 X118.8 Y108.3 E106.20806
G1 F2700 E101.20806
G0 F9000 X118.8 Y109.165
G0 X117.947 Y125.847
G0 X117.935 Y129.3
G0 X118.8 Y129.3
G1 F2700 E106.20806
G1 F600 X118.8 Y126.7 E106.29454
G1 F2700 E101.29454
;MESH:NONMESH
G0 F300 X118.8 Y126.7 Z7.08
G0 F9000 X118.8 Y125.835
G0 X119.98 Y117.291
G0 X120.667 Y114.944
G0 X121.011 Y114.579
G0 X121.651 Y115.184
;TIME_ELAPSED:394.669269
;LAYER:38
;note -- min layer time used
;TYPE:SUPPORT
G1 F2700 E106.29454
G1 F600 X122.88 Y113.886 E106.35399
G1 X124.861 Y113.328 E106.42244
G1 X126.84 Y113.886 E106.49083
G1 X128.269 Y115.391 E106.55986
G1 X128.823 Y117.286 E106.62552
G1 X128.269 Y119.267 E106.69394
G1 X126.835 Y120.697 E106.7613
G1 X124.858 Y121.251 E106.82959
G1 X122.97 Y120.698 E106.89502
G1 X121.45 Y119.182 E106.96642
G1 X120.897 Y117.289 E107.03201
G1 X121.455 Y115.391 E107.09781
G1 X121.651 Y115.184 E107.1073
G1 F2700 E102.1073
;MESH:screen.STL
G0 F9000 X121.023 Y114.591
G0 X120.685 Y114.951
G0 X120.13 Y116.846
G0 X117.065 Y129.3
G0 X116.2 Y129.3
;TYPE:WALL-OUTER
G1 F2700 E107.1073
G1 F600 X116.2 Y105.9 E107.88558
G1 F551.7 X116.234 Y105.734 E107.89171
G1 F549.2 X116.366 Y105.701 E107.89666
G1 F597 X118.6 Y105.7 E107.97133
G1 F553 X118.766 Y105.734 E107.97744
G1 X118.8 Y105.9 E107.98356
G1 F600 X118.8 Y108.3 E108.06338
G1 F2700 E103.06338
G0 F9000 X118.8 Y109.165
G0 X117.947 Y125.847
G0 X117.935 Y129.3
G0 X118.8 Y129.3
G1 F2700 E108.06338
G1 F600 X118.8 Y126.7 E108.14986
G1 F2700 E103.14986
;MESH:NONMESH
G0 F300 X118.8 Y126.7 Z7.28
G0 F9000 X118.8 Y125.835
G0 X119.999 Y117.291
G0 X120.635 Y115.114
G0 X121.504 Y115.368
;TIME_ELAPSED:402.703222
;LAYER:39
;note -- min layer time used
;TYPE:SUPPORT
G1 F2700 E108.14986
G1 F600 X122.896 Y113.902 E108.2171
G1 X124.861 Y113.348 E108.285
G1 X126.828 Y113.902 E108.35297
G1 X128.253 Y115.407 E108.42191
G1 X128.803 Y117.286 E108.48702
G1 X128.249 Y119.255 E108.55506
G1 X126.827 Y120.681 E108.62204
G1 X124.858 Y121.232 E108.69004
G1 X122.978 Y120.682 E108.75519
G1 X121.47 Y119.174 E108.82612
G1 X120.917 Y117.287 E108.89152
G1 X121.467 Y115.407 E108.95667
G1 X121.504 Y115.368 E108.95846
G1 F2700 E103.95846
;MESH:screen.STL
G0 F9000 X120.651 Y115.12
G0 X120.293 Y116.351
G0 X117.065 Y129.3
G0 X116.2 Y129.3
;TYPE:WALL-OUTER
G1 F2700 E108.95846
G1 F600 X116.2 Y105.9 E109.73675
G1 F551.7 X116.234 Y105.734 E109.74288
G1 F549.2 X116.366 Y105.701 E109.74782
G1 F597 X118.6 Y105.7 E109.8225
G1 F553 X118.766 Y105.734 E109.82861
G1 X118.8 Y105.9 E109.83473
G1 F600 X118.8 Y108.3 E109.91455
G1 F2700 E104.91455
G0 F9000 X118.8 Y109.165
G0 X117.947 Y125.847
G0 X117.935 Y129.3
G0 X118.8 Y129.3
G1 F2700 E109.91455
G1 F600 X118.8 Y126.7 E110.00103
G1 F2700 E105.00103
;MESH:NONMESH
G0 F300 X118.8 Y126.7 Z7.48
G0 F9000 X118.8 Y125.835
G0 X120.019 Y117.291
G0 X120.699 Y114.962
G0 X121.063 Y114.575
G0 X121.704 Y115.182
;TIME_ELAPSED:410.727078
;LAYER:40
;note -- min layer time used
;TYPE:SUPPORT
G1 F2700 E110.00103
G1 F600 X122.9 Y113.918 E110.05891
G1 X124.86 Y113.368 E110.12661
G1 X126.82 Y113.918 E110.19432
G1 X128.233 Y115.411 E110.26269
G1 X128.783 Y117.286 E110.32768
G1 X128.233 Y119.247 E110.39542
G1 X126.815 Y120.661 E110.46203
G1 X124.858 Y121.211 E110.52964
G1 X122.986 Y120.666 E110.59449
G1 X121.486 Y119.162 E110.66514
G1 X120.937 Y117.288 E110.73008
G1 X121.487 Y115.411 E110.79514
G1 X121.704 Y115.182 E110.80563
G1 F2700 E105.80563
;MESH:screen.STL
G0 F9000 X121.077 Y114.589
G0 X120.719 Y114.97
G0 X120.167 Y116.85
G0 X117.065 Y129.3
G0 X116.2 Y129.3
;TYPE:WALL-OUTER
G1 F2700 E110.80563
G1 F600 X116.2 Y105.9 E111.58392
G1 F551.7 X116.234 Y105.734 E111.59005
G1 F549.2 X116.366 Y105.701 E111.59499
G1 F597 X118.6 Y105.7 E111.66967
G1 F553 X118.766 Y105.734 E111.67578
G1 X118.8 Y105.9 E111.6819
G1 F600 X118.8 Y108.3 E111.76172
G1 F2700 E106.76172
G0 F9000 X118.8 Y109.165
G0 X117.947 Y125.847
G0 X117.935 Y129.3
G0 X118.8 Y129.3
G1 F2700 E111.76172
G1 F600 X118.8 Y126.7 E111.8482
G1 F2700 E106.8482
;MESH:NONMESH
G0 F300 X118.8 Y126.7 Z7.68
G0 F9000 X118.8 Y125.835
G0 X120.038 Y117.291
G0 X120.656 Y115.177
G0 X121.499 Y115.423
;TIME_ELAPSED:418.735549
;LAYER:41
;note -- min layer time used
;TYPE:SUPPORT
G1 F2700 E111.8482
G1 F600 X122.915 Y113.934 E111.91654
G1 X124.861 Y113.388 E111.98376
G1 X126.808 Y113.934 E112.05102
G1 X128.221 Y115.423 E112.11929
G1 X128.764 Y117.286 E112.18383
G1 X128.217 Y119.235 E112.25116
G1 X126.807 Y120.645 E112.31749
G1 X124.858 Y121.191 E112.38481
G1 X122.998 Y120.646 E112.44927
G1 X121.502 Y119.154 E112.51954
G1 X120.953 Y117.287 E112.58427
G1 X121.499 Y115.423 E112.64887
G1 F2700 E107.64887
;MESH:screen.STL
G0 F9000 X120.673 Y115.182
G0 X120.324 Y116.378
G0 X117.065 Y129.3
G0 X116.2 Y129.3
;TYPE:WALL-OUTER
G1 F2700 E112.64887
G1 F600 X116.2 Y105.9 E113.42716
G1 F551.7 X116.234 Y105.734 E113.43329
G1 F549.2 X116.366 Y105.701 E113.43823
G1 F597 X118.6 Y105.7 E113.51291
G1 F553 X118.766 Y105.734 E113.51902
G1 X118.8 Y105.9 E113.52514
G1 F600 X118.8 Y108.3 E113.60496
G1 F2700 E108.60496
G0 F9000 X118.8 Y109.165
G0 X117.947 Y125.847
G0 X117.935 Y129.3
G0 X118.8 Y129.3
G1 F2700 E113.60496
G1 F600 X118.8 Y126.7 E113.69144
G1 F2700 E108.69144
;MESH:NONMESH
G0 F300 X118.8 Y126.7 Z7.88
G0 F9000 X118.8 Y125.835
G0 X120.058 Y117.291
G0 X120.697 Y115.102
G0 X121.585 Y115.361
;TIME_ELAPSED:426.722997
;LAYER:42
;note -- min layer time used
;TYPE:SUPPORT
G1 F2700 E113.69144
G1 F600 X122.924 Y113.95 E113.75613
G1 X124.86 Y113.408 E113.823
G1 X126.796 Y113.95 E113.88987
G1 X128.205 Y115.435 E113.95795
G1 X128.744 Y117.286 E114.02208
G1 X128.201 Y119.227 E114.08911
G1 X126.799 Y120.629 E114.15506
G1 X124.858 Y121.172 E114.2221
G1 X123.006 Y120.63 E114.28628
G1 X121.518 Y119.146 E114.35617
G1 X120.973 Y117.287 E114.42061
G1 X121.515 Y115.435 E114.48479
G1 X121.585 Y115.361 E114.48818
G1 F2700 E109.48818
;MESH:screen.STL
G0 F9000 X120.713 Y115.107
G0 X120.353 Y116.345
G0 X117.065 Y129.3
G0 X116.2 Y129.3
;TYPE:WALL-OUTER
G1 F2700 E114.48818
G1 F600 X116.2 Y105.9 E115.26646
G1 F551.7 X116.234 Y105.734 E115.27259
G1 F549.2 X116.366 Y105.701 E115.27754
G1 F597 X118.6 Y105.7 E115.35221
G1 F553 X118.766 Y105.734 E115.35833
G1 X118.8 Y105.9 E115.36444
G1 F600 X118.8 Y108.3 E115.44426
G1 F2700 E110.44426
G0 F9000 X118.8 Y109.165
G0 X117.947 Y125.847
G0 X117.935 Y129.3
G0 X118.8 Y129.3
G1 F2700 E115.44426
G1 F600 X118.8 Y126.7 E115.53074
G1 F2700 E110.53074
;MESH:NONMESH
G0 F300 X118.8 Y126.7 Z8.08
G0 F9000 X118.8 Y125.835
G0 X120.077 Y117.291
G0 X120.749 Y114.99
G0 X121.157 Y114.557
G0 X121.799 Y115.165
;TIME_ELAPSED:434.714922
;LAYER:43
;note -- min layer time used
;TYPE:SUPPORT
G1 F2700 E115.53074
G1 F600 X122.928 Y113.97 E115.58542
G1 X124.861 Y113.428 E115.65219
G1 X126.792 Y113.97 E115.7189
G1 X128.185 Y115.439 E115.78623
G1 X128.723 Y117.286 E115.85022
G1 X128.185 Y119.215 E115.91682
G1 X126.787 Y120.613 E115.98258
G1 X124.858 Y121.152 E116.0492
G1 X123.014 Y120.614 E116.11309
G1 X121.534 Y119.134 E116.1827
G1 X120.993 Y117.289 E116.24665
G1 X121.539 Y115.439 E116.31081
G1 X121.799 Y115.165 E116.32337
G1 F2700 E111.32337
;MESH:screen.STL
G0 F9000 X121.17 Y114.571
G0 X120.769 Y114.998
G0 X120.388 Y116.299
G0 X117.065 Y129.3
G0 X116.2 Y129.3
;TYPE:WALL-OUTER
G1 F2700 E116.32337
G1 F600 X116.2 Y105.9 E117.10166
G1 F551.7 X116.234 Y105.734 E117.10778
G1 F549.2 X116.366 Y105.701 E117.11273
G1 F597 X118.6 Y105.7 E117.1874
G1 F553 X118.766 Y105.734 E117.19352
G1 X118.8 Y105.9 E117.19963
G1 F600 X118.8 Y108.3 E117.27946
G1 F2700 E112.27946
G0 F9000 X118.8 Y109.165
G0 X117.947 Y125.847
G0 X117.935 Y129.3
G0 X118.8 Y129.3
G1 F2700 E117.27946
G1 F600 X118.8 Y126.7 E117.36593
G1 F2700 E112.36593
;MESH:NONMESH
G0 F300 X118.8 Y126.7 Z8.28
G0 F9000 X118.8 Y125.835
G0 X120.097 Y117.291
G0 X120.707 Y115.204
G0 X121.551 Y115.451
;TIME_ELAPSED:442.689771
;LAYER:44
;note -- min layer time used
;TYPE:SUPPORT
G1 F2700 E117.36593
G1 F600 X122.944 Y113.986 E117.43317
G1 X124.86 Y113.448 E117.49936
G1 X126.776 Y113.986 E117.56555
G1 X128.169 Y115.451 E117.63279
G1 X128.704 Y117.286 E117.69636
G1 X128.165 Y119.207 E117.76272
G1 X126.779 Y120.597 E117.82801
G1 X124.858 Y121.132 E117.89434
G1 X123.026 Y120.598 E117.9578
G1 X121.554 Y119.126 E118.02704
G1 X121.013 Y117.287 E118.0908
G1 X121.551 Y115.451 E118.15443
G1 F2700 E113.15443
;MESH:screen.STL
G0 F9000 X120.723 Y115.21
G0 X120.379 Y116.39
G0 X117.065 Y129.3
G0 X116.2 Y129.3
;TYPE:WALL-OUTER
G1 F2700 E118.15443
G1 F600 X116.2 Y105.9 E118.93272
G1 F551.7 X116.234 Y105.734 E118.93885
G1 F549.2 X116.366 Y105.701 E118.94379
G1 F597 X118.6 Y105.7 E119.01847
G1 F553 X118.766 Y105.734 E119.02458
G1 X118.8 Y105.9 E119.0307
G1 F600 X118.8 Y108.3 E119.11052
G1 F2700 E114.11052
G0 F9000 X118.8 Y109.165
G0 X117.947 Y125.847
G0 X117.935 Y129.3
G0 X118.8 Y129.3
G1 F2700 E119.11052
G1 F600 X118.8 Y126.7 E119.197
G1 F2700 E114.197
;MESH:NONMESH
G0 F300 X118.8 Y126.7 Z8.48
G0 F9000 X118.8 Y125.835
G0 X120.116 Y117.291
G0 X120.761 Y115.08
G0 X121.677 Y115.347
;TIME_ELAPSED:450.642171
;LAYER:45
;note -- min layer time used
;TYPE:SUPPORT
G1 F2700 E119.197
G1 F600 X122.952 Y114.002 E119.25864
G1 X124.86 Y113.468 E119.32454
G1 X126.768 Y114.002 E119.39044
G1 X128.153 Y115.463 E119.45739
G1 X128.684 Y117.286 E119.52055
G1 X128.149 Y119.195 E119.58649
G1 X126.767 Y120.577 E119.65149
G1 X124.858 Y121.112 E119.71743
G1 X123.034 Y120.582 E119.78061
G1 X121.57 Y119.114 E119.84956
G1 X121.033 Y117.287 E119.9129
G1 X121.567 Y115.463 E119.97611
G1 X121.677 Y115.347 E119.98143
G1 F2700 E114.98143
;MESH:screen.STL
G0 F9000 X120.78 Y115.085
G0 X120.415 Y116.335
G0 X117.065 Y129.3
G0 X116.2 Y129.3
;TYPE:WALL-OUTER
G1 F2700 E119.98143
G1 F600 X116.2 Y105.9 E120.75972
G1 F551.7 X116.234 Y105.734 E120.76585
G1 F549.2 X116.366 Y105.701 E120.77079
G1 F597 X118.6 Y105.7 E120.84546
G1 F553 X118.766 Y105.734 E120.85158
G1 X118.8 Y105.9 E120.85769
G1 F600 X118.8 Y108.3 E120.93752
G1 F2700 E115.93752
G0 F9000 X118.8 Y109.165
G0 X117.947 Y125.847
G0 X117.935 Y129.3
G0 X118.8 Y129.3
G1 F2700 E120.93752
G1 F600 X118.8 Y126.7 E121.02399
G1 F2700 E116.02399
;MESH:NONMESH
G0 F300 X118.8 Y126.7 Z8.68
G0 F9000 X118.8 Y125.835
G0 X120.136 Y117.291
G0 X120.787 Y115.06
G0 X121.716 Y115.331
;TIME_ELAPSED:458.587967
;LAYER:46
;note -- min layer time used
;TYPE:SUPPORT
G1 F2700 E121.02399
G1 F600 X122.96 Y114.018 E121.08415
G1 X124.861 Y113.484 E121.14983
G1 X126.764 Y114.018 E121.21557
G1 X128.133 Y115.467 E121.28187
G1 X128.667 Y117.286 E121.34492
G1 X128.133 Y119.187 E121.4106
G1 X126.759 Y120.561 E121.47523
G1 X124.858 Y121.096 E121.54091
G1 X123.042 Y120.566 E121.60383
G1 X121.586 Y119.106 E121.67241
G1 X121.053 Y117.288 E121.73542
G1 X121.587 Y115.467 E121.79854
G1 X121.716 Y115.331 E121.80477
G1 F2700 E116.80477
;MESH:screen.STL
G0 F9000 X120.806 Y115.065
G0 X120.437 Y116.327
G0 X117.065 Y129.3
G0 X116.2 Y129.3
;TYPE:WALL-OUTER
G1 F2700 E121.80477
G1 F600 X116.2 Y105.9 E122.58306
G1 F551.7 X116.234 Y105.734 E122.58919
G1 F549.2 X116.366 Y105.701 E122.59413
G1 F597 X118.6 Y105.7 E122.66881
G1 F553 X118.766 Y105.734 E122.67492
G1 X118.8 Y105.9 E122.68104
G1 F600 X118.8 Y108.3 E122.76086
G1 F2700 E117.76086
G0 F9000 X118.8 Y109.165
G0 X117.947 Y125.847
G0 X117.935 Y129.3
G0 X118.8 Y129.3
G1 F2700 E122.76086
G1 F600 X118.8 Y126.7 E122.84734
G1 F2700 E117.84734
;MESH:NONMESH
G0 F300 X118.8 Y126.7 Z8.88
G0 F9000 X118.8 Y125.835
G0 X120.155 Y117.291
G0 X120.756 Y115.233
G0 X121.599 Y115.479
;TIME_ELAPSED:466.517270
;LAYER:47
;note -- min layer time used
;TYPE:SUPPORT
G1 F2700 E122.84734
G1 F600 X122.972 Y114.034 E122.91363
G1 X124.86 Y113.504 E122.97886
G1 X126.748 Y114.034 E123.04408
G1 X128.121 Y115.479 E123.11038
G1 X128.648 Y117.286 E123.17298
G1 X128.117 Y119.179 E123.23837
G1 X126.747 Y120.545 E123.30272
G1 X124.858 Y121.075 E123.36797
G1 X123.054 Y120.546 E123.4305
G1 X121.602 Y119.098 E123.49871
G1 X121.073 Y117.287 E123.56146
G1 X121.599 Y115.479 E123.62408
G1 F2700 E118.62408
;MESH:screen.STL
G0 F9000 X120.772 Y115.239
G0 X120.434 Y116.402
G0 X117.065 Y129.3
G0 X116.2 Y129.3
;TYPE:WALL-OUTER
G1 F2700 E123.62408
G1 F600 X116.2 Y105.9 E124.40237
G1 F551.7 X116.234 Y105.734 E124.4085
G1 F549.2 X116.366 Y105.701 E124.41344
G1 F597 X118.6 Y105.7 E124.48812
G1 F553 X118.766 Y105.734 E124.49423
G1 X118.8 Y105.9 E124.50035
G1 F600 X118.8 Y108.3 E124.58017
G1 F2700 E119.58017
G0 F9000 X118.8 Y109.165
G0 X117.947 Y125.847
G0 X117.935 Y129.3
G0 X118.8 Y129.3
G1 F2700 E124.58017
G1 F600 X118.8 Y126.7 E124.66665
G1 F2700 E119.66665
;MESH:NONMESH
G0 F300 X118.8 Y126.7 Z9.08
G0 F9000 X118.8 Y125.835
G0 X120.175 Y117.291
G0 X120.771 Y115.244
G0 X121.619 Y115.491
;TIME_ELAPSED:474.428700
;LAYER:48
;note -- min layer time used
;TYPE:SUPPORT
G1 F2700 E124.66665
G1 F600 X122.984 Y114.054 E124.73257
G1 X124.861 Y113.524 E124.79744
G1 X126.74 Y114.054 E124.86237
G1 X128.105 Y115.491 E124.92829
G1 X128.628 Y117.286 E124.99048
G1 X128.101 Y119.167 E125.05545
G1 X126.739 Y120.529 E125.11952
G1 X124.858 Y121.055 E125.18448
G1 X123.062 Y120.53 E125.24671
G1 X121.618 Y119.09 E125.31454
G1 X121.089 Y117.289 E125.37697
G1 X121.619 Y115.491 E125.43932
G1 F2700 E120.43932
;MESH:screen.STL
G0 F9000 X120.789 Y115.249
G0 X120.452 Y116.407
G0 X117.065 Y129.3
G0 X116.2 Y129.3
;TYPE:WALL-OUTER
G1 F2700 E125.43932
G1 F600 X116.2 Y105.9 E126.2176
G1 F551.7 X116.234 Y105.734 E126.22373
G1 F549.2 X116.366 Y105.701 E126.22868
G1 F597 X118.6 Y105.7 E126.30335
G1 F553 X118.766 Y105.734 E126.30947
G1 X118.8 Y105.9 E126.31558
G1 F600 X118.8 Y108.3 E126.39541
G1 F2700 E121.39541
G0 F9000 X118.8 Y109.165
G0 X117.947 Y125.847
G0 X117.935 Y129.3
G0 X118.8 Y129.3
G1 F2700 E126.39541
G1 F600 X118.8 Y126.7 E126.48188
G1 F2700 E121.48188
;MESH:NONMESH
G0 F300 X118.8 Y126.7 Z9.28
G0 F9000 X118.8 Y125.835
G0 X120.194 Y117.291
G0 X120.788 Y115.252
G0 X121.635 Y115.499
;TIME_ELAPSED:482.327838
;LAYER:49
;note -- min layer time used
;TYPE:SUPPORT
G1 F2700 E126.48188
G1 F600 X122.992 Y114.07 E126.54743
G1 X124.86 Y113.544 E126.61197
G1 X126.728 Y114.07 E126.67652
G1 X128.085 Y115.499 E126.74206
G1 X128.607 Y117.286 E126.80398
G1 X128.081 Y119.159 E126.86869
G1 X126.727 Y120.513 E126.93238
G1 X124.858 Y121.036 E126.99693
G1 X123.07 Y120.514 E127.05888
G1 X121.638 Y119.078 E127.12633
G1 X121.109 Y117.287 E127.18844
G1 X121.635 Y115.499 E127.25043
G1 F2700 E122.25043
;MESH:screen.STL
G0 F9000 X120.807 Y115.258
G0 X120.639 Y115.834
G0 X117.065 Y129.3
G0 X116.2 Y129.3
;TYPE:WALL-OUTER
G1 F2700 E127.25043
G1 F600 X116.2 Y105.9 E128.02872
G1 F551.7 X116.234 Y105.734 E128.03485
G1 F549.2 X116.366 Y105.701 E128.03979
G1 F597 X118.6 Y105.7 E128.11447
G1 F553 X118.766 Y105.734 E128.12058
G1 X118.8 Y105.9 E128.1267
G1 F600 X118.8 Y108.3 E128.20652
G1 F2700 E123.20652
G0 F9000 X118.8 Y109.165
G0 X117.947 Y125.847
G0 X117.935 Y129.3
G0 X118.8 Y129.3
G1 F2700 E128.20652
G1 F600 X118.8 Y126.7 E128.293
G1 F2700 E123.293
;MESH:NONMESH
G0 F300 X118.8 Y126.7 Z9.48
G0 F9000 X118.8 Y125.835
G0 X120.214 Y117.291
G0 X120.81 Y115.248
G0 X121.661 Y115.496
;TIME_ELAPSED:490.214679
;LAYER:50
;note -- min layer time used
;TYPE:SUPPORT
G1 F2700 E128.293
G1 F600 X123 Y114.086 E128.35767
G1 X124.86 Y113.564 E128.42193
G1 X126.72 Y114.086 E128.48618
G1 X128.069 Y115.507 E128.55135
G1 X128.588 Y117.286 E128.61298
G1 X128.065 Y119.147 E128.67728
G1 X126.719 Y120.497 E128.74069
G1 X124.858 Y121.016 E128.80494
G1 X123.082 Y120.498 E128.86648
G1 X121.654 Y119.07 E128.93364
G1 X121.129 Y117.287 E128.99546
G1 X121.651 Y115.507 E129.05716
G1 X121.661 Y115.496 E129.05766
G1 F2700 E124.05766
;MESH:screen.STL
G0 F9000 X120.826 Y115.253
G0 X119.194 Y121.26
G0 X117.065 Y129.3
G0 X116.2 Y129.3
;TYPE:WALL-OUTER
G1 F2700 E129.05766
G1 F600 X116.2 Y105.9 E129.83594
G1 F551.7 X116.234 Y105.734 E129.84207
G1 F549.2 X116.366 Y105.701 E129.84702
G1 F597 X118.6 Y105.7 E129.92169
G1 F553 X118.766 Y105.734 E129.92781
G1 X118.8 Y105.9 E129.93392
G1 F600 X118.8 Y108.3 E130.01374
G1 F2700 E125.01374
G0 F9000 X118.8 Y109.165
G0 X117.947 Y125.847
G0 X117.935 Y129.3
G0 X118.8 Y129.3
G1 F2700 E130.01374
G1 F600 X118.8 Y126.7 E130.10022
G1 F2700 E125.10022
;MESH:NONMESH
G0 F300 X118.8 Y126.7 Z9.68
G0 F9000 X118.8 Y125.835
G0 X120.233 Y117.291
G0 X120.883 Y115.065
G0 X121.224 Y114.703
G0 X121.865 Y115.31
;TIME_ELAPSED:498.102151
;LAYER:51
;note -- min layer time used
;TYPE:SUPPORT
G1 F2700 E130.10022
G1 F600 X123.008 Y114.102 E130.15553
G1 X124.86 Y113.584 E130.2195
G1 X126.712 Y114.102 E130.28346
G1 X128.049 Y115.515 E130.34816
G1 X128.567 Y117.286 E130.40953
G1 X128.049 Y119.139 E130.47352
G1 X126.711 Y120.477 E130.53646
G1 X124.858 Y120.996 E130.60046
G1 X123.09 Y120.482 E130.6617
G1 X121.67 Y119.058 E130.72859
G1 X121.149 Y117.288 E130.78995
G1 X121.671 Y115.515 E130.85143
G1 X121.865 Y115.31 E130.86081
G1 F2700 E125.86081
;MESH:screen.STL
G0 F9000 X121.237 Y114.717
G0 X120.903 Y115.073
G0 X120.253 Y117.291
G0 X117.065 Y129.3
G0 X116.2 Y129.3
;TYPE:WALL-OUTER
G1 F2700 E130.86081
G1 F600 X116.2 Y105.9 E131.6391
G1 F551.7 X116.234 Y105.734 E131.64523
G1 F549.2 X116.366 Y105.701 E131.65018
G1 F597 X118.6 Y105.7 E131.72485
G1 F553 X118.766 Y105.734 E131.73096
G1 X118.8 Y105.9 E131.73708
G1 F600 X118.8 Y108.3 E131.8169
G1 F2700 E126.8169
G0 F9000 X118.8 Y109.165
G0 X117.947 Y125.847
G0 X117.935 Y129.3
G0 X118.8 Y129.3
G1 F2700 E131.8169
G1 F600 X118.8 Y126.7 E131.90338
G1 F2700 E126.90338
;MESH:NONMESH
G0 F300 X118.8 Y126.7 Z9.88
G0 F9000 X118.8 Y125.835
G0 X120.253 Y117.291
G0 X120.851 Y115.242
G0 X121.714 Y115.494
;TIME_ELAPSED:505.976439
;LAYER:52
;note -- min layer time used
;TYPE:SUPPORT
G1 F2700 E131.90338
G1 F600 X123.02 Y114.118 E131.96648
G1 X124.86 Y113.604 E132.03002
G1 X126.7 Y114.118 E132.09356
G1 X128.037 Y115.527 E132.15817
G1 X128.548 Y117.286 E132.21909
G1 X128.033 Y119.127 E132.28267
G1 X126.699 Y120.461 E132.34542
G1 X124.858 Y120.976 E132.409
G1 X123.098 Y120.462 E132.46998
G1 X121.686 Y119.05 E132.5364
G1 X121.169 Y117.287 E132.59751
G1 X121.683 Y115.527 E132.65849
G1 X121.714 Y115.494 E132.66
G1 F2700 E127.66
;MESH:screen.STL
G0 F9000 X120.868 Y115.247
G0 X118.502 Y123.833
G0 X117.065 Y129.3
G0 X116.2 Y129.3
;TYPE:WALL-OUTER
G1 F2700 E132.66
G1 F600 X116.2 Y105.9 E133.43828
G1 F551.7 X116.234 Y105.734 E133.44441
G1 F549.2 X116.366 Y105.701 E133.44936
G1 F597 X118.6 Y105.7 E133.52403
G1 F553 X118.766 Y105.734 E133.53015
G1 X118.8 Y105.9 E133.53626
G1 F600 X118.8 Y108.3 E133.61609
G1 F2700 E128.61609
G0 F9000 X118.8 Y109.165
G0 X117.947 Y125.847
G0 X117.935 Y129.3
G0 X118.8 Y129.3
G1 F2700 E133.61609
G1 F600 X118.8 Y126.7 E133.70256
G1 F2700 E128.70256
;MESH:NONMESH
G0 F300 X118.8 Y126.7 Z10.08
G0 F9000 X118.8 Y125.835
G0 X120.272 Y117.291
G0 X120.856 Y115.288
G0 X121.703 Y115.535
;TIME_ELAPSED:513.828156
;LAYER:53
;note -- min layer time used
;TYPE:SUPPORT
G1 F2700 E133.70256
G1 F600 X123.031 Y114.138 E133.76667
G1 X124.861 Y113.624 E133.82989
G1 X126.689 Y114.138 E133.89305
G1 X128.021 Y115.535 E133.95725
G1 X128.528 Y117.286 E134.01788
G1 X128.017 Y119.119 E134.08117
G1 X126.691 Y120.445 E134.14354
G1 X124.858 Y120.959 E134.20686
G1 X123.11 Y120.446 E134.26745
G1 X121.702 Y119.042 E134.33358
G1 X121.189 Y117.289 E134.39433
G1 X121.703 Y115.535 E134.45512
G1 F2700 E129.45512
;MESH:screen.STL
G0 F9000 X120.873 Y115.294
G0 X118.503 Y123.842
G0 X117.065 Y129.3
G0 X116.2 Y129.3
;TYPE:WALL-OUTER
G1 F2700 E134.45512
G1 F600 X116.2 Y105.9 E135.23341
G1 F551.7 X116.234 Y105.734 E135.23954
G1 F549.2 X116.366 Y105.701 E135.24449
G1 F597 X118.6 Y105.7 E135.31916
G1 F553 X118.766 Y105.734 E135.32527
G1 X118.8 Y105.9 E135.33139
G1 F600 X118.8 Y108.3 E135.41121
G1 F2700 E130.41121
G0 F9000 X118.8 Y109.165
G0 X117.947 Y125.847
G0 X117.935 Y129.3
G0 X118.8 Y129.3
G1 F2700 E135.41121
G1 F600 X118.8 Y126.7 E135.49769
G1 F2700 E130.49769
;MESH:NONMESH
G0 F300 X118.8 Y126.7 Z10.28
G0 F9000 X118.8 Y125.835
G0 X120.292 Y117.291
G0 X120.934 Y115.093
G0 X121.322 Y114.682
G0 X121.963 Y115.289
;TIME_ELAPSED:521.681465
;LAYER:54
;note -- min layer time used
;TYPE:SUPPORT
G1 F2700 E135.49769
G1 F600 X123.036 Y114.154 E135.54964
G1 X124.861 Y113.64 E135.6127
G1 X126.684 Y114.154 E135.6757
G1 X128.001 Y115.543 E135.73936
G1 X128.511 Y117.286 E135.79976
G1 X128.001 Y119.111 E135.86279
G1 X126.679 Y120.429 E135.92488
G1 X124.858 Y120.939 E135.98778
G1 X123.118 Y120.43 E136.04807
G1 X121.718 Y119.03 E136.11393
G1 X121.209 Y117.289 E136.17426
G1 X121.723 Y115.543 E136.23479
G1 X121.963 Y115.289 E136.24641
G1 F2700 E131.24641
;MESH:screen.STL
G0 F9000 X121.334 Y114.695
G0 X120.953 Y115.101
G0 X118.519 Y123.805
G0 X117.065 Y129.3
G0 X116.2 Y129.3
;TYPE:WALL-OUTER
G1 F2700 E136.24641
G1 F600 X116.2 Y105.9 E137.0247
G1 F551.7 X116.234 Y105.734 E137.03083
G1 F549.2 X116.366 Y105.701 E137.03577
G1 F597 X118.6 Y105.7 E137.11045
G1 F553 X118.766 Y105.734 E137.11656
G1 X118.8 Y105.9 E137.12268
G1 F600 X118.8 Y108.3 E137.2025
G1 F2700 E132.2025
G0 F9000 X118.8 Y109.165
G0 X117.947 Y125.847
G0 X117.935 Y129.3
G0 X118.8 Y129.3
G1 F2700 E137.2025
G1 F600 X118.8 Y126.7 E137.28898
G1 F2700 E132.28898
;MESH:NONMESH
G0 F300 X118.8 Y126.7 Z10.48
G0 F9000 X118.8 Y125.835
G0 X120.311 Y117.291
G0 X120.89 Y115.308
G0 X121.735 Y115.555
;TIME_ELAPSED:529.522281
;LAYER:55
;note -- min layer time used
;TYPE:SUPPORT
G1 F2700 E137.28898
G1 F600 X123.052 Y114.17 E137.35255
G1 X124.861 Y113.66 E137.41506
G1 X126.672 Y114.17 E137.47764
G1 X127.985 Y115.555 E137.54111
G1 X128.488 Y117.286 E137.60107
G1 X127.981 Y119.099 E137.66368
G1 X126.671 Y120.409 E137.7253
G1 X124.858 Y120.919 E137.78794
G1 X123.126 Y120.414 E137.84795
G1 X121.738 Y119.022 E137.91333
G1 X121.229 Y117.287 E137.97347
G1 X121.735 Y115.555 E138.03348
G1 F2700 E133.03348
;MESH:screen.STL
G0 F9000 X120.908 Y115.314
G0 X118.51 Y123.846
G0 X117.065 Y129.3
G0 X116.2 Y129.3
;TYPE:WALL-OUTER
G1 F2700 E138.03348
G1 F600 X116.2 Y105.9 E138.81177
G1 F551.7 X116.234 Y105.734 E138.8179
G1 F549.2 X116.366 Y105.701 E138.82284
G1 F597 X118.6 Y105.7 E138.89751
G1 F553 X118.766 Y105.734 E138.90363
G1 X118.8 Y105.9 E138.90974
G1 F600 X118.8 Y108.3 E138.98957
G1 F2700 E133.98957
G0 F9000 X118.8 Y109.165
G0 X117.947 Y125.847
G0 X117.935 Y129.3
G0 X118.8 Y129.3
G1 F2700 E138.98957
G1 F600 X118.8 Y126.7 E139.07605
G1 F2700 E134.07605
;MESH:NONMESH
G0 F300 X118.8 Y126.7 Z10.68
G0 F9000 X118.8 Y125.835
G0 X120.331 Y117.291
G0 X120.907 Y115.317
G0 X121.751 Y115.563
;TIME_ELAPSED:537.335553
;LAYER:56
;note -- min layer time used
;TYPE:SUPPORT
G1 F2700 E139.07605
G1 F600 X123.06 Y114.186 E139.13924
G1 X124.86 Y113.68 E139.20142
G1 X126.66 Y114.186 E139.26361
G1 X127.969 Y115.563 E139.3268
G1 X128.471 Y117.286 E139.38649
G1 X127.965 Y119.091 E139.44884
G1 X126.659 Y120.393 E139.51018
G1 X124.858 Y120.9 E139.57241
G1 X123.138 Y120.398 E139.632
G1 X121.754 Y119.014 E139.6971
G1 X121.245 Y117.287 E139.75699
G1 X121.751 Y115.563 E139.81674
G1 F2700 E134.81674
;MESH:screen.STL
G0 F9000 X120.924 Y115.322
G0 X118.513 Y123.847
G0 X117.065 Y129.3
G0 X116.2 Y129.3
;TYPE:WALL-OUTER
G1 F2700 E139.81674
G1 F600 X116.2 Y105.9 E140.59503
G1 F551.7 X116.234 Y105.734 E140.60116
G1 F549.2 X116.366 Y105.701 E140.6061
G1 F597 X118.6 Y105.7 E140.68078
G1 F553 X118.766 Y105.734 E140.68689
G1 X118.8 Y105.9 E140.69301
G1 F600 X118.8 Y108.3 E140.77283
G1 F2700 E135.77283
G0 F9000 X118.8 Y109.165
G0 X117.947 Y125.847
G0 X117.935 Y129.3
G0 X118.8 Y129.3
G1 F2700 E140.77283
G1 F600 X118.8 Y126.7 E140.85931
G1 F2700 E135.85931
;MESH:NONMESH
G0 F300 X118.8 Y126.7 Z10.88
G0 F9000 X118.8 Y125.835
G0 X120.35 Y117.291
G0 X120.922 Y115.329
G0 X121.767 Y115.575
;TIME_ELAPSED:545.137253
;LAYER:57
;note -- min layer time used
;TYPE:SUPPORT
G1 F2700 E140.85931
G1 F600 X123.072 Y114.202 E140.92231
G1 X124.861 Y113.7 E140.98411
G1 X126.652 Y114.202 E141.04598
G1 X127.953 Y115.575 E141.10889
G1 X128.452 Y117.286 E141.16817
G1 X127.949 Y119.079 E141.23011
G1 X126.651 Y120.377 E141.29116
G1 X124.858 Y120.879 E141.35309
G1 X123.146 Y120.378 E141.41242
G1 X121.77 Y119.002 E141.47714
G1 X121.265 Y117.287 E141.5366
G1 X121.767 Y115.575 E141.59594
G1 F2700 E136.59594
;MESH:screen.STL
G0 F9000 X120.94 Y115.334
G0 X118.246 Y124.796
G0 X117.065 Y129.3
G0 X116.2 Y129.3
;TYPE:WALL-OUTER
G1 F2700 E141.59594
G1 F600 X116.2 Y105.9 E142.37423
G1 F551.7 X116.234 Y105.734 E142.38036
G1 F549.2 X116.366 Y105.701 E142.3853
G1 F597 X118.6 Y105.7 E142.45998
G1 F553 X118.766 Y105.734 E142.46609
G1 X118.8 Y105.9 E142.47221
G1 F600 X118.8 Y108.3 E142.55203
G1 F2700 E137.55203
G0 F9000 X118.8 Y109.165
G0 X117.947 Y125.847
G0 X117.935 Y129.3
G0 X118.8 Y129.3
G1 F2700 E142.55203
G1 F600 X118.8 Y126.7 E142.63851
G1 F2700 E137.63851
;MESH:NONMESH
G0 F300 X118.8 Y126.7 Z11.08
G0 F9000 X118.8 Y125.835
G0 X120.37 Y117.291
G0 X120.939 Y115.337
G0 X121.783 Y115.583
;TIME_ELAPSED:552.926569
;LAYER:58
;note -- min layer time used
;TYPE:SUPPORT
G1 F2700 E142.63851
G1 F600 X123.079 Y114.218 E142.70111
G1 X124.86 Y113.72 E142.76262
G1 X126.641 Y114.218 E142.82413
G1 X127.937 Y115.583 E142.88673
G1 X128.432 Y117.286 E142.94572
G1 X127.933 Y119.071 E143.00736
G1 X126.643 Y120.361 E143.06804
G1 X124.858 Y120.86 E143.12969
G1 X123.154 Y120.362 E143.18873
G1 X121.786 Y118.994 E143.25308
G1 X121.285 Y117.287 E143.31225
G1 X121.783 Y115.583 E143.37129
G1 F2700 E138.37129
;MESH:screen.STL
G0 F9000 X120.956 Y115.342
G0 X118.248 Y124.796
G0 X117.065 Y129.3
G0 X116.2 Y129.3
;TYPE:WALL-OUTER
G1 F2700 E143.37129
G1 F600 X116.2 Y105.9 E144.14958
G1 F551.7 X116.234 Y105.734 E144.15571
G1 F549.2 X116.366 Y105.701 E144.16066
G1 F597 X118.6 Y105.7 E144.23533
G1 F553 X118.766 Y105.734 E144.24144
G1 X118.8 Y105.9 E144.24756
G1 F600 X118.8 Y108.3 E144.32738
G1 F2700 E139.32738
G0 F9000 X118.8 Y109.165
G0 X117.947 Y125.847
G0 X117.935 Y129.3
G0 X118.8 Y129.3
G1 F2700 E144.32738
G1 F600 X118.8 Y126.7 E144.41386
G1 F2700 E139.41386
;MESH:NONMESH
G0 F300 X118.8 Y126.7 Z11.28
G0 F9000 X118.8 Y125.835
G0 X120.389 Y117.291
G0 X121.008 Y115.164
G0 X121.948 Y115.438
;TIME_ELAPSED:560.711181
;LAYER:59
;note -- min layer time used
;TYPE:SUPPORT
G1 F2700 E144.41386
G1 F600 X123.084 Y114.238 E144.46882
G1 X124.859 Y113.74 E144.53014
G1 X126.636 Y114.238 E144.59152
G1 X127.913 Y115.591 E144.6534
G1 X128.411 Y117.286 E144.71215
G1 X127.913 Y119.059 E144.77341
G1 X126.631 Y120.345 E144.8338
G1 X124.858 Y120.84 E144.89503
G1 X123.166 Y120.346 E144.95365
G1 X121.806 Y118.986 E145.01762
G1 X121.305 Y117.288 E145.07651
G1 X121.807 Y115.587 E145.13549
G1 X121.948 Y115.438 E145.14232
G1 F2700 E140.14232
;MESH:screen.STL
G0 F9000 X121.03 Y115.169
G0 X118.255 Y124.779
G0 X117.065 Y129.3
G0 X116.2 Y129.3
;TYPE:WALL-OUTER
G1 F2700 E145.14232
G1 F600 X116.2 Y105.9 E145.9206
G1 F551.7 X116.234 Y105.734 E145.92673
G1 F549.2 X116.366 Y105.701 E145.93168
G1 F597 X118.6 Y105.7 E146.00635
G1 F553 X118.766 Y105.734 E146.01247
G1 X118.8 Y105.9 E146.01858
G1 F600 X118.8 Y108.3 E146.09841
G1 F2700 E141.09841
G0 F9000 X118.8 Y109.165
G0 X117.947 Y125.847
G0 X117.935 Y129.3
G0 X118.8 Y129.3
G1 F2700 E146.09841
G1 F600 X118.8 Y126.7 E146.18488
G1 F2700 E141.18488
;MESH:NONMESH
G0 F300 X118.8 Y126.7 Z11.48
G0 F9000 X118.8 Y125.835
G0 X120.409 Y117.291
G0 X120.975 Y115.356
G0 X121.819 Y115.603
;TIME_ELAPSED:568.482010
;LAYER:60
;note -- min layer time used
;TYPE:SUPPORT
G1 F2700 E146.18488
G1 F600 X123.1 Y114.254 E146.24676
G1 X124.86 Y113.76 E146.30756
G1 X126.62 Y114.254 E146.36836
G1 X127.901 Y115.603 E146.43023
G1 X128.392 Y117.286 E146.48854
G1 X127.897 Y119.051 E146.54951
G1 X126.623 Y120.329 E146.60953
G1 X124.858 Y120.824 E146.6705
G1 X123.174 Y120.33 E146.72887
G1 X121.822 Y118.974 E146.79256
G1 X121.325 Y117.287 E146.85105
G1 X121.819 Y115.603 E146.90942
G1 F2700 E141.90942
;MESH:screen.STL
G0 F9000 X120.991 Y115.362
G0 X118.251 Y124.798
G0 X117.065 Y129.3
G0 X116.2 Y129.3
;TYPE:WALL-OUTER
G1 F2700 E146.90942
G1 F600 X116.2 Y105.9 E147.68771
G1 F551.7 X116.234 Y105.734 E147.69384
G1 F549.2 X116.366 Y105.701 E147.69878
G1 F597 X118.6 Y105.7 E147.77346
G1 F553 X118.766 Y105.734 E147.77957
G1 X118.8 Y105.9 E147.78569
G1 F600 X118.8 Y108.3 E147.86551
G1 F2700 E142.86551
G0 F9000 X118.8 Y109.165
G0 X117.947 Y125.847
G0 X117.935 Y129.3
G0 X118.8 Y129.3
G1 F2700 E147.86551
G1 F600 X118.8 Y126.7 E147.95199
G1 F2700 E142.95199
;MESH:NONMESH
G0 F300 X118.8 Y126.7 Z11.68
G0 F9000 X118.8 Y125.835
G0 X120.428 Y117.291
G0 X120.99 Y115.365
G0 X121.835 Y115.611
;TIME_ELAPSED:576.234574
;LAYER:61
;note -- min layer time used
;TYPE:SUPPORT
G1 F2700 E147.95199
G1 F600 X123.108 Y114.27 E148.01348
G1 X124.86 Y113.78 E148.07399
G1 X126.612 Y114.27 E148.1345
G1 X127.885 Y115.611 E148.196
G1 X128.372 Y117.286 E148.25402
G1 X127.881 Y119.039 E148.31456
G1 X126.611 Y120.309 E148.3743
G1 X124.857 Y120.803 E148.43491
G1 X123.182 Y120.314 E148.49295
G1 X121.838 Y118.966 E148.55626
G1 X121.345 Y117.287 E148.61446
G1 X121.835 Y115.611 E148.67254
G1 F2700 E143.67254
;MESH:screen.STL
G0 F9000 X121.007 Y115.37
G0 X118.253 Y124.799
G0 X117.065 Y129.3
G0 X116.2 Y129.3
;TYPE:WALL-OUTER
G1 F2700 E148.67254
G1 F600 X116.2 Y105.9 E149.45082
G1 F551.7 X116.234 Y105.734 E149.45695
G1 F549.2 X116.366 Y105.701 E149.4619
G1 F597 X118.6 Y105.7 E149.53657
G1 F553 X118.766 Y105.734 E149.54269
G1 X118.8 Y105.9 E149.5488
G1 F600 X118.8 Y108.3 E149.62863
G1 F2700 E144.62863
G0 F9000 X118.8 Y109.165
G0 X117.947 Y125.847
G0 X117.935 Y129.3
G0 X118.8 Y129.3
G1 F2700 E149.62863
G1 F600 X118.8 Y126.7 E149.7151
G1 F2700 E144.7151
;MESH:NONMESH
G0 F300 X118.8 Y126.7 Z11.88
G0 F9000 X118.8 Y125.835
G0 X120.448 Y117.291
G0 X120.996 Y115.408
G0 X121.767 Y115.632
;TIME_ELAPSED:583.970883
;LAYER:62
;note -- min layer time used
;TYPE:SUPPORT
G1 F2700 E149.7151
G1 F600 X123.035 Y114.306 E149.77612
G1 X124.863 Y113.796 E149.83925
G1 X126.6 Y114.286 E149.89927
G1 X127.869 Y115.619 E149.96049
G1 X128.352 Y117.286 E150.01821
G1 X127.865 Y119.031 E150.07847
G1 X126.603 Y120.293 E150.13783
G1 X124.857 Y120.784 E150.19815
G1 X123.101 Y120.281 E150.25891
G1 X121.762 Y118.958 E150.32151
G1 X121.273 Y117.297 E150.3791
G1 X121.767 Y115.632 E150.43687
G1 F2700 E145.43687
;MESH:screen.STL
G0 F9000 X120.938 Y115.387
G0 X118.246 Y124.801
G0 X117.065 Y129.3
G0 X116.2 Y129.3
;TYPE:WALL-OUTER
G1 F2700 E150.43687
G1 F600 X116.2 Y105.9 E151.21516
G1 F551.7 X116.234 Y105.734 E151.22128
G1 F549.2 X116.366 Y105.701 E151.22623
G1 F597 X118.6 Y105.7 E151.3009
G1 F553 X118.766 Y105.734 E151.30702
G1 X118.8 Y105.9 E151.31313
G1 F600 X118.8 Y108.3 E151.39296
G1 F2700 E146.39296
G0 F9000 X118.8 Y109.165
G0 X117.947 Y125.847
G0 X117.935 Y129.3
G0 X118.8 Y129.3
G1 F2700 E151.39296
G1 F600 X118.8 Y126.7 E151.47943
G1 F2700 E146.47943
;MESH:NONMESH
G0 F300 X118.8 Y126.7 Z12.08
G0 F9000 X118.8 Y125.835
G0 X120.372 Y117.297
G0 X120.924 Y115.432
G0 X121.654 Y115.648
;TIME_ELAPSED:591.708150
;LAYER:63
;note -- min layer time used
;TYPE:SUPPORT
G1 F2700 E151.47943
G1 F600 X122.911 Y114.334 E151.53991
G1 X124.773 Y113.812 E151.60423
G1 X126.557 Y114.307 E151.66581
G1 X127.826 Y115.628 E151.72674
G1 X128.315 Y117.29 E151.78436
G1 X127.821 Y119.03 E151.84452
G1 X126.552 Y120.281 E151.90378
G1 X124.753 Y120.78 E151.96588
G1 X122.981 Y120.273 E152.02718
G1 X121.646 Y118.957 E152.08953
G1 X121.161 Y117.305 E152.14679
G1 X121.654 Y115.648 E152.20429
G1 F2700 E147.20429
;MESH:screen.STL
G0 F9000 X120.825 Y115.402
G0 X120.26 Y117.306
G0 X119.604 Y119.728
G0 X117.065 Y129.3
G0 X116.2 Y129.3
;TYPE:WALL-OUTER
G1 F2700 E152.20429
G1 F600 X116.2 Y105.9 E152.98258
G1 F551.7 X116.234 Y105.734 E152.98871
G1 F549.2 X116.366 Y105.701 E152.99365
G1 F597 X118.6 Y105.7 E153.06833
G1 F553 X118.766 Y105.734 E153.07444
G1 X118.8 Y105.9 E153.08056
G1 F600 X118.8 Y108.3 E153.16038
G1 F2700 E148.16038
G0 F9000 X118.8 Y109.165
G0 X117.947 Y125.847
G0 X117.935 Y129.3
G0 X118.8 Y129.3
G1 F2700 E153.16038
G1 F600 X118.8 Y126.7 E153.24686
G1 F2700 E148.24686
;MESH:NONMESH
G0 F300 X118.8 Y126.7 Z12.28
G0 F9000 X118.8 Y125.835
G0 X120.26 Y117.306
G0 X120.811 Y115.451
G0 X121.542 Y115.668
;TIME_ELAPSED:599.453625
;LAYER:64
;note -- min layer time used
;TYPE:SUPPORT
G1 F2700 E153.24686
G1 F600 X122.795 Y114.362 E153.30706
G1 X124.645 Y113.84 E153.37099
G1 X126.421 Y114.331 E153.43228
G1 X127.681 Y115.644 E153.4928
G1 X128.167 Y117.301 E153.55023
G1 X127.677 Y119.026 E153.60988
G1 X126.416 Y120.273 E153.66886
G1 X124.625 Y120.768 E153.73067
G1 X122.861 Y120.265 E153.79168
G1 X121.534 Y118.957 E153.85365
G1 X121.049 Y117.317 E153.91053
G1 X121.542 Y115.668 E153.96777
G1 F2700 E148.96777
;MESH:screen.STL
G0 F9000 X120.713 Y115.422
G0 X120.395 Y116.496
G0 X117.065 Y129.3
G0 X116.2 Y129.3
;TYPE:WALL-OUTER
G1 F2700 E153.96777
G1 F600 X116.2 Y105.9 E154.74606
G1 F551.7 X116.234 Y105.734 E154.75219
G1 F549.2 X116.366 Y105.701 E154.75713
G1 F597 X118.6 Y105.7 E154.83181
G1 F553 X118.766 Y105.734 E154.83792
G1 X118.8 Y105.9 E154.84404
G1 F600 X118.8 Y108.3 E154.92386
G1 F2700 E149.92386
G0 F9000 X118.8 Y109.165
G0 X117.947 Y125.847
G0 X117.935 Y129.3
G0 X118.8 Y129.3
G1 F2700 E154.92386
G1 F600 X118.8 Y126.7 E155.01034
G1 F2700 E150.01034
;MESH:NONMESH
G0 F300 X118.8 Y126.7 Z12.48
G0 F9000 X118.8 Y125.835
G0 X120.151 Y117.315
G0 X120.698 Y115.472
G0 X121.426 Y115.688
;TIME_ELAPSED:607.186085
;LAYER:65
;note -- min layer time used
;TYPE:SUPPORT
G1 F2700 E155.01034
G1 F600 X122.671 Y114.386 E155.07026
G1 X124.513 Y113.872 E155.13386
G1 X126.277 Y114.355 E155.19469
G1 X127.533 Y115.664 E155.25503
G1 X128.019 Y117.309 E155.31208
G1 X127.53 Y119.026 E155.37146
G1 X126.272 Y120.265 E155.43019
G1 X124.485 Y120.76 E155.49186
G1 X122.737 Y120.257 E155.55236
G1 X121.422 Y118.961 E155.61377
G1 X120.937 Y117.325 E155.67052
G1 X121.426 Y115.688 E155.72735
G1 F2700 E150.72735
;MESH:screen.STL
G0 F9000 X120.597 Y115.443
G0 X120.281 Y116.511
G0 X117.065 Y129.3
G0 X116.2 Y129.3
;TYPE:WALL-OUTER
G1 F2700 E155.72735
G1 F600 X116.2 Y105.9 E156.50563
G1 F551.7 X116.234 Y105.734 E156.51176
G1 F549.2 X116.366 Y105.701 E156.51671
G1 F597 X118.6 Y105.7 E156.59138
G1 F553 X118.766 Y105.734 E156.5975
G1 X118.8 Y105.9 E156.60361
G1 F600 X118.8 Y108.3 E156.68343
G1 F2700 E151.68343
G0 F9000 X118.8 Y109.165
G0 X117.947 Y125.847
G0 X117.935 Y129.3
G0 X118.8 Y129.3
G1 F2700 E156.68343
G1 F600 X118.8 Y126.7 E156.76991
G1 F2700 E151.76991
;MESH:NONMESH
G0 F300 X118.8 Y126.7 Z12.68
G0 F9000 X118.8 Y125.835
G0 X120.039 Y117.325
G0 X120.582 Y115.493
G0 X121.31 Y115.708
;TIME_ELAPSED:614.905786
;LAYER:66
;note -- min layer time used
;TYPE:SUPPORT
G1 F2700 E156.76991
G1 F600 X122.551 Y114.414 E156.82954
G1 X124.385 Y113.9 E156.89289
G1 X126.141 Y114.383 E156.95347
G1 X127.386 Y115.68 E157.01326
G1 X127.871 Y117.318 E157.07008
G1 X127.382 Y119.026 E157.12917
G1 X126.136 Y120.257 E157.18743
G1 X124.361 Y120.748 E157.24868
G1 X122.616 Y120.249 E157.30905
G1 X121.306 Y118.961 E157.37015
G1 X120.825 Y117.337 E157.42648
G1 X121.31 Y115.708 E157.48302
G1 F2700 E152.48302
;MESH:screen.STL
G0 F9000 X120.482 Y115.463
G0 X120.032 Y116.979
G0 X117.065 Y129.3
G0 X116.2 Y129.3
;TYPE:WALL-OUTER
G1 F2700 E157.48302
G1 F600 X116.2 Y105.9 E158.2613
G1 F551.7 X116.234 Y105.734 E158.26743
G1 F549.2 X116.366 Y105.701 E158.27238
G1 F597 X118.6 Y105.7 E158.34705
G1 F553 X118.766 Y105.734 E158.35316
G1 X118.8 Y105.9 E158.35928
G1 F600 X118.8 Y108.3 E158.4391
G1 F2700 E153.4391
G0 F9000 X118.8 Y109.165
G0 X117.947 Y125.847
G0 X117.935 Y129.3
G0 X118.8 Y129.3
G1 F2700 E158.4391
G1 F600 X118.8 Y126.7 E158.52558
G1 F2700 E153.52558
;MESH:NONMESH
G0 F300 X118.8 Y126.7 Z12.88
G0 F9000 X118.8 Y125.835
G0 X119.927 Y117.335
G0 X120.468 Y115.508
G0 X121.198 Y115.724
;TIME_ELAPSED:622.613034
;LAYER:67
;note -- min layer time used
;TYPE:SUPPORT
G1 F2700 E158.52558
G1 F600 X122.431 Y114.442 E158.58474
G1 X124.253 Y113.928 E158.64771
G1 X126.001 Y114.411 E158.70802
G1 X127.241 Y115.7 E158.76751
G1 X127.719 Y117.329 E158.82398
G1 X127.234 Y119.026 E158.88268
G1 X125.992 Y120.249 E158.94065
G1 X124.233 Y120.74 E159.0014
G1 X122.496 Y120.245 E159.06147
G1 X121.19 Y118.957 E159.12248
G1 X120.713 Y117.345 E159.17839
G1 X121.198 Y115.724 E159.23467
G1 F2700 E154.23467
;MESH:screen.STL
G0 F9000 X120.369 Y115.478
G0 X119.92 Y116.99
G0 X117.065 Y129.3
G0 X116.2 Y129.3
;TYPE:WALL-OUTER
G1 F2700 E159.23467
G1 F600 X116.2 Y105.9 E160.01295
G1 F551.7 X116.234 Y105.734 E160.01908
G1 F549.2 X116.366 Y105.701 E160.02403
G1 F597 X118.6 Y105.7 E160.0987
G1 F553 X118.766 Y105.734 E160.10482
G1 X118.8 Y105.9 E160.11093
G1 F600 X118.8 Y108.3 E160.19076
G1 F2700 E155.19076
G0 F9000 X118.8 Y109.165
G0 X117.947 Y125.847
G0 X117.935 Y129.3
G0 X118.8 Y129.3
G1 F2700 E160.19076
G1 F600 X118.8 Y126.7 E160.27723
G1 F2700 E155.27723
;MESH:NONMESH
G0 F300 X118.8 Y126.7 Z13.08
G0 F9000 X118.8 Y125.835
G0 X119.815 Y117.345
G0 X120.354 Y115.528
G0 X121.082 Y115.744
;TIME_ELAPSED:630.307372
;LAYER:68
;note -- min layer time used
;TYPE:SUPPORT
G1 F2700 E160.27723
G1 F600 X122.307 Y114.466 E160.33611
G1 X124.121 Y113.956 E160.39878
G1 X125.857 Y114.435 E160.45868
G1 X127.09 Y115.72 E160.51791
G1 X127.567 Y117.338 E160.57402
G1 X127.086 Y119.026 E160.6324
G1 X125.852 Y120.241 E160.69
G1 X124.101 Y120.728 E160.75044
G1 X122.373 Y120.237 E160.81019
G1 X121.078 Y118.957 E160.87075
G1 X120.601 Y117.357 E160.92628
G1 X121.082 Y115.744 E160.98227
G1 F2700 E155.98227
;MESH:screen.STL
G0 F9000 X120.254 Y115.498
G0 X119.807 Y117.002
G0 X117.065 Y129.3
G0 X116.2 Y129.3
;TYPE:WALL-OUTER
G1 F2700 E160.98227
G1 F600 X116.2 Y105.9 E161.76056
G1 F551.7 X116.234 Y105.734 E161.76668
G1 F549.2 X116.366 Y105.701 E161.77163
G1 F597 X118.6 Y105.7 E161.8463
G1 F553 X118.766 Y105.734 E161.85242
G1 X118.8 Y105.9 E161.85853
G1 F600 X118.8 Y108.3 E161.93836
G1 F2700 E156.93836
G0 F9000 X118.8 Y109.165
G0 X117.947 Y125.847
G0 X117.935 Y129.3
G0 X118.8 Y129.3
G1 F2700 E161.93836
G1 F600 X118.8 Y126.7 E162.02483
G1 F2700 E157.02483
;MESH:NONMESH
G0 F300 X118.8 Y126.7 Z13.28
G0 F9000 X118.8 Y125.835
G0 X119.702 Y117.355
G0 X120.239 Y115.548
G0 X120.966 Y115.764
;TIME_ELAPSED:637.988607
;LAYER:69
;note -- min layer time used
;TYPE:SUPPORT
G1 F2700 E162.02483
G1 F600 X122.187 Y114.494 E162.08343
G1 X123.989 Y113.988 E162.14568
G1 X125.717 Y114.463 E162.20529
G1 X126.942 Y115.74 E162.26414
G1 X127.419 Y117.346 E162.31987
G1 X126.938 Y119.03 E162.37812
G1 X125.712 Y120.233 E162.43524
G1 X123.969 Y120.72 E162.49544
G1 X122.252 Y120.233 E162.5548
G1 X120.962 Y118.961 E162.61505
G1 X120.489 Y117.365 E162.67042
G1 X120.966 Y115.764 E162.72598
G1 F2700 E157.72598
;MESH:screen.STL
G0 F9000 X120.139 Y115.519
G0 X119.695 Y117.014
G0 X117.065 Y129.3
G0 X116.2 Y129.3
;TYPE:WALL-OUTER
G1 F2700 E162.72598
G1 F600 X116.2 Y105.9 E163.50427
G1 F551.7 X116.234 Y105.734 E163.5104
G1 F549.2 X116.366 Y105.701 E163.51534
G1 F597 X118.6 Y105.7 E163.59002
G1 F553 X118.766 Y105.734 E163.59613
G1 X118.8 Y105.9 E163.60225
G1 F600 X118.8 Y108.3 E163.68207
G1 F2700 E158.68207
G0 F9000 X118.8 Y109.165
G0 X117.947 Y125.847
G0 X117.935 Y129.3
G0 X118.8 Y129.3
G1 F2700 E163.68207
G1 F600 X118.8 Y126.7 E163.76855
G1 F2700 E158.76855
;MESH:NONMESH
G0 F300 X118.8 Y126.7 Z13.48
G0 F9000 X118.8 Y125.835
G0 X119.591 Y117.365
G0 X120.125 Y115.568
G0 X120.854 Y115.784
;TIME_ELAPSED:645.657355
;LAYER:70
;note -- min layer time used
;TYPE:SUPPORT
G1 F2700 E163.76855
G1 F600 X122.063 Y114.522 E163.82667
G1 X123.857 Y114.016 E163.88867
G1 X125.577 Y114.487 E163.94798
G1 X126.793 Y115.76 E164.00654
G1 X127.267 Y117.358 E164.06198
G1 X126.79 Y119.026 E164.11968
G1 X125.568 Y120.229 E164.17671
G1 X123.837 Y120.712 E164.23648
G1 X122.132 Y120.225 E164.29546
G1 X120.846 Y118.957 E164.35553
G1 X120.377 Y117.377 E164.41035
G1 X120.854 Y115.784 E164.46565
G1 F2700 E159.46565
;MESH:screen.STL
G0 F9000 X120.024 Y115.538
G0 X119.582 Y117.026
G0 X117.065 Y129.3
G0 X116.2 Y129.3
;TYPE:WALL-OUTER
G1 F2700 E164.46565
G1 F600 X116.2 Y105.9 E165.24394
G1 F551.7 X116.234 Y105.734 E165.25007
G1 F549.2 X116.366 Y105.701 E165.25501
G1 F597 X118.6 Y105.7 E165.32969
G1 F553 X118.766 Y105.734 E165.3358
G1 X118.8 Y105.9 E165.34192
G1 F600 X118.8 Y108.3 E165.42174
G1 F2700 E160.42174
G0 F9000 X118.8 Y109.165
G0 X117.947 Y125.847
G0 X117.935 Y129.3
G0 X118.8 Y129.3
G1 F2700 E165.42174
G1 F600 X118.8 Y126.7 E165.50822
G1 F2700 E160.50822
;MESH:NONMESH
G0 F300 X118.8 Y126.7 Z13.68
G0 F9000 X118.8 Y125.835
G0 X119.478 Y117.375
G0 X120.011 Y115.58
G0 X120.738 Y115.796
;TIME_ELAPSED:653.313346
;LAYER:71
;note -- min layer time used
;TYPE:SUPPORT
G1 F2700 E165.50822
G1 F600 X121.943 Y114.543 E165.56604
G1 X123.721 Y114.048 E165.62742
G1 X125.434 Y114.515 E165.68648
G1 X126.645 Y115.776 E165.74463
G1 X127.115 Y117.369 E165.79987
G1 X126.642 Y119.026 E165.85718
G1 X125.428 Y120.221 E165.91384
G1 X123.705 Y120.7 E165.97332
G1 X122.009 Y120.213 E166.03201
G1 X120.734 Y118.957 E166.09154
G1 X120.269 Y117.381 E166.14619
G1 X120.738 Y115.796 E166.20116
G1 F2700 E161.20116
;MESH:screen.STL
G0 F9000 X119.91 Y115.551
G0 X119.472 Y117.033
G0 X117.065 Y129.3
G0 X116.2 Y129.3
;TYPE:WALL-OUTER
G1 F2700 E166.20116
G1 F600 X116.2 Y105.9 E166.97945
G1 F551.7 X116.234 Y105.734 E166.98558
G1 F549.2 X116.366 Y105.701 E166.99052
G1 F597 X118.6 Y105.7 E167.0652
G1 F553 X118.766 Y105.734 E167.07131
G1 X118.8 Y105.9 E167.07743
G1 F600 X118.8 Y108.3 E167.15725
G1 F2700 E162.15725
G0 F9000 X118.8 Y109.165
G0 X117.947 Y125.847
G0 X117.935 Y129.3
G0 X118.8 Y129.3
G1 F2700 E167.15725
G1 F600 X118.8 Y126.7 E167.24373
G1 F2700 E162.24373
;MESH:NONMESH
G0 F300 X118.8 Y126.7 Z13.88
G0 F9000 X118.8 Y125.835
G0 X119.369 Y117.381
G0 X119.898 Y115.594
G0 X120.622 Y115.808
;TIME_ELAPSED:660.955964
;LAYER:72
;note -- min layer time used
;TYPE:SUPPORT
G1 F2700 E167.24373
G1 F600 X121.823 Y114.559 E167.30136
G1 X123.593 Y114.072 E167.36242
G1 X125.293 Y114.539 E167.42106
G1 X126.497 Y115.796 E167.47895
G1 X126.963 Y117.374 E167.53367
G1 X126.494 Y119.026 E167.59079
G1 X125.288 Y120.213 E167.64707
G1 X123.586 Y120.684 E167.70581
G1 X121.889 Y120.197 E167.76453
G1 X120.622 Y118.949 E167.82368
G1 X120.157 Y117.38 E167.87811
G1 X120.622 Y115.808 E167.93263
G1 F2700 E162.93263
;MESH:screen.STL
G0 F9000 X119.794 Y115.564
G0 X119.359 Y117.036
G0 X117.065 Y129.3
G0 X116.2 Y129.3
;TYPE:WALL-OUTER
G1 F2700 E167.93263
G1 F600 X116.2 Y105.9 E168.71092
G1 F551.7 X116.234 Y105.734 E168.71705
G1 F549.2 X116.366 Y105.701 E168.72199
G1 F597 X118.6 Y105.7 E168.79667
G1 F553 X118.766 Y105.734 E168.80278
G1 X118.8 Y105.9 E168.8089
G1 F600 X118.8 Y108.3 E168.88872
G1 F2700 E163.88872
G0 F9000 X118.8 Y109.165
G0 X117.947 Y125.847
G0 X117.935 Y129.3
G0 X118.8 Y129.3
G1 F2700 E168.88872
G1 F600 X118.8 Y126.7 E168.9752
G1 F2700 E163.9752
;MESH:NONMESH
G0 F300 X118.8 Y126.7 Z14.08
G0 F9000 X118.8 Y125.835
G0 X119.257 Y117.382
G0 X119.786 Y115.59
G0 X120.499 Y115.8
;TIME_ELAPSED:668.586168
;LAYER:73
;note -- min layer time used
;TYPE:SUPPORT
G1 F2700 E168.9752
G1 F600 X121.69 Y114.563 E169.03231
G1 X123.43 Y114.087 E169.09231
G1 X125.15 Y114.559 E169.15163
G1 X126.35 Y115.808 E169.20924
G1 X126.815 Y117.378 E169.2637
G1 X126.35 Y119.014 E169.32027
G1 X125.148 Y120.201 E169.37646
G1 X123.45 Y120.672 E169.43506
G1 X121.797 Y120.186 E169.49237
G1 X120.51 Y118.921 E169.55239
G1 X120.045 Y117.359 E169.6066
G1 X120.499 Y115.8 E169.6606
G1 F2700 E164.6606
;MESH:screen.STL
G0 F9000 X119.878 Y115.204
G0 X117.053 Y107.247
G0 X116.2 Y106.565
G0 X116.2 Y105.7
;TYPE:WALL-OUTER
G1 F2700 E169.6606
G1 F600 X118.6 Y105.7 E169.74043
G1 F553 X118.766 Y105.734 E169.74654
G1 X118.8 Y105.9 E169.75266
G1 F600 X118.8 Y108.3 E169.83248
G1 F2700 E164.83248
G0 F9000 X118.8 Y109.165
G0 X117.947 Y125.847
G0 X117.935 Y129.3
G0 X118.8 Y129.3
G1 F2700 E169.83248
G1 F600 X118.8 Y126.7 E169.91896
G1 F2700 E164.91896
G0 F9000 X118.8 Y125.835
G0 X117.065 Y108.1
G0 X116.2 Y108.1
G1 F2700 E169.91896
G1 F600 X116.2 Y129.3 E170.62407
G1 F2700 E165.62407
;MESH:NONMESH
G0 F300 X116.2 Y129.3 Z14.28
G0 F9000 X117.065 Y129.3
G0 X119.146 Y117.365
G0 X119.717 Y115.405
G0 X120.531 Y115.642
;TIME_ELAPSED:676.783550
;LAYER:74
;note -- min layer time used
;TYPE:SUPPORT
G1 F2700 E170.62407
G1 F600 X121.57 Y114.559 E170.67399
G1 X123.283 Y114.092 E170.73304
G1 X125.005 Y114.571 E170.79249
G1 X126.194 Y115.812 E170.84966
G1 X126.663 Y117.374 E170.9039
G1 X126.205 Y119.006 E170.96028
G1 X125.016 Y120.18 E171.01585
G1 X123.346 Y120.636 E171.07343
G1 X121.677 Y120.146 E171.13128
G1 X120.393 Y118.889 E171.19105
G1 X119.933 Y117.339 E171.24482
G1 X120.387 Y115.792 E171.29845
G1 X120.531 Y115.642 E171.30536
G1 F2700 E166.30536
;MESH:screen.STL
G0 F9000 X119.909 Y115.044
G0 X117.053 Y107.247
G0 X116.2 Y106.565
G0 X116.2 Y105.7
;TYPE:WALL-OUTER
G1 F2700 E171.30536
G1 F600 X118.6 Y105.7 E171.38519
G1 F553 X118.766 Y105.734 E171.3913
G1 X118.8 Y105.9 E171.39742
G1 F600 X118.8 Y108.3 E171.47724
G1 F2700 E166.47724
G0 F9000 X118.8 Y109.165
G0 X117.947 Y125.847
G0 X117.935 Y129.3
G0 X118.8 Y129.3
G1 F2700 E171.47724
G1 F600 X118.8 Y126.7 E171.56372
G1 F2700 E166.56372
G0 F9000 X118.8 Y125.835
G0 X117.065 Y108.1
G0 X116.2 Y108.1
G1 F2700 E171.56372
G1 F600 X116.2 Y129.3 E172.26883
G1 F2700 E167.26883
;MESH:NONMESH
G0 F300 X116.2 Y129.3 Z14.48
G0 F9000 X117.065 Y129.3
G0 X119.035 Y117.343
G0 X119.61 Y115.375
G0 X120.433 Y115.615
;TIME_ELAPSED:684.965715
;LAYER:75
;note -- min layer time used
;TYPE:SUPPORT
G1 F2700 E172.26883
G1 F600 X121.451 Y114.555 E172.31771
G1 X123.151 Y114.088 E172.37635
G1 X124.865 Y114.566 E172.43553
G1 X126.046 Y115.8 E172.49234
G1 X126.515 Y117.354 E172.54633
G1 X126.057 Y118.974 E172.60233
G1 X124.872 Y120.144 E172.65771
G1 X123.214 Y120.596 E172.71487
G1 X121.553 Y120.11 E172.77243
G1 X120.281 Y118.857 E172.83182
G1 X119.821 Y117.319 E172.88521
G1 X120.275 Y115.78 E172.93858
G1 X120.433 Y115.615 E172.94618
G1 F2700 E167.94618
;MESH:screen.STL
G0 F9000 X119.81 Y115.017
G0 X117.053 Y107.247
G0 X116.2 Y106.565
G0 X116.2 Y105.7
;TYPE:WALL-OUTER
G1 F2700 E172.94618
G1 F600 X118.6 Y105.7 E173.026
G1 F553 X118.766 Y105.734 E173.03212
G1 X118.8 Y105.9 E173.03823
G1 F600 X118.8 Y108.3 E173.11806
G1 F2700 E168.11806
G0 F9000 X118.8 Y109.165
G0 X117.947 Y125.847
G0 X117.935 Y129.3
G0 X118.8 Y129.3
G1 F2700 E173.11806
G1 F600 X118.8 Y126.7 E173.20453
G1 F2700 E168.20453
G0 F9000 X118.8 Y125.835
G0 X117.065 Y108.1
G0 X116.2 Y108.1
G1 F2700 E173.20453
G1 F600 X116.2 Y129.3 E173.90965
G1 F2700 E168.90965
;MESH:NONMESH
G0 F300 X116.2 Y129.3 Z14.68
G0 F9000 X117.065 Y129.3
G0 X118.923 Y117.324
G0 X119.436 Y115.571
G0 X120.166 Y115.784
;TIME_ELAPSED:693.129572
;LAYER:76
;note -- min layer time used
;TYPE:SUPPORT
G1 F2700 E173.90965
G1 F600 X121.335 Y114.567 E173.96577
G1 X123.039 Y114.096 E174.02457
G1 X124.721 Y114.563 E174.08263
G1 X125.902 Y115.792 E174.13933
G1 X126.363 Y117.33 E174.19273
G1 X125.913 Y118.942 E174.24839
G1 X124.732 Y120.104 E174.3035
G1 X123.09 Y120.552 E174.36011
G1 X121.401 Y120.069 E174.41854
G1 X120.166 Y118.849 E174.47628
G1 X119.709 Y117.319 E174.52938
G1 X120.166 Y115.784 E174.58265
G1 F2700 E169.58265
;MESH:screen.STL
G0 F9000 X119.544 Y115.187
G0 X117.053 Y107.247
G0 X116.2 Y106.565
G0 X116.2 Y105.7
;TYPE:WALL-OUTER
G1 F2700 E174.58265
G1 F600 X118.6 Y105.7 E174.66248
G1 F553 X118.766 Y105.734 E174.66859
G1 X118.8 Y105.9 E174.67471
G1 F600 X118.8 Y108.3 E174.75453
G1 F2700 E169.75453
G0 F9000 X118.8 Y109.165
G0 X117.947 Y125.847
G0 X117.935 Y129.3
G0 X118.8 Y129.3
G1 F2700 E174.75453
G1 F600 X118.8 Y126.7 E174.84101
G1 F2700 E169.84101
G0 F9000 X118.8 Y125.835
G0 X117.065 Y108.1
G0 X116.2 Y108.1
G1 F2700 E174.84101
G1 F600 X116.2 Y129.3 E175.54612
G1 F2700 E170.54612
;MESH:NONMESH
G0 F300 X116.2 Y129.3 Z14.88
G0 F9000 X117.065 Y129.3
G0 X118.81 Y117.32
G0 X119.399 Y115.338
G0 X119.83 Y114.889
G0 X120.386 Y115.422
;TIME_ELAPSED:701.304676
;LAYER:77
;note -- min layer time used
;TYPE:SUPPORT
G1 F2700 E175.54612
G1 F600 X121.206 Y114.567 E175.58553
G1 X122.904 Y114.104 E175.64406
G1 X124.589 Y114.567 E175.70218
G1 X125.758 Y115.784 E175.75831
G1 X126.215 Y117.318 E175.81155
G1 X125.758 Y118.914 E175.86676
G1 X124.588 Y120.073 E175.92154
G1 X122.926 Y120.532 E175.97889
G1 X121.309 Y120.058 E176.03493
G1 X120.05 Y118.821 E176.09364
G1 X119.597 Y117.299 E176.14645
G1 X120.043 Y115.78 E176.19911
G1 X120.386 Y115.422 E176.2156
G1 F2700 E171.2156
;MESH:screen.STL
G0 F9000 X119.765 Y114.825
G0 X117.053 Y107.247
G0 X116.2 Y106.565
G0 X116.2 Y105.7
;TYPE:WALL-OUTER
G1 F2700 E176.2156
G1 F600 X118.6 Y105.7 E176.29542
G1 F553 X118.766 Y105.734 E176.30154
G1 X118.8 Y105.9 E176.30765
G1 F600 X118.8 Y108.3 E176.38748
G1 F2700 E171.38748
G0 F9000 X118.8 Y109.165
G0 X117.947 Y125.847
G0 X117.935 Y129.3
G0 X118.8 Y129.3
G1 F2700 E176.38748
G1 F600 X118.8 Y126.7 E176.47395
G1 F2700 E171.47395
G0 F9000 X118.8 Y125.835
G0 X117.065 Y108.1
G0 X116.2 Y108.1
G1 F2700 E176.47395
G1 F600 X116.2 Y129.3 E177.17907
G1 F2700 E172.17907
;MESH:NONMESH
G0 F300 X116.2 Y129.3 Z15.08
G0 F9000 X117.065 Y129.3
G0 X118.699 Y117.304
G0 X119.276 Y115.334
G0 X119.681 Y114.912
G0 X120.248 Y115.457
;TIME_ELAPSED:709.458795
;LAYER:78
;note -- min layer time used
;TYPE:SUPPORT
G1 F2700 E177.17907
G1 F600 X121.091 Y114.579 E177.21955
G1 X122.775 Y114.116 E177.27764
G1 X124.441 Y114.575 E177.33511
G1 X125.606 Y115.788 E177.39105
G1 X126.063 Y117.314 E177.44403
G1 X125.613 Y118.906 E177.49906
G1 X124.448 Y120.052 E177.55341
G1 X122.83 Y120.496 E177.60922
G1 X121.157 Y120.017 E177.6671
G1 X119.934 Y118.809 E177.72427
G1 X119.485 Y117.299 E177.77667
G1 X119.934 Y115.784 E177.82922
G1 X120.248 Y115.457 E177.8443
G1 F2700 E172.8443
;MESH:screen.STL
G0 F9000 X119.627 Y114.86
G0 X117.053 Y107.247
G0 X116.2 Y106.565
G0 X116.2 Y105.7
;TYPE:WALL-OUTER
G1 F2700 E177.8443
G1 F600 X118.6 Y105.7 E177.92413
G1 F553 X118.766 Y105.734 E177.93024
G1 X118.8 Y105.9 E177.93636
G1 F600 X118.8 Y108.3 E178.01618
G1 F2700 E173.01618
G0 F9000 X118.8 Y109.165
G0 X117.947 Y125.847
G0 X117.935 Y129.3
G0 X118.8 Y129.3
G1 F2700 E178.01618
G1 F600 X118.8 Y126.7 E178.10266
G1 F2700 E173.10266
G0 F9000 X118.8 Y125.835
G0 X117.065 Y108.1
G0 X116.2 Y108.1
G1 F2700 E178.10266
G1 F600 X116.2 Y129.3 E178.80777
G1 F2700 E173.80777
;MESH:NONMESH
G0 F300 X116.2 Y129.3 Z15.28
G0 F9000 X117.065 Y129.3
G0 X118.586 Y117.301
G0 X119.098 Y115.569
G0 X119.811 Y115.78
;TIME_ELAPSED:717.584170
;LAYER:79
;note -- min layer time used
;TYPE:SUPPORT
G1 F2700 E178.80777
G1 F600 X120.966 Y114.583 E178.8631
G1 X122.643 Y114.124 E178.92092
G1 X124.305 Y114.583 E178.97827
G1 X125.462 Y115.784 E179.03374
G1 X125.911 Y117.298 E179.08626
G1 X125.461 Y118.878 E179.1409
G1 X124.304 Y120.02 E179.19497
G1 X122.666 Y120.472 E179.25149
G1 X121.053 Y119.994 E179.30744
G1 X119.821 Y118.785 E179.36485
G1 X119.373 Y117.279 E179.41711
G1 X119.811 Y115.78 E179.46906
G1 F2700 E174.46906
;MESH:screen.STL
G0 F9000 X119.19 Y115.183
G0 X117.053 Y107.247
G0 X116.2 Y106.565
G0 X116.2 Y105.7
;TYPE:WALL-OUTER
G1 F2700 E179.46906
G1 F600 X118.6 Y105.7 E179.54888
G1 F553 X118.766 Y105.734 E179.55499
G1 X118.8 Y105.9 E179.56111
G1 F600 X118.8 Y108.3 E179.64093
G1 F2700 E174.64093
G0 F9000 X118.8 Y109.165
G0 X117.947 Y125.847
G0 X117.935 Y129.3
G0 X118.8 Y129.3
G1 F2700 E179.64093
G1 F600 X118.8 Y126.7 E179.72741
G1 F2700 E174.72741
G0 F9000 X118.8 Y125.835
G0 X117.065 Y108.1
G0 X116.2 Y108.1
G1 F2700 E179.72741
G1 F600 X116.2 Y129.3 E180.43252
G1 F2700 E175.43252
;MESH:NONMESH
G0 F300 X116.2 Y129.3 Z15.48
G0 F9000 X117.065 Y129.3
G0 X118.475 Y117.286
G0 X119.046 Y115.334
G0 X119.392 Y114.974
G0 X119.96 Y115.52
;TIME_ELAPSED:725.723460
;LAYER:80
;note -- min layer time used
;TYPE:SUPPORT
G1 F2700 E180.43252
G1 F600 X120.851 Y114.595 E180.47524
G1 X122.515 Y114.136 E180.53265
G1 X124.157 Y114.591 E180.58932
G1 X125.31 Y115.788 E180.6446
G1 X125.759 Y117.294 E180.69687
G1 X125.317 Y118.866 E180.75118
G1 X124.168 Y120 E180.80488
G1 X122.566 Y120.44 E180.86013
G1 X120.913 Y119.965 E180.91734
G1 X119.706 Y118.773 E180.97376
G1 X119.261 Y117.28 E181.02558
G1 X119.706 Y115.784 E181.07749
G1 X119.96 Y115.52 E181.08967
G1 F2700 E176.08967
;MESH:screen.STL
G0 F9000 X119.339 Y114.924
G0 X117.053 Y107.247
G0 X116.2 Y106.565
G0 X116.2 Y105.7
;TYPE:WALL-OUTER
G1 F2700 E181.08967
G1 F600 X118.6 Y105.7 E181.1695
G1 F553 X118.766 Y105.734 E181.17561
G1 X118.8 Y105.9 E181.18173
G1 F600 X118.8 Y108.3 E181.26155
G1 F2700 E176.26155
G0 F9000 X118.8 Y109.165
G0 X117.947 Y125.847
G0 X117.935 Y129.3
G0 X118.8 Y129.3
G1 F2700 E181.26155
G1 F600 X118.8 Y126.7 E181.34803
G1 F2700 E176.34803
G0 F9000 X118.8 Y125.835
G0 X117.065 Y108.1
G0 X116.2 Y108.1
G1 F2700 E181.34803
G1 F600 X116.2 Y129.3 E182.05314
G1 F2700 E177.05314
;MESH:NONMESH
G0 F300 X116.2 Y129.3 Z15.68
G0 F9000 X117.065 Y129.3
G0 X118.362 Y117.283
G0 X118.94 Y115.339
G0 X119.403 Y114.857
G0 X119.978 Y115.409
;TIME_ELAPSED:733.851160
;LAYER:81
;note -- min layer time used
;TYPE:SUPPORT
G1 F2700 E182.05314
G1 F600 X120.731 Y114.626 E182.08927
G1 X122.406 Y114.148 E182.14721
G1 X124.025 Y114.595 E182.20307
G1 X125.166 Y115.784 E182.25788
G1 X125.611 Y117.278 E182.30973
G1 X125.166 Y118.842 E182.36381
G1 X124.024 Y119.965 E182.41708
G1 X122.385 Y120.42 E182.47366
G1 X120.785 Y119.961 E182.52902
G1 X119.586 Y118.777 E182.58507
G1 X119.149 Y117.297 E182.63639
G1 X119.594 Y115.808 E182.68808
G1 X119.978 Y115.409 E182.7065
G1 F2700 E177.7065
;MESH:screen.STL
G0 F9000 X119.356 Y114.812
G0 X117.053 Y107.247
G0 X116.2 Y106.565
G0 X116.2 Y105.7
;TYPE:WALL-OUTER
G1 F2700 E182.7065
G1 F600 X118.6 Y105.7 E182.78632
G1 F553 X118.766 Y105.734 E182.79244
G1 X118.8 Y105.9 E182.79855
G1 F600 X118.8 Y108.3 E182.87838
G1 F2700 E177.87838
G0 F9000 X118.8 Y109.165
G0 X118.249 Y117.296
G0 X117.977 Y124.992
G0 X117.935 Y129.3
G0 X118.8 Y129.3
G1 F2700 E182.87838
G1 F600 X118.8 Y126.7 E182.96485
G1 F2700 E177.96485
G0 F9000 X118.8 Y125.835
G0 X117.065 Y108.1
G0 X116.2 Y108.1
G1 F2700 E182.96485
G1 F600 X116.2 Y129.3 E183.66997
G1 F2700 E178.66997
;MESH:NONMESH
G0 F300 X116.2 Y129.3 Z15.88
G0 F9000 X117.065 Y129.3
G0 X118.249 Y117.296
G0 X118.828 Y115.362
G0 X119.424 Y114.741
G0 X119.982 Y115.276
;TIME_ELAPSED:741.971257
;LAYER:82
;note -- min layer time used
;TYPE:SUPPORT
G1 F2700 E183.66997
G1 F600 X120.598 Y114.635 E183.69954
G1 X122.272 Y114.176 E183.75727
G1 X123.886 Y114.619 E183.81294
G1 X125.022 Y115.796 E183.86734
G1 X125.459 Y117.281 E183.91883
G1 X125.01 Y118.838 E183.97273
G1 X123.876 Y119.957 E184.02571
G1 X122.254 Y120.407 E184.0817
G1 X120.681 Y119.942 E184.13626
G1 X119.474 Y118.757 E184.19251
G1 X119.037 Y117.283 E184.24365
G1 X119.471 Y115.808 E184.29479
G1 X119.982 Y115.276 E184.31932
G1 F2700 E179.31932
;MESH:screen.STL
G0 F9000 X119.361 Y114.679
G0 X117.053 Y107.247
G0 X116.2 Y106.565
G0 X116.2 Y105.7
;TYPE:WALL-OUTER
G1 F2700 E184.31932
G1 F600 X118.6 Y105.7 E184.39915
G1 F553 X118.766 Y105.734 E184.40526
G1 X118.8 Y105.9 E184.41138
G1 F600 X118.8 Y108.3 E184.4912
G1 F2700 E179.4912
G0 F9000 X118.8 Y109.165
G0 X118.138 Y117.288
G0 X117.983 Y124.221
G0 X117.935 Y129.3
G0 X118.8 Y129.3
G1 F2700 E184.4912
G1 F600 X118.8 Y126.7 E184.57768
G1 F2700 E179.57768
G0 F9000 X118.8 Y125.835
G0 X117.065 Y108.1
G0 X116.2 Y108.1
G1 F2700 E184.57768
G1 F600 X116.2 Y129.3 E185.28279
G1 F2700 E180.28279
;MESH:NONMESH
G0 F300 X116.2 Y129.3 Z16.08
G0 F9000 X117.065 Y129.3
G0 X118.138 Y117.288
G0 X118.705 Y115.361
G0 X119.521 Y114.513
G0 X120.088 Y115.058
;TIME_ELAPSED:750.089246
;LAYER:83
;note -- min layer time used
;TYPE:SUPPORT
G1 F2700 E185.28279
G1 F600 X120.483 Y114.646 E185.30178
G1 X122.121 Y114.192 E185.35831
G1 X123.733 Y114.639 E185.41395
G1 X124.866 Y115.816 E185.46829
G1 X125.307 Y117.29 E185.51946
G1 X124.873 Y118.834 E185.5728
G1 X123.741 Y119.948 E185.62563
G1 X122.158 Y120.38 E185.6802
G1 X120.545 Y119.917 E185.73602
G1 X119.358 Y118.749 E185.79141
G1 X118.925 Y117.285 E185.84218
G1 X119.362 Y115.816 E185.89316
G1 X120.088 Y115.058 E185.92807
G1 F2700 E180.92807
;MESH:screen.STL
G0 F9000 X119.468 Y114.463
G0 X118.596 Y115.37
G0 X118.026 Y117.287
G0 X117.065 Y129.3
G0 X116.2 Y129.3
;TYPE:WALL-OUTER
G1 F2700 E185.92807
G1 F600 X116.2 Y105.9 E186.70635
G1 F551.7 X116.234 Y105.734 E186.71248
G1 F549.2 X116.366 Y105.701 E186.71743
G1 F597 X118.6 Y105.7 E186.7921
G1 F553 X118.766 Y105.734 E186.79822
G1 X118.8 Y105.9 E186.80433
G1 F600 X118.8 Y108.3 E186.88416
G1 F2700 E181.88416
G0 F9000 X118.8 Y109.165
G0 X118.026 Y117.287
G0 X117.935 Y129.3
G0 X118.8 Y129.3
G1 F2700 E186.88416
G1 F600 X118.8 Y126.7 E186.97063
G1 F2700 E181.97063
;MESH:NONMESH
G0 F300 X118.8 Y126.7 Z16.28
G0 F9000 X118.8 Y125.835
G0 X118.026 Y117.287
G0 X118.596 Y115.37
G0 X118.927 Y115.025
G0 X119.484 Y115.559
;TIME_ELAPSED:757.672210
;LAYER:84
;note -- min layer time used
;TYPE:SUPPORT
G1 F2700 E186.97063
G1 F600 X120.358 Y114.655 E187.01245
G1 X121.993 Y114.208 E187.06883
G1 X123.601 Y114.647 E187.12427
G1 X124.721 Y115.812 E187.17802
G1 X125.155 Y117.282 E187.229
G1 X124.721 Y118.814 E187.28196
G1 X123.596 Y119.92 E187.33443
G1 X122.002 Y120.36 E187.38943
G1 X120.441 Y119.898 E187.44358
G1 X119.246 Y118.725 E187.49927
G1 X118.813 Y117.267 E187.54986
G1 X119.239 Y115.812 E187.60028
G1 X119.484 Y115.559 E187.61199
G1 F2700 E182.61199
;MESH:screen.STL
G0 F9000 X118.863 Y114.962
G0 X118.474 Y115.367
G0 X117.915 Y117.273
G0 X117.065 Y129.3
G0 X116.2 Y129.3
;TYPE:WALL-OUTER
G1 F2700 E187.61199
G1 F600 X116.2 Y105.9 E188.39028
G1 F551.7 X116.234 Y105.734 E188.39641
G1 F549.2 X116.366 Y105.701 E188.40135
G1 F597 X118.6 Y105.7 E188.47603
G1 F553 X118.766 Y105.734 E188.48214
G1 X118.8 Y105.9 E188.48826
G1 F600 X118.8 Y108.3 E188.56808
G1 F2700 E183.56808
G0 F9000 X118.8 Y109.165
G0 X117.915 Y117.273
G0 X117.935 Y129.3
G0 X118.8 Y129.3
G1 F2700 E188.56808
G1 F600 X118.8 Y126.7 E188.65456
G1 F2700 E183.65456
;MESH:NONMESH
G0 F300 X118.8 Y126.7 Z16.48
G0 F9000 X118.8 Y125.835
G0 X117.915 Y117.273
G0 X118.474 Y115.367
G0 X119.085 Y114.732
G0 X119.643 Y115.269
;TIME_ELAPSED:765.237514
;LAYER:85
;note -- min layer time used
;TYPE:SUPPORT
G1 F2700 E188.65456
G1 F600 X120.234 Y114.655 E188.6829
G1 X121.835 Y114.216 E188.73812
G1 X123.453 Y114.663 E188.79395
G1 X124.57 Y115.824 E188.84754
G1 X125.007 Y117.282 E188.89816
G1 X124.577 Y118.806 E188.95083
G1 X123.46 Y119.904 E189.00292
G1 X121.899 Y120.332 E189.05676
G1 X120.317 Y119.862 E189.11165
G1 X119.134 Y118.697 E189.16687
G1 X118.705 Y117.251 E189.21704
G1 X119.127 Y115.804 E189.26717
G1 X119.643 Y115.269 E189.29189
G1 F2700 E184.29189
;MESH:screen.STL
G0 F9000 X119.021 Y114.671
G0 X118.359 Y115.359
G0 X117.804 Y117.255
G0 X117.065 Y129.3
G0 X116.2 Y129.3
;TYPE:WALL-OUTER
G1 F2700 E189.29189
G1 F600 X116.2 Y105.9 E190.07018
G1 F551.7 X116.234 Y105.734 E190.07631
G1 F549.2 X116.366 Y105.701 E190.08125
G1 F597 X118.6 Y105.7 E190.15593
G1 F553 X118.766 Y105.734 E190.16204
G1 X118.8 Y105.9 E190.16816
G1 F600 X118.8 Y108.3 E190.24798
G1 F2700 E185.24798
G0 F9000 X118.8 Y109.165
G0 X117.804 Y117.255
G0 X117.935 Y129.3
G0 X118.8 Y129.3
G1 F2700 E190.24798
G1 F600 X118.8 Y126.7 E190.33446
G1 F2700 E185.33446
;MESH:NONMESH
G0 F300 X118.8 Y126.7 Z16.68
G0 F9000 X118.8 Y125.835
G0 X117.804 Y117.255
G0 X118.359 Y115.359
G0 X119.036 Y114.655
G0 X119.596 Y115.193
;TIME_ELAPSED:772.820838
;LAYER:86
;note -- min layer time used
;TYPE:SUPPORT
G1 F2700 E190.33446
G1 F600 X120.114 Y114.655 E190.3593
G1 X121.711 Y114.216 E190.41438
G1 X123.313 Y114.659 E190.46967
G1 X124.422 Y115.816 E190.52297
G1 X124.855 Y117.262 E190.57318
G1 X124.429 Y118.778 E190.62555
G1 X123.321 Y119.868 E190.67725
G1 X121.767 Y120.292 E190.73082
G1 X120.197 Y119.826 E190.78529
G1 X119.021 Y118.669 E190.84016
G1 X118.593 Y117.235 E190.88994
G1 X119.015 Y115.796 E190.93981
G1 X119.596 Y115.193 E190.96766
G1 F2700 E185.96766
;MESH:screen.STL
G0 F9000 X118.974 Y114.595
G0 X118.247 Y115.351
G0 X117.693 Y117.239
G0 X117.065 Y129.3
G0 X116.2 Y129.3
;TYPE:WALL-OUTER
G1 F2700 E190.96766
G1 F600 X116.2 Y105.9 E191.74595
G1 F551.7 X116.234 Y105.734 E191.75208
G1 F549.2 X116.366 Y105.701 E191.75702
G1 F597 X118.6 Y105.7 E191.8317
G1 F553 X118.766 Y105.734 E191.83781
G1 X118.8 Y105.9 E191.84393
G1 F600 X118.8 Y108.3 E191.92375
G1 F2700 E186.92375
G0 F9000 X118.8 Y109.165
G0 X117.693 Y117.239
G0 X117.935 Y129.3
G0 X118.8 Y129.3
G1 F2700 E191.92375
G1 F600 X118.8 Y126.7 E192.01023
G1 F2700 E187.01023
;MESH:NONMESH
G0 F300 X118.8 Y126.7 Z16.88
G0 F9000 X118.8 Y125.835
G0 X117.693 Y117.239
G0 X118.247 Y115.351
G0 X118.989 Y114.579
G0 X119.549 Y115.117
;TIME_ELAPSED:780.411550
;LAYER:87
;note -- min layer time used
;TYPE:SUPPORT
G1 F2700 E192.01023
G1 F600 X119.994 Y114.655 E192.03156
G1 X121.587 Y114.22 E192.08649
G1 X123.173 Y114.659 E192.14122
G1 X124.274 Y115.804 E192.19405
G1 X124.707 Y117.242 E192.244
G1 X124.281 Y118.75 E192.29612
G1 X123.18 Y119.832 E192.34747
G1 X121.635 Y120.256 E192.40075
G1 X120.073 Y119.794 E192.45493
G1 X118.906 Y118.645 E192.5094
G1 X118.481 Y117.219 E192.55889
G1 X118.903 Y115.788 E192.60851
G1 X119.549 Y115.117 E192.63949
G1 F2700 E187.63949
;MESH:screen.STL
G0 F9000 X118.928 Y114.52
G0 X118.136 Y115.344
G0 X117.581 Y117.224
G0 X117.065 Y129.3
G0 X116.2 Y129.3
;TYPE:WALL-OUTER
G1 F2700 E192.63949
G1 F600 X116.2 Y105.9 E193.41778
G1 F551.7 X116.234 Y105.734 E193.42391
G1 F549.2 X116.366 Y105.701 E193.42885
G1 F597 X118.6 Y105.7 E193.50353
G1 F553 X118.766 Y105.734 E193.50964
G1 X118.8 Y105.9 E193.51576
G1 F600 X118.8 Y108.3 E193.59558
G1 F2700 E188.59558
G0 F9000 X118.8 Y109.165
G0 X117.581 Y117.224
G0 X117.935 Y129.3
G0 X118.8 Y129.3
G1 F2700 E193.59558
G1 F600 X118.8 Y126.7 E193.68206
G1 F2700 E188.68206
;MESH:NONMESH
G0 F300 X118.8 Y126.7 Z17.08
G0 F9000 X118.8 Y125.835
G0 X117.581 Y117.224
G0 X118.136 Y115.344
G0 X118.936 Y114.512
G0 X119.493 Y115.047
;TIME_ELAPSED:788.009899
;LAYER:88
;note -- min layer time used
;TYPE:SUPPORT
G1 F2700 E193.68206
G1 F600 X119.874 Y114.651 E193.70033
G1 X121.451 Y114.22 E193.75471
G1 X123.033 Y114.659 E193.80931
G1 X124.13 Y115.8 E193.86196
G1 X124.555 Y117.23 E193.91158
G1 X124.133 Y118.722 E193.96315
G1 X123.04 Y119.8 E194.01421
G1 X121.499 Y120.22 E194.06733
G1 X119.969 Y119.77 E194.12037
G1 X118.793 Y118.617 E194.17515
G1 X118.369 Y117.199 E194.22438
G1 X118.787 Y115.78 E194.27358
G1 X119.493 Y115.047 E194.30743
G1 F2700 E189.30743
;MESH:screen.STL
G0 F9000 X118.871 Y114.449
G0 X118.019 Y115.335
G0 X117.471 Y117.203
G0 X117.065 Y129.3
G0 X116.2 Y129.3
;TYPE:WALL-OUTER
G1 F2700 E194.30743
G1 F600 X116.2 Y105.9 E195.08572
G1 F551.7 X116.234 Y105.734 E195.09184
G1 F549.2 X116.366 Y105.701 E195.09679
G1 F597 X118.6 Y105.7 E195.17146
G1 F553 X118.766 Y105.734 E195.17758
G1 X118.8 Y105.9 E195.18369
G1 F600 X118.8 Y108.3 E195.26352
G1 F2700 E190.26352
G0 F9000 X118.8 Y109.165
G0 X117.471 Y117.203
G0 X117.935 Y129.3
G0 X118.8 Y129.3
G1 F2700 E195.26352
G1 F600 X118.8 Y126.7 E195.34999
G1 F2700 E190.34999
;MESH:NONMESH
G0 F300 X118.8 Y126.7 Z17.28
G0 F9000 X118.8 Y125.835
G0 X117.471 Y117.203
G0 X118.019 Y115.335
G0 X118.569 Y114.763
G0 X119.172 Y115.343
;TIME_ELAPSED:795.601429
;LAYER:89
;note -- min layer time used
;TYPE:SUPPORT
G1 F2700 E195.34999
G1 F600 X119.843 Y114.65 E195.38208
G1 X121.341 Y114.228 E195.43384
G1 X122.889 Y114.659 E195.48728
G1 X123.982 Y115.792 E195.53965
G1 X124.407 Y117.214 E195.58901
G1 X123.989 Y118.694 E195.64016
G1 X122.9 Y119.768 E195.69103
G1 X121.308 Y120.201 E195.7459
G1 X119.808 Y119.777 E195.79775
G1 X118.682 Y118.666 E195.85036
G1 X118.273 Y117.246 E195.89951
G1 X118.698 Y115.833 E195.94859
G1 X119.172 Y115.343 E195.97126
G1 F2700 E190.97126
;MESH:screen.STL
G0 F9000 X118.551 Y114.745
G0 X117.935 Y115.384
G0 X117.374 Y117.244
G0 X117.065 Y129.3
G0 X116.2 Y129.3
;TYPE:WALL-OUTER
G1 F2700 E195.97126
G1 F600 X116.2 Y105.9 E196.74955
G1 F551.7 X116.234 Y105.734 E196.75568
G1 F549.2 X116.366 Y105.701 E196.76062
G1 F597 X118.6 Y105.7 E196.8353
G1 F553 X118.766 Y105.734 E196.84141
G1 X118.8 Y105.9 E196.84753
G1 F600 X118.8 Y108.3 E196.92735
G1 F2700 E191.92735
G0 F9000 X118.8 Y109.165
G0 X117.374 Y117.244
G0 X117.935 Y129.3
G0 X118.8 Y129.3
G1 F2700 E196.92735
G1 F600 X118.8 Y126.7 E197.01383
G1 F2700 E192.01383
;MESH:NONMESH
G0 F300 X118.8 Y126.7 Z17.48
G0 F9000 X118.8 Y125.835
G0 X117.374 Y117.244
G0 X117.935 Y115.384
G0 X119.114 Y114.162
G0 X119.695 Y114.722
;TIME_ELAPSED:803.208239
;LAYER:90
;note -- min layer time used
;TYPE:SUPPORT
G1 F2700 E197.01383
G1 F600 X121.29 Y114.272 E197.06895
G1 X122.777 Y114.671 E197.12016
G1 X123.841 Y115.787 E197.17144
G1 X124.251 Y117.215 E197.22085
G1 X123.826 Y118.686 E197.27178
G1 X122.724 Y119.781 E197.32345
G1 X121.177 Y120.212 E197.37686
G1 X119.708 Y119.793 E197.42767
G1 X118.57 Y118.674 E197.48076
G1 X118.165 Y117.286 E197.52885
G1 X118.59 Y115.876 E197.57783
G1 X119.695 Y114.722 E197.63097
G1 F2700 E192.63097
;MESH:screen.STL
G0 F9000 X119.073 Y114.126
G0 X117.822 Y115.429
G0 X117.267 Y117.281
G0 X117.065 Y129.3
G0 X116.2 Y129.3
;TYPE:WALL-OUTER
G1 F2700 E197.63097
G1 F600 X116.2 Y105.9 E198.40925
G1 F551.7 X116.234 Y105.734 E198.41538
G1 F549.2 X116.366 Y105.701 E198.42033
G1 F597 X118.6 Y105.7 E198.495
G1 F553 X118.766 Y105.734 E198.50112
G1 X118.8 Y105.9 E198.50723
G1 F600 X118.8 Y108.3 E198.58706
G1 F2700 E193.58706
G0 F9000 X118.8 Y109.165
G0 X117.267 Y117.281
G0 X117.935 Y129.3
G0 X118.8 Y129.3
G1 F2700 E198.58706
G1 F600 X118.8 Y126.7 E198.67353
G1 F2700 E193.67353
;MESH:NONMESH
G0 F300 X118.8 Y126.7 Z17.68
G0 F9000 X118.8 Y125.835
G0 X117.267 Y117.281
G0 X117.822 Y115.429
G0 X119.06 Y114.139
G0 X119.613 Y114.67
;TIME_ELAPSED:810.842357
;LAYER:91
;note -- min layer time used
;TYPE:SUPPORT
G1 F2700 E198.67353
G1 F600 X121.059 Y114.26 E198.72352
G1 X122.594 Y114.702 E198.77665
G1 X123.709 Y115.86 E198.83012
G1 X124.115 Y117.257 E198.87851
G1 X123.693 Y118.731 E198.9295
G1 X122.535 Y119.897 E198.98416
G1 X121.078 Y120.311 E199.03454
G1 X119.695 Y119.898 E199.08254
G1 X118.579 Y118.767 E199.13539
G1 X118.148 Y117.259 E199.18755
G1 X118.564 Y115.794 E199.23821
G1 X119.613 Y114.67 E199.28934
G1 F2700 E194.28934
;MESH:screen.STL
G0 F9000 X118.98 Y114.081
G0 X117.792 Y115.357
G0 X117.25 Y117.263
G0 X117.065 Y129.3
G0 X116.2 Y129.3
;TYPE:WALL-OUTER
G1 F2700 E199.28934
G1 F600 X116.2 Y105.9 E200.06763
G1 F551.7 X116.234 Y105.734 E200.07376
G1 F549.2 X116.366 Y105.701 E200.0787
G1 F597 X118.6 Y105.7 E200.15338
G1 F553 X118.766 Y105.734 E200.15949
G1 X118.8 Y105.9 E200.16561
G1 F600 X118.8 Y108.3 E200.24543
G1 F2700 E195.24543
G0 F9000 X118.8 Y109.165
G0 X117.25 Y117.263
G0 X117.935 Y129.3
G0 X118.8 Y129.3
G1 F2700 E200.24543
G1 F600 X118.8 Y126.7 E200.33191
G1 F2700 E195.33191
;MESH:NONMESH
G0 F300 X118.8 Y126.7 Z17.88
G0 F9000 X118.8 Y125.835
G0 X117.25 Y117.263
G0 X117.792 Y115.357
G0 X119.03 Y114.027
G0 X119.601 Y114.558
;TIME_ELAPSED:818.472463
;LAYER:92
;note -- min layer time used
;TYPE:SUPPORT
G1 F2700 E200.33191
G1 F600 X121.039 Y114.148 E200.38164
G1 X122.483 Y114.562 E200.4316
G1 X123.549 Y115.706 E200.48361
G1 X123.992 Y117.231 E200.53643
G1 X123.995 Y117.39 E200.54172
G1 X123.565 Y118.952 E200.59561
G1 X122.522 Y120.01 E200.64502
G1 X121.078 Y120.423 E200.69497
G1 X119.703 Y120.011 E200.74271
G1 X118.599 Y118.887 E200.79511
G1 X118.158 Y117.358 E200.84804
G1 X118.139 Y117.155 E200.85482
G1 X118.56 Y115.674 E200.90603
G1 X119.601 Y114.558 E200.95679
G1 F2700 E195.95679
;MESH:screen.STL
G0 F9000 X118.968 Y113.969
G0 X117.789 Y115.237
G0 X117.267 Y117.072
G0 X117.065 Y129.3
G0 X116.2 Y129.3
;TYPE:WALL-OUTER
G1 F2700 E200.95679
G1 F600 X116.2 Y105.9 E201.73508
G1 F551.7 X116.234 Y105.734 E201.74121
G1 F549.2 X116.366 Y105.701 E201.74615
G1 F597 X118.6 Y105.7 E201.82083
G1 F553 X118.766 Y105.734 E201.82694
G1 X118.8 Y105.9 E201.83306
G1 F600 X118.8 Y108.3 E201.91288
G1 F2700 E196.91288
G0 F9000 X118.8 Y109.165
G0 X117.267 Y117.072
G0 X117.935 Y129.3
G0 X118.8 Y129.3
G1 F2700 E201.91288
G1 F600 X118.8 Y126.7 E201.99936
G1 F2700 E196.99936
;MESH:NONMESH
G0 F300 X118.8 Y126.7 Z18.08
G0 F9000 X118.8 Y125.835
G0 X117.307 Y117.53
G0 X117.267 Y117.072
G0 X117.789 Y115.237
G0 X119.024 Y113.91
G0 X119.596 Y114.442
;TIME_ELAPSED:826.119130
;LAYER:93
;note -- min layer time used
;TYPE:SUPPORT
G1 F2700 E201.99936
G1 F600 X121.019 Y114.04 E202.04854
G1 X122.451 Y114.45 E202.09808
G1 X123.513 Y115.586 E202.14981
G1 X123.948 Y117.075 E202.2014
G1 X123.912 Y117.245 E202.20718
G1 X123.98 Y117.515 E202.21644
G1 X123.549 Y119.072 E202.27017
G1 X122.514 Y120.126 E202.31931
G1 X121.078 Y120.535 E202.36897
G1 X119.715 Y120.127 E202.41629
G1 X118.615 Y119.011 E202.46841
G1 X118.19 Y117.534 E202.51952
G1 X118.224 Y117.322 E202.52667
G1 X118.144 Y117.003 E202.5376
G1 X118.556 Y115.554 E202.58771
G1 X119.596 Y114.442 E202.63835
G1 F2700 E197.63835
;MESH:screen.STL
G0 F9000 X118.963 Y113.852
G0 X117.785 Y115.118
G0 X117.251 Y116.994
G0 X117.065 Y129.3
G0 X116.2 Y129.3
;TYPE:WALL-OUTER
G1 F2700 E202.63835
G1 F600 X116.2 Y105.9 E203.41664
G1 F551.7 X116.234 Y105.734 E203.42277
G1 F549.2 X116.366 Y105.701 E203.42771
G1 F597 X118.6 Y105.7 E203.50238
G1 F553 X118.766 Y105.734 E203.5085
G1 X118.8 Y105.9 E203.51461
G1 F600 X118.8 Y108.3 E203.59444
G1 F2700 E198.59444
G0 F9000 X118.8 Y109.165
G0 X117.251 Y116.994
G0 X117.935 Y129.3
G0 X118.8 Y129.3
G1 F2700 E203.59444
G1 F600 X118.8 Y126.7 E203.68091
G1 F2700 E198.68091
;MESH:NONMESH
G0 F300 X118.8 Y126.7 Z18.28
G0 F9000 X118.8 Y125.835
G0 X117.306 Y117.576
G0 X117.251 Y116.994
G0 X117.785 Y115.118
G0 X119.014 Y113.798
G0 X119.585 Y114.33
;TIME_ELAPSED:833.814704
;LAYER:94
;note -- min layer time used
;TYPE:SUPPORT
G1 F2700 E203.68091
G1 F600 X120.999 Y113.929 E203.7298
G1 X122.423 Y114.337 E203.77907
G1 X123.473 Y115.466 E203.83035
G1 X123.907 Y116.946 E203.88164
G1 X123.844 Y117.223 E203.89109
G1 X123.96 Y117.649 E203.90578
G1 X123.536 Y119.192 E203.959
G1 X122.506 Y120.238 E204.00783
G1 X121.082 Y120.647 E204.0571
G1 X119.727 Y120.243 E204.10413
G1 X118.635 Y119.131 E204.15597
G1 X118.211 Y117.669 E204.2066
G1 X118.277 Y117.374 E204.21665
G1 X118.141 Y116.887 E204.23347
G1 X118.556 Y115.434 E204.28373
G1 X119.585 Y114.33 E204.33393
G1 F2700 E199.33393
;MESH:screen.STL
G0 F9000 X118.951 Y113.74
G0 X117.782 Y114.997
G0 X117.244 Y116.894
G0 X117.065 Y129.3
G0 X116.2 Y129.3
;TYPE:WALL-OUTER
G1 F2700 E204.33393
G1 F600 X116.2 Y105.9 E205.11221
G1 F551.7 X116.234 Y105.734 E205.11834
G1 F549.2 X116.366 Y105.701 E205.12329
G1 F597 X118.6 Y105.7 E205.19796
G1 F553 X118.766 Y105.734 E205.20408
G1 X118.8 Y105.9 E205.21019
G1 F600 X118.8 Y108.3 E205.29001
G1 F2700 E200.29001
G0 F9000 X118.8 Y109.165
G0 X117.244 Y116.894
G0 X117.935 Y129.3
G0 X118.8 Y129.3
G1 F2700 E205.29001
G1 F600 X118.8 Y126.7 E205.37649
G1 F2700 E200.37649
;MESH:NONMESH
G0 F300 X118.8 Y126.7 Z18.48
G0 F9000 X118.8 Y125.835
G0 X117.322 Y117.698
G0 X117.244 Y116.894
G0 X117.782 Y114.997
G0 X119 Y113.688
G0 X119.569 Y114.218
;TIME_ELAPSED:841.556257
;LAYER:95
;note -- min layer time used
;TYPE:SUPPORT
G1 F2700 E205.37649
G1 F600 X120.979 Y113.82 E205.42522
G1 X122.395 Y114.225 E205.47421
G1 X123.437 Y115.346 E205.52511
G1 X123.868 Y116.814 E205.576
G1 X123.771 Y117.175 E205.58843
G1 X123.944 Y117.782 E205.60942
G1 X123.524 Y119.316 E205.66232
G1 X122.498 Y120.357 E205.71093
G1 X121.082 Y120.759 E205.75989
G1 X119.735 Y120.359 E205.80663
G1 X118.655 Y119.256 E205.85797
G1 X118.229 Y117.773 E205.90929
G1 X118.33 Y117.409 E205.92185
G1 X118.141 Y116.755 E205.9445
G1 X118.552 Y115.313 E205.99437
G1 X119.569 Y114.218 E206.04407
G1 F2700 E201.04407
;MESH:screen.STL
G0 F9000 X118.938 Y113.631
G0 X117.779 Y114.876
G0 X117.244 Y116.758
G0 X117.065 Y129.3
G0 X116.2 Y129.3
;TYPE:WALL-OUTER
G1 F2700 E206.04407
G1 F600 X116.2 Y105.9 E206.82236
G1 F551.7 X116.234 Y105.734 E206.82849
G1 F549.2 X116.366 Y105.701 E206.83343
G1 F597 X118.6 Y105.7 E206.90811
G1 F553 X118.766 Y105.734 E206.91422
G1 X118.8 Y105.9 E206.92034
G1 F600 X118.8 Y108.3 E207.00016
G1 F2700 E202.00016
G0 F9000 X118.8 Y109.165
G0 X117.244 Y116.758
G0 X117.935 Y129.3
G0 X118.8 Y129.3
G1 F2700 E207.00016
G1 F600 X118.8 Y126.7 E207.08664
G1 F2700 E202.08664
;MESH:NONMESH
G0 F300 X118.8 Y126.7 Z18.68
G0 F9000 X118.8 Y125.835
G0 X117.329 Y117.775
G0 X117.244 Y116.758
G0 X117.779 Y114.876
G0 X118.99 Y113.575
G0 X119.561 Y114.106
;TIME_ELAPSED:849.342460
;LAYER:96
;note -- min layer time used
;TYPE:SUPPORT
G1 F2700 E207.08664
G1 F600 X120.959 Y113.709 E207.13497
G1 X122.363 Y114.113 E207.18357
G1 X123.401 Y115.226 E207.23419
G1 X123.828 Y116.686 E207.28478
G1 X123.705 Y117.14 E207.30042
G1 X123.928 Y117.914 E207.32721
G1 X123.505 Y119.436 E207.37975
G1 X122.49 Y120.466 E207.42785
G1 X121.086 Y120.871 E207.47645
G1 X119.747 Y120.471 E207.52293
G1 X118.671 Y119.376 E207.57399
G1 X118.249 Y117.905 E207.62489
G1 X118.379 Y117.451 E207.6406
G1 X118.141 Y116.634 E207.6689
G1 X118.548 Y115.19 E207.7188
G1 X119.561 Y114.106 E207.76815
G1 F2700 E202.76815
;MESH:screen.STL
G0 F9000 X118.928 Y113.517
G0 X117.776 Y114.756
G0 X117.243 Y116.635
G0 X117.065 Y129.3
G0 X116.2 Y129.3
;TYPE:WALL-OUTER
G1 F2700 E207.76815
G1 F600 X116.2 Y105.9 E208.54643
G1 F551.7 X116.234 Y105.734 E208.55256
G1 F549.2 X116.366 Y105.701 E208.55751
G1 F597 X118.6 Y105.7 E208.63218
G1 F553 X118.766 Y105.734 E208.6383
G1 X118.8 Y105.9 E208.64441
G1 F600 X118.8 Y108.3 E208.72424
G1 F2700 E203.72424
G0 F9000 X118.8 Y109.165
G0 X117.243 Y116.635
G0 X117.935 Y129.3
G0 X118.8 Y129.3
G1 F2700 E208.72424
G1 F600 X118.8 Y126.7 E208.81071
G1 F2700 E203.81071
;MESH:NONMESH
G0 F300 X118.8 Y126.7 Z18.88
G0 F9000 X118.8 Y125.835
G0 X117.35 Y117.907
G0 X117.243 Y116.635
G0 X117.776 Y114.756
G0 X118.982 Y113.46
G0 X119.552 Y113.99
;TIME_ELAPSED:857.173670
;LAYER:97
;note -- min layer time used
;TYPE:SUPPORT
G1 F2700 E208.81071
G1 F600 X120.939 Y113.6 E208.85863
G1 X122.335 Y113.998 E208.90691
G1 X123.361 Y115.102 E208.95704
G1 X123.788 Y116.559 E209.00754
G1 X123.641 Y117.1 E209.02619
G1 X123.908 Y118.045 E209.05885
G1 X123.492 Y119.556 E209.11097
G1 X122.478 Y120.586 E209.15905
G1 X121.086 Y120.983 E209.20719
G1 X119.759 Y120.587 E209.25325
G1 X118.691 Y119.499 E209.30396
G1 X118.269 Y118.037 E209.35457
G1 X118.427 Y117.488 E209.37357
G1 X118.141 Y116.502 E209.40772
G1 X118.544 Y115.07 E209.4572
G1 X119.552 Y113.99 E209.50633
G1 F2700 E204.50633
;MESH:screen.STL
G0 F9000 X118.92 Y113.401
G0 X117.772 Y114.635
G0 X117.243 Y116.503
G0 X117.065 Y129.3
G0 X116.2 Y129.3
;TYPE:WALL-OUTER
G1 F2700 E209.50633
G1 F600 X116.2 Y105.9 E210.28462
G1 F551.7 X116.234 Y105.734 E210.29075
G1 F549.2 X116.366 Y105.701 E210.29569
G1 F597 X118.6 Y105.7 E210.37037
G1 F553 X118.766 Y105.734 E210.37648
G1 X118.8 Y105.9 E210.3826
G1 F600 X118.8 Y108.3 E210.46242
G1 F2700 E205.46242
G0 F9000 X118.8 Y109.165
G0 X117.243 Y116.503
G0 X117.935 Y129.3
G0 X118.8 Y129.3
G1 F2700 E210.46242
G1 F600 X118.8 Y126.7 E210.5489
G1 F2700 E205.5489
;MESH:NONMESH
G0 F300 X118.8 Y126.7 Z19.08
G0 F9000 X118.8 Y125.835
G0 X117.372 Y118.039
G0 X117.243 Y116.503
G0 X117.772 Y114.635
G0 X118.971 Y113.347
G0 X119.541 Y113.878
;TIME_ELAPSED:865.050168
;LAYER:98
;note -- min layer time used
;TYPE:SUPPORT
G1 F2700 E210.5489
G1 F600 X120.919 Y113.488 E210.59653
G1 X122.303 Y113.886 E210.64443
G1 X123.329 Y114.982 E210.69436
G1 X123.748 Y116.426 E210.74437
G1 X123.573 Y117.072 E210.76663
G1 X123.892 Y118.178 E210.80492
G1 X123.477 Y119.68 E210.85674
G1 X122.474 Y120.698 E210.90428
G1 X121.09 Y121.095 E210.95216
G1 X119.771 Y120.703 E210.99793
G1 X118.711 Y119.62 E211.04833
G1 X118.293 Y118.168 E211.09859
G1 X118.475 Y117.524 E211.12085
G1 X118.14 Y116.367 E211.16091
G1 X118.54 Y114.95 E211.20988
G1 X119.541 Y113.878 E211.25866
G1 F2700 E206.25866
;MESH:screen.STL
G0 F9000 X118.909 Y113.29
G0 X117.769 Y114.515
G0 X117.242 Y116.371
G0 X117.065 Y129.3
G0 X116.2 Y129.3
;TYPE:WALL-OUTER
G1 F2700 E211.25866
G1 F600 X116.2 Y105.9 E212.03695
G1 F551.7 X116.234 Y105.734 E212.04308
G1 F549.2 X116.366 Y105.701 E212.04802
G1 F597 X118.6 Y105.7 E212.1227
G1 F553 X118.766 Y105.734 E212.12881
G1 X118.8 Y105.9 E212.13493
G1 F600 X118.8 Y108.3 E212.21475
G1 F2700 E207.21475
G0 F9000 X118.8 Y109.165
G0 X117.242 Y116.371
G0 X117.935 Y129.3
G0 X118.8 Y129.3
G1 F2700 E212.21475
G1 F600 X118.8 Y126.7 E212.30123
G1 F2700 E207.30123
;MESH:NONMESH
G0 F300 X118.8 Y126.7 Z19.28
G0 F9000 X118.8 Y125.835
G0 X117.393 Y118.17
G0 X117.242 Y116.371
G0 X117.769 Y114.515
G0 X118.959 Y113.236
G0 X119.529 Y113.766
;TIME_ELAPSED:872.971967
;LAYER:99
;note -- min layer time used
;TYPE:SUPPORT
G1 F2700 E212.30123
G1 F600 X120.899 Y113.38 E212.34857
G1 X122.275 Y113.774 E212.39617
G1 X123.289 Y114.862 E212.44564
G1 X123.708 Y116.298 E212.49539
G1 X123.511 Y117.034 E212.52074
G1 X123.872 Y118.306 E212.56471
G1 X123.464 Y119.8 E212.61622
G1 X122.466 Y120.814 E212.66354
G1 X121.09 Y121.207 E212.71114
G1 X119.779 Y120.819 E212.75661
G1 X118.731 Y119.748 E212.80645
G1 X118.313 Y118.301 E212.85655
G1 X118.523 Y117.574 E212.88172
G1 X118.141 Y116.235 E212.92803
G1 X118.54 Y114.829 E212.97664
G1 X119.529 Y113.766 E213.02493
G1 F2700 E208.02493
;MESH:screen.STL
G0 F9000 X118.897 Y113.178
G0 X117.766 Y114.394
G0 X117.242 Y116.24
G0 X117.065 Y129.3
G0 X116.2 Y129.3
;TYPE:WALL-OUTER
G1 F2700 E213.02493
G1 F600 X116.2 Y105.9 E213.80322
G1 F551.7 X116.234 Y105.734 E213.80935
G1 F549.2 X116.366 Y105.701 E213.81429
G1 F597 X118.6 Y105.7 E213.88897
G1 F553 X118.766 Y105.734 E213.89508
G1 X118.8 Y105.9 E213.90119
G1 F600 X118.8 Y108.3 E213.98102
G1 F2700 E208.98102
G0 F9000 X118.8 Y109.165
G0 X117.242 Y116.24
G0 X117.935 Y129.3
G0 X118.8 Y129.3
G1 F2700 E213.98102
G1 F600 X118.8 Y126.7 E214.0675
G1 F2700 E209.0675
;MESH:NONMESH
G0 F300 X118.8 Y126.7 Z19.48
G0 F9000 X118.8 Y125.835
G0 X117.415 Y118.302
G0 X117.242 Y116.24
G0 X117.766 Y114.394
G0 X118.948 Y113.124
G0 X119.517 Y113.654
;TIME_ELAPSED:880.938291
;LAYER:100
;note -- min layer time used
;TYPE:SUPPORT
G1 F2700 E214.0675
G1 F600 X120.879 Y113.269 E214.11457
G1 X122.247 Y113.661 E214.1619
G1 X123.253 Y114.742 E214.21102
G1 X123.672 Y116.166 E214.26039
G1 X123.445 Y116.992 E214.28888
G1 X123.856 Y118.442 E214.33901
G1 X123.448 Y119.924 E214.39013
G1 X122.458 Y120.926 E214.43698
G1 X121.094 Y121.319 E214.48419
G1 X119.795 Y120.931 E214.52928
G1 X118.747 Y119.867 E214.57896
G1 X118.333 Y118.433 E214.6286
G1 X118.573 Y117.605 E214.65727
G1 X118.141 Y116.115 E214.70887
G1 X118.536 Y114.709 E214.75744
G1 X119.517 Y113.654 E214.80536
G1 F2700 E209.80536
;MESH:screen.STL
G0 F9000 X118.885 Y113.066
G0 X117.763 Y114.273
G0 X117.241 Y116.116
G0 X117.065 Y129.3
G0 X116.2 Y129.3
;TYPE:WALL-OUTER
G1 F2700 E214.80536
G1 F600 X116.2 Y105.9 E215.58365
G1 F551.7 X116.234 Y105.734 E215.58978
G1 F549.2 X116.366 Y105.701 E215.59472
G1 F597 X118.6 Y105.7 E215.66939
G1 F553 X118.766 Y105.734 E215.67551
G1 X118.8 Y105.9 E215.68162
G1 F600 X118.8 Y108.3 E215.76145
G1 F2700 E210.76145
G0 F9000 X118.8 Y109.165
G0 X117.241 Y116.116
G0 X117.935 Y129.3
G0 X118.8 Y129.3
G1 F2700 E215.76145
G1 F600 X118.8 Y126.7 E215.84792
G1 F2700 E210.84792
;MESH:NONMESH
G0 F300 X118.8 Y126.7 Z19.68
G0 F9000 X118.8 Y125.835
G0 X117.436 Y118.434
G0 X117.241 Y116.116
G0 X117.763 Y114.273
G0 X118.939 Y113.008
G0 X119.509 Y113.538
;TIME_ELAPSED:888.950101
;LAYER:101
;note -- min layer time used
;TYPE:SUPPORT
G1 F2700 E215.84792
G1 F600 X120.859 Y113.156 E215.89459
G1 X122.215 Y113.545 E215.94151
G1 X123.213 Y114.618 E215.99025
G1 X123.632 Y116.039 E216.03952
G1 X123.364 Y117.019 E216.07331
G1 X123.44 Y117.19 E216.07954
G1 X123.836 Y118.574 E216.12742
G1 X123.432 Y120.048 E216.17825
G1 X122.45 Y121.042 E216.22472
G1 X121.094 Y121.431 E216.27164
G1 X119.803 Y121.047 E216.31644
G1 X118.767 Y119.992 E216.36562
G1 X118.356 Y118.559 E216.4152
G1 X118.631 Y117.599 E216.44842
G1 X118.615 Y117.461 E216.45304
G1 X118.542 Y117.375 E216.45679
G1 X118.14 Y115.975 E216.50524
G1 X118.532 Y114.589 E216.55314
G1 X119.509 Y113.538 E216.60087
G1 F2700 E211.60087
;MESH:screen.STL
G0 F9000 X118.877 Y112.95
G0 X117.759 Y114.152
G0 X117.241 Y115.979
G0 X117.065 Y129.3
G0 X116.2 Y129.3
;TYPE:WALL-OUTER
G1 F2700 E216.60087
G1 F600 X116.2 Y105.9 E217.37916
G1 F551.7 X116.234 Y105.734 E217.38529
G1 F549.2 X116.366 Y105.701 E217.39023
G1 F597 X118.6 Y105.7 E217.46491
G1 F553 X118.766 Y105.734 E217.47102
G1 X118.8 Y105.9 E217.47714
G1 F600 X118.8 Y108.3 E217.55696
G1 F2700 E212.55696
G0 F9000 X118.8 Y109.165
G0 X117.241 Y115.979
G0 X117.935 Y129.3
G0 X118.8 Y129.3
G1 F2700 E217.55696
G1 F600 X118.8 Y126.7 E217.64344
G1 F2700 E212.64344
;MESH:NONMESH
G0 F300 X118.8 Y126.7 Z19.88
G0 F9000 X118.8 Y125.835
G0 X117.458 Y118.565
G0 X117.241 Y115.979
G0 X117.759 Y114.152
G0 X118.928 Y112.896
G0 X119.497 Y113.426
;TIME_ELAPSED:897.010067
;LAYER:102
;note -- min layer time used
;TYPE:SUPPORT
G1 F2700 E217.64344
G1 F600 X120.839 Y113.048 E217.68981
G1 X122.183 Y113.434 E217.73632
G1 X123.181 Y114.498 E217.78484
G1 X123.592 Y115.906 E217.83362
G1 X123.283 Y117.039 E217.87268
G1 X123.295 Y117.178 E217.87732
G1 X123.424 Y117.335 E217.88408
G1 X123.82 Y118.706 E217.93154
G1 X123.416 Y120.168 E217.98199
G1 X122.442 Y121.158 E218.02818
G1 X121.097 Y121.543 E218.07472
G1 X119.815 Y121.162 E218.1192
G1 X118.787 Y120.112 E218.16807
G1 X118.377 Y118.691 E218.21726
G1 X118.705 Y117.552 E218.25669
G1 X118.694 Y117.412 E218.26136
G1 X118.538 Y117.238 E218.26913
G1 X118.136 Y115.847 E218.31729
G1 X118.528 Y114.465 E218.36507
G1 X119.497 Y113.426 E218.41232
G1 F2700 E213.41232
;MESH:screen.STL
G0 F9000 X118.866 Y112.839
G0 X117.757 Y114.031
G0 X117.24 Y115.853
G0 X117.065 Y129.3
G0 X116.2 Y129.3
;TYPE:WALL-OUTER
G1 F2700 E218.41232
G1 F600 X116.2 Y105.9 E219.19061
G1 F551.7 X116.234 Y105.734 E219.19674
G1 F549.2 X116.366 Y105.701 E219.20168
G1 F597 X118.6 Y105.7 E219.27635
G1 F553 X118.766 Y105.734 E219.28247
G1 X118.8 Y105.9 E219.28858
G1 F600 X118.8 Y108.3 E219.36841
G1 F2700 E214.36841
G0 F9000 X118.8 Y109.165
G0 X117.24 Y115.853
G0 X117.935 Y129.3
G0 X118.8 Y129.3
G1 F2700 E219.36841
G1 F600 X118.8 Y126.7 E219.45489
G1 F2700 E214.45489
;MESH:NONMESH
G0 F300 X118.8 Y126.7 Z20.08
G0 F9000 X118.8 Y125.835
G0 X117.479 Y118.697
G0 X117.24 Y115.853
G0 X117.757 Y114.031
G0 X118.918 Y112.783
G0 X119.489 Y113.314
;TIME_ELAPSED:905.120873
;LAYER:103
;note -- min layer time used
;TYPE:SUPPORT
G1 F2700 E219.45489
G1 F600 X120.819 Y112.937 E219.50086
G1 X122.155 Y113.321 E219.5471
G1 X123.141 Y114.378 E219.59518
G1 X123.552 Y115.778 E219.64371
G1 X123.178 Y117.147 E219.69091
G1 X123.218 Y117.264 E219.69502
G1 X123.408 Y117.474 E219.70444
G1 X123.8 Y118.834 E219.75151
G1 X123.404 Y120.288 E219.80164
G1 X122.434 Y121.274 E219.84764
G1 X121.098 Y121.655 E219.89385
G1 X119.827 Y121.279 E219.93793
G1 X118.803 Y120.232 E219.98664
G1 X118.4 Y118.827 E220.03526
G1 X118.791 Y117.457 E220.08264
G1 X118.77 Y117.339 E220.08663
G1 X118.538 Y117.099 E220.09773
G1 X118.136 Y115.715 E220.14566
G1 X118.524 Y114.346 E220.19299
G1 X119.489 Y113.314 E220.23998
G1 F2700 E215.23998
;MESH:screen.STL
G0 F9000 X118.856 Y112.725
G0 X117.753 Y113.911
G0 X117.24 Y115.718
G0 X117.065 Y129.3
G0 X116.2 Y129.3
;TYPE:WALL-OUTER
G1 F2700 E220.23998
G1 F600 X116.2 Y105.9 E221.01827
G1 F551.7 X116.234 Y105.734 E221.0244
G1 F549.2 X116.366 Y105.701 E221.02934
G1 F597 X118.6 Y105.7 E221.10402
G1 F553 X118.766 Y105.734 E221.11013
G1 X118.8 Y105.9 E221.11625
G1 F600 X118.8 Y108.3 E221.19607
G1 F2700 E216.19607
G0 F9000 X118.8 Y109.165
G0 X117.24 Y115.718
G0 X117.935 Y129.3
G0 X118.8 Y129.3
G1 F2700 E221.19607
G1 F600 X118.8 Y126.7 E221.28255
G1 F2700 E216.28255
;MESH:NONMESH
G0 F300 X118.8 Y126.7 Z20.28
G0 F9000 X118.8 Y125.835
G0 X117.502 Y118.828
G0 X117.24 Y115.718
G0 X117.753 Y113.911
G0 X118.907 Y112.671
G0 X119.477 Y113.202
;TIME_ELAPSED:913.283262
;LAYER:104
;note -- min layer time used
;TYPE:SUPPORT
G1 F2700 E221.28255
G1 F600 X120.799 Y112.828 E221.32824
G1 X122.127 Y113.209 E221.3742
G1 X123.105 Y114.258 E221.4219
G1 X123.512 Y115.646 E221.47001
G1 X123.084 Y117.215 E221.5241
G1 X123.126 Y117.325 E221.52801
G1 X123.397 Y117.618 E221.54129
G1 X123.784 Y118.97 E221.58806
G1 X123.388 Y120.412 E221.6378
G1 X122.426 Y121.386 E221.68333
G1 X121.102 Y121.767 E221.72916
G1 X119.839 Y121.391 E221.77298
G1 X118.823 Y120.356 E221.82122
G1 X118.421 Y118.955 E221.8697
G1 X118.799 Y117.629 E221.91556
G1 X118.892 Y117.524 E221.92023
G1 X118.9 Y117.33 E221.92668
G1 X118.534 Y116.959 E221.94402
G1 X118.137 Y115.587 E221.99152
G1 X118.524 Y114.226 E222.03858
G1 X119.477 Y113.202 E222.08511
G1 F2700 E217.08511
;MESH:screen.STL
G0 F9000 X118.844 Y112.614
G0 X117.75 Y113.792
G0 X117.239 Y115.594
G0 X117.065 Y129.3
G0 X116.2 Y129.3
;TYPE:WALL-OUTER
G1 F2700 E222.08511
G1 F600 X116.2 Y105.9 E222.8634
G1 F551.7 X116.234 Y105.734 E222.86953
G1 F549.2 X116.366 Y105.701 E222.87447
G1 F597 X118.6 Y105.7 E222.94914
G1 F553 X118.766 Y105.734 E222.95526
G1 X118.8 Y105.9 E222.96137
G1 F600 X118.8 Y108.3 E223.0412
G1 F2700 E218.0412
G0 F9000 X118.8 Y109.165
G0 X117.239 Y115.594
G0 X117.935 Y129.3
G0 X118.8 Y129.3
G1 F2700 E223.0412
G1 F600 X118.8 Y126.7 E223.12768
G1 F2700 E218.12768
;MESH:NONMESH
G0 F300 X118.8 Y126.7 Z20.48
G0 F9000 X118.8 Y125.835
G0 X117.522 Y118.96
G0 X117.239 Y115.594
G0 X117.75 Y113.792
G0 X118.898 Y112.556
G0 X119.469 Y113.086
;TIME_ELAPSED:921.500823
;LAYER:105
;note -- min layer time used
;TYPE:SUPPORT
G1 F2700 E223.12768
G1 F600 X120.779 Y112.716 E223.17295
G1 X122.095 Y113.094 E223.21849
G1 X123.069 Y114.134 E223.26588
G1 X123.472 Y115.518 E223.31383
G1 X123.096 Y116.89 E223.36114
G1 X122.939 Y117.061 E223.36886
G1 X122.908 Y117.187 E223.37318
G1 X122.932 Y117.274 E223.37618
G1 X123.38 Y117.758 E223.39812
G1 X123.768 Y119.102 E223.44464
G1 X123.376 Y120.532 E223.49396
G1 X122.418 Y121.502 E223.5393
G1 X121.105 Y121.879 E223.58474
G1 X119.847 Y121.506 E223.62838
G1 X118.843 Y120.484 E223.67603
G1 X118.444 Y119.087 E223.72435
G1 X118.82 Y117.762 E223.77016
G1 X119.017 Y117.55 E223.77979
G1 X119.052 Y117.441 E223.7836
G1 X119.033 Y117.334 E223.78721
G1 X118.531 Y116.82 E223.81111
G1 X118.136 Y115.455 E223.85837
G1 X118.52 Y114.105 E223.90505
G1 X119.469 Y113.086 E223.95137
G1 F2700 E218.95137
;MESH:screen.STL
G0 F9000 X118.837 Y112.498
G0 X117.746 Y113.67
G0 X117.239 Y115.46
G0 X117.065 Y129.3
G0 X116.2 Y129.3
;TYPE:WALL-OUTER
G1 F2700 E223.95137
G1 F600 X116.2 Y105.9 E224.72965
G1 F551.7 X116.234 Y105.734 E224.73578
G1 F549.2 X116.366 Y105.701 E224.74073
G1 F597 X118.6 Y105.7 E224.8154
G1 F553 X118.766 Y105.734 E224.82152
G1 X118.8 Y105.9 E224.82763
G1 F600 X118.8 Y108.3 E224.90745
G1 F2700 E219.90745
G0 F9000 X118.8 Y109.165
G0 X117.239 Y115.46
G0 X117.935 Y129.3
G0 X118.8 Y129.3
G1 F2700 E224.90745
G1 F600 X118.8 Y126.7 E224.99393
G1 F2700 E219.99393
;MESH:NONMESH
G0 F300 X118.8 Y126.7 Z20.68
G0 F9000 X118.8 Y125.835
G0 X117.545 Y119.091
G0 X117.239 Y115.46
G0 X117.746 Y113.67
G0 X118.887 Y112.444
G0 X119.457 Y112.974
;TIME_ELAPSED:929.784751
;LAYER:106
;note -- min layer time used
;TYPE:SUPPORT
G1 F2700 E224.99393
G1 F600 X120.759 Y112.605 E225.03894
G1 X122.067 Y112.981 E225.08421
G1 X123.033 Y114.018 E225.13134
G1 X123.432 Y115.387 E225.17877
G1 X123.064 Y116.749 E225.2257
G1 X122.793 Y117.029 E225.23866
G1 X122.752 Y117.149 E225.24288
G1 X122.775 Y117.255 E225.24648
G1 X123.368 Y117.897 E225.27555
G1 X123.752 Y119.234 E225.32182
G1 X123.36 Y120.652 E225.37075
G1 X122.414 Y121.618 E225.41572
G1 X121.109 Y121.991 E225.46086
G1 X119.863 Y121.622 E225.50408
G1 X118.863 Y120.6 E225.55164
G1 X118.464 Y119.219 E225.59945
G1 X118.84 Y117.902 E225.645
G1 X119.158 Y117.557 E225.66061
G1 X119.19 Y117.412 E225.66555
G1 X119.163 Y117.331 E225.66839
G1 X118.527 Y116.684 E225.69856
G1 X118.136 Y115.327 E225.74553
G1 X118.516 Y113.985 E225.79192
G1 X119.457 Y112.974 E225.83786
G1 F2700 E220.83786
;MESH:screen.STL
G0 F9000 X118.825 Y112.386
G0 X117.744 Y113.549
G0 X117.238 Y115.331
G0 X117.065 Y129.3
G0 X116.2 Y129.3
;TYPE:WALL-OUTER
G1 F2700 E225.83786
G1 F600 X116.2 Y105.9 E226.61615
G1 F551.7 X116.234 Y105.734 E226.62228
G1 F549.2 X116.366 Y105.701 E226.62722
G1 F597 X118.6 Y105.7 E226.7019
G1 F553 X118.766 Y105.734 E226.70801
G1 X118.8 Y105.9 E226.71413
G1 F600 X118.8 Y108.3 E226.79395
G1 F2700 E221.79395
G0 F9000 X118.8 Y109.165
G0 X117.238 Y115.331
G0 X117.935 Y129.3
G0 X118.8 Y129.3
G1 F2700 E226.79395
G1 F600 X118.8 Y126.7 E226.88043
G1 F2700 E221.88043
;MESH:NONMESH
G0 F300 X118.8 Y126.7 Z20.88
G0 F9000 X118.8 Y125.835
G0 X117.567 Y119.223
G0 X117.238 Y115.331
G0 X117.744 Y113.549
G0 X118.876 Y112.332
G0 X119.445 Y112.862
;TIME_ELAPSED:938.132296
;LAYER:107
;note -- min layer time used
;TYPE:SUPPORT
G1 F2700 E226.88043
G1 F600 X120.739 Y112.496 E226.92515
G1 X122.039 Y112.869 E226.97014
G1 X122.993 Y113.894 E227.01671
G1 X123.392 Y115.259 E227.06401
G1 X123.028 Y116.609 E227.11051
G1 X122.627 Y117.022 E227.12966
G1 X122.594 Y117.171 E227.13474
G1 X122.618 Y117.244 E227.13729
G1 X123.36 Y118.041 E227.17351
G1 X123.732 Y119.361 E227.21912
G1 X123.34 Y120.772 E227.26783
G1 X122.402 Y121.73 E227.31243
G1 X121.102 Y122.103 E227.35741
G1 X119.867 Y121.735 E227.40027
G1 X118.871 Y120.724 E227.44747
G1 X118.488 Y119.353 E227.49482
G1 X118.86 Y118.041 E227.54017
G1 X119.3 Y117.562 E227.56181
G1 X119.33 Y117.417 E227.56673
G1 X119.303 Y117.34 E227.56945
G1 X118.523 Y116.544 E227.60651
G1 X118.136 Y115.195 E227.65319
G1 X118.512 Y113.865 E227.69916
G1 X119.445 Y112.862 E227.74472
G1 F2700 E222.74472
;MESH:screen.STL
G0 F9000 X118.814 Y112.275
G0 X117.74 Y113.43
G0 X117.238 Y115.2
G0 X117.065 Y129.3
G0 X116.2 Y129.3
;TYPE:WALL-OUTER
G1 F2700 E227.74472
G1 F600 X116.2 Y105.9 E228.52301
G1 F551.7 X116.234 Y105.734 E228.52914
G1 F549.2 X116.366 Y105.701 E228.53408
G1 F597 X118.6 Y105.7 E228.60876
G1 F553 X118.766 Y105.734 E228.61487
G1 X118.8 Y105.9 E228.62099
G1 F600 X118.8 Y108.3 E228.70081
G1 F2700 E223.70081
G0 F9000 X118.8 Y109.165
G0 X117.238 Y115.2
G0 X117.935 Y129.3
G0 X118.8 Y129.3
G1 F2700 E228.70081
G1 F600 X118.8 Y126.7 E228.78729
G1 F2700 E223.78729
;MESH:NONMESH
G0 F300 X118.8 Y126.7 Z21.08
G0 F9000 X118.8 Y125.835
G0 X117.59 Y119.351
G0 X117.238 Y115.2
G0 X117.74 Y113.43
G0 X118.866 Y112.219
G0 X119.437 Y112.75
;TIME_ELAPSED:946.543732
;LAYER:108
;note -- min layer time used
;TYPE:SUPPORT
G1 F2700 E228.78729
G1 F600 X120.719 Y112.385 E228.83162
G1 X122.007 Y112.757 E228.87621
G1 X122.957 Y113.774 E228.9225
G1 X123.356 Y115.127 E228.96942
G1 X122.988 Y116.472 E229.0158
G1 X122.464 Y117.011 E229.0408
G1 X122.435 Y117.158 E229.04578
G1 X122.485 Y117.257 E229.04947
G1 X123.34 Y118.178 E229.09127
G1 X123.712 Y119.481 E229.13634
G1 X123.325 Y120.86 E229.18398
G1 X122.357 Y121.846 E229.22993
G1 X121.073 Y122.219 E229.2744
G1 X119.847 Y121.858 E229.31691
G1 X118.863 Y120.856 E229.36362
G1 X118.492 Y119.54 E229.4091
G1 X118.884 Y118.181 E229.45614
G1 X119.447 Y117.564 E229.48392
G1 X119.473 Y117.422 E229.48872
G1 X119.447 Y117.347 E229.49136
G1 X118.519 Y116.404 E229.53537
G1 X118.136 Y115.071 E229.5815
G1 X118.508 Y113.745 E229.6273
G1 X119.437 Y112.75 E229.67258
G1 F2700 E224.67258
;MESH:screen.STL
G0 F9000 X118.803 Y112.161
G0 X117.737 Y113.311
G0 X117.237 Y115.075
G0 X117.065 Y129.3
G0 X116.2 Y129.3
;TYPE:WALL-OUTER
G1 F2700 E229.67258
G1 F600 X116.2 Y105.9 E230.45087
G1 F551.7 X116.234 Y105.734 E230.457
G1 F549.2 X116.366 Y105.701 E230.46194
G1 F597 X118.6 Y105.7 E230.53661
G1 F553 X118.766 Y105.734 E230.54273
G1 X118.8 Y105.9 E230.54884
G1 F600 X118.8 Y108.3 E230.62867
G1 F2700 E225.62867
G0 F9000 X118.8 Y109.165
G0 X117.237 Y115.075
G0 X117.935 Y129.3
G0 X118.8 Y129.3
G1 F2700 E230.62867
G1 F600 X118.8 Y126.7 E230.71514
G1 F2700 E225.71514
;MESH:NONMESH
G0 F300 X118.8 Y126.7 Z21.28
G0 F9000 X118.8 Y125.835
G0 X117.635 Y119.683
G0 X117.237 Y115.075
G0 X117.737 Y113.311
G0 X118.855 Y112.105
G0 X119.429 Y112.638
;TIME_ELAPSED:955.021492
;LAYER:109
;note -- min layer time used
;TYPE:SUPPORT
G1 F2700 E230.71514
G1 F600 X120.699 Y112.277 E230.75906
G1 X121.979 Y112.645 E230.80336
G1 X122.921 Y113.654 E230.84927
G1 X123.316 Y114.999 E230.89589
G1 X122.952 Y116.333 E230.94188
G1 X122.296 Y117.008 E230.97319
G1 X122.292 Y117.218 E230.98017
G1 X123.312 Y118.309 E231.02985
G1 X123.668 Y119.576 E231.07362
G1 X123.269 Y120.996 E231.12268
G1 X122.318 Y121.962 E231.16777
G1 X121.049 Y122.327 E231.21169
G1 X119.83 Y121.97 E231.25393
G1 X118.847 Y120.976 E231.30043
G1 X118.484 Y119.678 E231.34526
G1 X118.871 Y118.338 E231.39165
G1 X119.586 Y117.564 E231.42669
G1 X119.611 Y117.437 E231.431
G1 X119.584 Y117.352 E231.43397
G1 X118.519 Y116.264 E231.4846
G1 X118.136 Y114.935 E231.53061
G1 X118.504 Y113.626 E231.57583
G1 X119.429 Y112.638 E231.62085
G1 F2700 E226.62085
;MESH:screen.STL
G0 F9000 X118.795 Y112.048
G0 X117.733 Y113.189
G0 X117.237 Y114.942
G0 X117.065 Y129.3
G0 X116.2 Y129.3
;TYPE:WALL-OUTER
G1 F2700 E231.62085
G1 F600 X116.2 Y105.9 E232.39913
G1 F551.7 X116.234 Y105.734 E232.40526
G1 F549.2 X116.366 Y105.701 E232.41021
G1 F597 X118.6 Y105.7 E232.48488
G1 F553 X118.766 Y105.734 E232.491
G1 X118.8 Y105.9 E232.49711
G1 F600 X118.8 Y108.3 E232.57693
G1 F2700 E227.57693
G0 F9000 X118.8 Y109.165
G0 X117.237 Y114.942
G0 X117.935 Y129.3
G0 X118.8 Y129.3
G1 F2700 E232.57693
G1 F600 X118.8 Y126.7 E232.66341
G1 F2700 E227.66341
;MESH:NONMESH
G0 F300 X118.8 Y126.7 Z21.48
G0 F9000 X118.8 Y125.835
G0 X117.588 Y119.679
G0 X117.237 Y114.942
G0 X117.733 Y113.189
G0 X118.845 Y111.994
G0 X119.417 Y112.526
;TIME_ELAPSED:963.561675
;LAYER:110
;note -- min layer time used
;TYPE:SUPPORT
G1 F2700 E232.66341
G1 F600 X120.679 Y112.165 E232.70707
G1 X121.951 Y112.533 E232.75111
G1 X122.885 Y113.534 E232.79665
G1 X123.276 Y114.87 E232.84295
G1 X122.916 Y116.193 E232.88855
G1 X122.017 Y117.108 E232.93121
G1 X122.018 Y117.317 E232.93816
G1 X122.099 Y117.394 E232.94188
G1 X122.342 Y117.469 E232.95034
G1 X123.26 Y118.457 E232.9952
G1 X123.62 Y119.713 E233.03865
G1 X123.233 Y121.104 E233.08668
G1 X122.278 Y122.078 E233.13204
G1 X121.013 Y122.443 E233.17584
G1 X119.807 Y122.09 E233.21763
G1 X118.835 Y121.1 E233.26377
G1 X118.476 Y119.825 E233.30783
G1 X118.86 Y118.473 E233.35458
G1 X119.797 Y117.465 E233.40035
G1 X119.816 Y117.346 E233.40436
G1 X119.709 Y117.186 E233.41076
G1 X119.494 Y117.121 E233.41823
G1 X118.515 Y116.124 E233.46471
G1 X118.136 Y114.807 E233.51029
G1 X118.504 Y113.505 E233.55529
G1 X119.417 Y112.526 E233.59981
G1 F2700 E228.59981
;MESH:screen.STL
G0 F9000 X118.782 Y111.937
G0 X117.731 Y113.071
G0 X117.237 Y114.812
G0 X117.065 Y129.3
G0 X116.2 Y129.3
;TYPE:WALL-OUTER
G1 F2700 E233.59981
G1 F600 X116.2 Y105.9 E234.3781
G1 F551.7 X116.234 Y105.734 E234.38423
G1 F549.2 X116.366 Y105.701 E234.38917
G1 F597 X118.6 Y105.7 E234.46385
G1 F553 X118.766 Y105.734 E234.46996
G1 X118.8 Y105.9 E234.47608
G1 F600 X118.8 Y108.3 E234.5559
G1 F2700 E229.5559
G0 F9000 X118.8 Y109.165
G0 X117.237 Y114.812
G0 X117.935 Y129.3
G0 X118.8 Y129.3
G1 F2700 E234.5559
G1 F600 X118.8 Y126.7 E234.64238
G1 F2700 E229.64238
;MESH:NONMESH
G0 F300 X118.8 Y126.7 Z21.68
G0 F9000 X118.8 Y125.835
G0 X117.579 Y119.824
G0 X117.237 Y114.812
G0 X117.731 Y113.071
G0 X118.832 Y111.883
G0 X119.405 Y112.414
;TIME_ELAPSED:972.195728
;LAYER:111
;note -- min layer time used
;TYPE:SUPPORT
G1 F2700 E234.64238
G1 F600 X120.659 Y112.057 E234.68574
G1 X121.919 Y112.421 E234.72936
G1 X122.845 Y113.414 E234.77452
G1 X123.236 Y114.739 E234.82047
G1 X122.88 Y116.053 E234.86575
G1 X121.789 Y117.159 E234.91742
G1 X121.732 Y117.281 E234.9219
G1 X121.794 Y117.468 E234.92845
G1 X122.307 Y117.617 E234.94622
G1 X123.216 Y118.597 E234.99068
G1 X123.568 Y119.841 E235.03368
G1 X123.177 Y121.236 E235.08187
G1 X122.237 Y122.194 E235.12651
G1 X120.985 Y122.559 E235.16988
G1 X119.783 Y122.206 E235.21155
G1 X118.819 Y121.224 E235.25732
G1 X118.461 Y119.95 E235.30133
G1 X118.847 Y118.622 E235.34733
G1 X119.963 Y117.421 E235.40186
G1 X120.016 Y117.303 E235.40616
G1 X119.951 Y117.115 E235.41278
G1 X119.487 Y116.978 E235.42887
G1 X118.511 Y115.987 E235.47513
G1 X118.132 Y114.675 E235.52055
G1 X118.5 Y113.386 E235.56514
G1 X119.405 Y112.414 E235.60931
G1 F2700 E230.60931
;MESH:screen.STL
G0 F9000 X118.77 Y111.825
G0 X117.727 Y112.951
G0 X117.236 Y114.682
G0 X117.065 Y129.3
G0 X116.2 Y129.3
;TYPE:WALL-OUTER
G1 F2700 E235.60931
G1 F600 X116.2 Y105.9 E236.3876
G1 F551.7 X116.234 Y105.734 E236.39373
G1 F549.2 X116.366 Y105.701 E236.39867
G1 F597 X118.6 Y105.7 E236.47334
G1 F553 X118.766 Y105.734 E236.47946
G1 X118.8 Y105.9 E236.48557
G1 F600 X118.8 Y108.3 E236.5654
G1 F2700 E231.5654
G0 F9000 X118.8 Y109.165
G0 X117.236 Y114.682
G0 X117.935 Y129.3
G0 X118.8 Y129.3
G1 F2700 E236.5654
G1 F600 X118.8 Y126.7 E236.65187
G1 F2700 E231.65187
;MESH:NONMESH
G0 F300 X118.8 Y126.7 Z21.88
G0 F9000 X118.8 Y125.835
G0 X117.564 Y119.949
G0 X117.236 Y114.682
G0 X117.727 Y112.951
G0 X118.822 Y111.769
G0 X119.393 Y112.298
;TIME_ELAPSED:980.924910
;LAYER:112
;note -- min layer time used
;TYPE:SUPPORT
G1 F2700 E236.65187
G1 F600 X120.639 Y111.944 E236.69496
G1 X121.891 Y112.305 E236.73829
G1 X122.809 Y113.294 E236.78318
G1 X123.196 Y114.611 E236.82883
G1 X122.844 Y115.913 E236.87369
G1 X121.93 Y116.842 E236.91704
G1 X121.585 Y116.939 E236.92896
G1 X121.439 Y117.046 E236.93498
G1 X121.442 Y117.409 E236.94705
G1 X121.536 Y117.552 E236.95274
G1 X122.263 Y117.766 E236.97795
G1 X123.168 Y118.737 E237.0221
G1 X123.516 Y119.973 E237.0648
G1 X123.132 Y121.356 E237.11254
G1 X122.197 Y122.31 E237.15697
G1 X120.953 Y122.671 E237.20005
G1 X119.763 Y122.322 E237.2413
G1 X118.807 Y121.348 E237.28669
G1 X118.453 Y120.082 E237.33042
G1 X118.835 Y118.758 E237.37625
G1 X119.749 Y117.774 E237.42092
G1 X120.135 Y117.665 E237.43426
G1 X120.246 Y117.584 E237.43883
G1 X120.281 Y117.472 E237.44273
G1 X120.279 Y117.2 E237.45178
G1 X120.234 Y117.096 E237.45555
G1 X120.156 Y117.038 E237.45878
G1 X119.475 Y116.835 E237.48241
G1 X118.507 Y115.848 E237.52839
G1 X118.133 Y114.551 E237.57329
G1 X118.496 Y113.265 E237.61773
G1 X119.393 Y112.298 E237.6616
G1 F2700 E232.6616
;MESH:screen.STL
G0 F9000 X118.761 Y111.711
G0 X117.724 Y112.83
G0 X117.235 Y114.557
G0 X117.065 Y129.3
G0 X116.2 Y129.3
;TYPE:WALL-OUTER
G1 F2700 E237.6616
G1 F600 X116.2 Y105.9 E238.43989
G1 F551.7 X116.234 Y105.734 E238.44602
G1 F549.2 X116.366 Y105.701 E238.45096
G1 F597 X118.6 Y105.7 E238.52564
G1 F553 X118.766 Y105.734 E238.53175
G1 X118.8 Y105.9 E238.53787
G1 F600 X118.8 Y108.3 E238.61769
G1 F2700 E233.61769
G0 F9000 X118.8 Y109.165
G0 X117.235 Y114.557
G0 X117.935 Y129.3
G0 X118.8 Y129.3
G1 F2700 E238.61769
G1 F600 X118.8 Y126.7 E238.70417
G1 F2700 E233.70417
;MESH:NONMESH
G0 F300 X118.8 Y126.7 Z22.08
G0 F9000 X118.8 Y125.835
G0 X117.554 Y120.082
G0 X118.062 Y118.322
G0 X118.885 Y117.452
G0 X119.726 Y117.925
;TIME_ELAPSED:989.717639
;LAYER:113
;note -- min layer time used
;TYPE:SUPPORT
G1 F2700 E238.70417
G1 F588.2 X120.717 Y117.637 E238.73918
G1 F512.8 X120.823 Y117.428 E238.7483
G1 X120.952 Y117.556 E238.75537
G1 F588.2 X122.223 Y117.918 E238.80021
G1 F600 X123.12 Y118.881 E238.84398
G1 X123.464 Y120.109 E238.88639
G1 X123.085 Y121.46 E238.93306
G1 X122.149 Y122.422 E238.9777
G1 X120.921 Y122.783 E239.02028
G1 X119.743 Y122.435 E239.06113
G1 X118.811 Y121.477 E239.10558
G1 X118.452 Y120.189 E239.15006
G1 X118.824 Y118.898 E239.19474
G1 X119.726 Y117.925 E239.23887
G0 F9000 X120.823 Y117.428
G1 F462.4 X120.822 Y117.224 E239.24767
G1 F2700 E234.24767
G0 F9000 X119.023 Y117.441
G0 X117.735 Y116.159
G0 X117.235 Y114.424
G0 X117.72 Y112.711
G0 X118.752 Y111.598
G0 X119.385 Y112.186
G1 F2700 E239.24767
G1 F600 X120.619 Y111.837 E239.29033
G1 X121.859 Y112.193 E239.33324
G1 X122.773 Y113.174 E239.37783
G1 X123.156 Y114.479 E239.42307
G1 X122.808 Y115.773 E239.46763
G1 X121.902 Y116.694 E239.5106
G1 X121.025 Y116.943 E239.54093
G1 F585.4 X120.915 Y117.006 E239.54525
G1 F512.8 X120.822 Y117.224 E239.55447
G1 F477.1 X120.795 Y117.142 E239.55808
G1 F528.6 X120.677 Y117.047 E239.5638
G1 F585.4 X119.467 Y116.69 E239.60681
G1 F600 X118.503 Y115.708 E239.65258
G1 X118.132 Y114.419 E239.69719
G1 X118.492 Y113.145 E239.74122
G1 X119.385 Y112.186 E239.78481
G1 F2700 E234.78481
;MESH:screen.STL
G0 F9000 X118.752 Y111.598
G0 X117.72 Y112.711
G0 X117.235 Y114.424
G0 X117.065 Y129.3
G0 X116.2 Y129.3
;TYPE:WALL-OUTER
G1 F2700 E239.78481
G1 F600 X116.2 Y105.9 E240.56309
G1 F551.7 X116.234 Y105.734 E240.56922
G1 F549.2 X116.366 Y105.701 E240.57417
G1 F597 X118.6 Y105.7 E240.64884
G1 F553 X118.766 Y105.734 E240.65496
G1 X118.8 Y105.9 E240.66107
G1 F600 X118.8 Y108.3 E240.7409
G1 F2700 E235.7409
G0 F9000 X118.8 Y109.165
G0 X117.235 Y114.424
G0 X117.935 Y129.3
G0 X118.8 Y129.3
G1 F2700 E240.7409
G1 F600 X118.8 Y126.7 E240.82737
G1 F2700 E235.82737
;MESH:NONMESH
G0 F300 X118.8 Y126.7 Z22.28
G0 F9000 X118.8 Y125.835
G0 X117.553 Y120.184
G0 X117.235 Y114.424
G0 X117.72 Y112.711
G0 X118.802 Y111.544
G0 X119.373 Y112.074
;TIME_ELAPSED:999.690396
;LAYER:114
;note -- min layer time used
;TYPE:SUPPORT
G1 F2700 E240.82737
G1 F600 X120.599 Y111.725 E240.86977
G1 X121.831 Y112.081 E240.91242
G1 X122.737 Y113.054 E240.95664
G1 X123.116 Y114.355 E241.00171
G1 X122.772 Y115.637 E241.04586
G1 X121.87 Y116.549 E241.08852
G1 X120.638 Y116.895 E241.13108
G1 X119.455 Y116.543 E241.17214
G1 X118.499 Y115.571 E241.21748
G1 X118.132 Y114.291 E241.26177
G1 X118.488 Y113.025 E241.30551
G1 X119.373 Y112.074 E241.34872
G1 F2700 E236.34872
G0 F9000 X118.74 Y111.487
G0 X120.606 Y110.827
G0 X122.3 Y111.317
G0 X123.507 Y112.616
G0 X124.014 Y114.347
G0 X123.544 Y116.083
G0 X122.388 Y117.233
G0 X120.948 Y117.704
G1 F2700 E241.34872
G1 F600 X122.184 Y118.054 E241.39144
G1 X123.085 Y119.003 E241.43497
G1 X123.428 Y120.182 E241.47581
G1 X123.029 Y121.608 E241.52506
G1 X122.11 Y122.542 E241.56864
G1 X120.893 Y122.895 E241.61079
G1 X119.731 Y122.55 E241.6511
G1 X118.795 Y121.604 E241.69536
G1 X118.454 Y120.383 E241.73753
G1 X118.46 Y120.208 E241.74335
G1 X118.811 Y119.003 E241.7851
G1 X119.712 Y118.054 E241.82862
G1 X120.948 Y117.704 E241.87135
G1 F2700 E236.87135
;MESH:screen.STL
G0 F9000 X122.388 Y117.233
G0 X122.648 Y117.287
G0 X123.854 Y118.558
G0 X124.327 Y120.179
G0 X123.802 Y122.056
G0 X122.57 Y123.31
G0 X117.947 Y125.847
G0 X117.065 Y129.3
G0 X116.2 Y129.3
;TYPE:WALL-OUTER
G1 F2700 E241.87135
G1 F600 X116.2 Y105.9 E242.64963
G1 F551.7 X116.234 Y105.734 E242.65576
G1 F549.2 X116.366 Y105.701 E242.66071
G1 F597 X118.6 Y105.7 E242.73538
G1 F553 X118.766 Y105.734 E242.7415
G1 X118.8 Y105.9 E242.74761
G1 F600 X118.8 Y108.3 E242.82743
G1 F2700 E237.82743
G0 F9000 X118.8 Y109.165
G0 X117.234 Y114.297
G0 X117.935 Y129.3
G0 X118.8 Y129.3
G1 F2700 E242.82743
G1 F600 X118.8 Y126.7 E242.91391
G1 F2700 E237.91391
;MESH:NONMESH
G0 F300 X118.8 Y126.7 Z22.48
G0 F9000 X118.8 Y125.835
G0 X117.585 Y120.489
G0 X117.234 Y114.297
G0 X117.717 Y112.59
G0 X118.799 Y111.422
G0 X119.377 Y111.958
;TIME_ELAPSED:1009.735485
;LAYER:115
;note -- min layer time used
;TYPE:SUPPORT
G1 F2700 E242.91391
G1 F600 X120.597 Y111.612 E242.95609
G1 X121.815 Y111.958 E242.9982
G1 X122.693 Y112.906 E243.04118
G1 X123.076 Y114.234 E243.08715
G1 X122.732 Y115.496 E243.13065
G1 X121.842 Y116.401 E243.17287
G1 X120.618 Y116.747 E243.21518
G1 X119.443 Y116.395 E243.25597
G1 X118.495 Y115.431 E243.30094
G1 X118.137 Y114.179 E243.34425
G1 X118.5 Y112.909 E243.38818
G1 X119.377 Y111.958 E243.43121
G1 F2700 E238.43121
G0 F9000 X118.746 Y111.373
G0 X120.599 Y110.715
G0 X122.283 Y111.196
G0 X123.467 Y112.472
G0 X123.973 Y114.225
G0 X123.506 Y115.944
G0 X122.3 Y117.171
G0 X120.947 Y117.724
G1 F2700 E243.43121
G1 F600 X122.176 Y118.07 E243.47368
G1 X123.061 Y119.007 E243.51655
G1 X123.408 Y120.182 E243.55729
G1 X122.977 Y121.728 E243.61068
G1 X122.061 Y122.658 E243.65409
G1 X120.855 Y123.011 E243.69589
G1 X119.703 Y122.674 E243.73581
G1 X118.779 Y121.732 E243.7797
G1 X118.446 Y120.54 E243.82086
G1 X118.5 Y120.263 E243.83025
G1 X118.49 Y120.178 E243.83309
G1 X118.831 Y119.007 E243.87366
G1 X119.72 Y118.07 E243.91662
G1 X120.947 Y117.724 E243.95902
G1 F2700 E238.95902
;MESH:screen.STL
G0 F9000 X122.133 Y117.19
G0 X122.64 Y117.304
G0 X123.834 Y118.566
G0 X124.308 Y120.179
G0 X123.75 Y122.177
G0 X122.525 Y123.424
G0 X117.947 Y125.847
G0 X117.065 Y129.3
G0 X116.2 Y129.3
;TYPE:WALL-OUTER
G1 F2700 E243.95902
G1 F600 X116.2 Y105.9 E244.73731
G1 F551.7 X116.234 Y105.734 E244.74344
G1 F549.2 X116.366 Y105.701 E244.74838
G1 F597 X118.6 Y105.7 E244.82305
G1 F553 X118.766 Y105.734 E244.82917
G1 X118.8 Y105.9 E244.83528
G1 F600 X118.8 Y108.3 E244.91511
G1 F2700 E239.91511
G0 F9000 X118.8 Y109.165
G0 X117.727 Y112.474
G0 X117.239 Y114.185
G0 X117.935 Y129.3
G0 X118.8 Y129.3
G1 F2700 E244.91511
G1 F600 X118.8 Y126.7 E245.00159
G1 F2700 E240.00159
;MESH:NONMESH
G0 F300 X118.8 Y126.7 Z22.68
G0 F9000 X118.8 Y125.835
G0 X117.56 Y120.574
G0 X117.239 Y114.185
G0 X117.727 Y112.474
G0 X118.798 Y111.317
G0 X119.369 Y111.846
;TIME_ELAPSED:1019.789098
;LAYER:116
;note -- min layer time used
;TYPE:SUPPORT
G1 F2700 E245.00159
G1 F600 X120.579 Y111.501 E245.04343
G1 X121.787 Y111.853 E245.08528
G1 X122.681 Y112.81 E245.12884
G1 X123.048 Y114.07 E245.17249
G1 X122.7 Y115.349 E245.21658
G1 X121.814 Y116.25 E245.25861
G1 X120.594 Y116.599 E245.30081
G1 X119.435 Y116.251 E245.34106
G1 X118.503 Y115.3 E245.38535
G1 X118.141 Y114.051 E245.4286
G1 X118.5 Y112.781 E245.47249
G1 X119.369 Y111.846 E245.51495
G1 F2700 E240.51495
G0 F9000 X118.736 Y111.259
G0 X120.583 Y110.604
G0 X122.256 Y111.088
G0 X123.451 Y112.372
G0 X123.947 Y114.065
G0 X123.472 Y115.797
G0 X122.274 Y117.018
G0 X121.945 Y117.084
G0 X120.918 Y117.653
G1 F2700 E245.51495
G1 F600 X122.119 Y118.005 E245.55658
G1 X123.045 Y118.99 E245.60154
G1 X123.391 Y120.182 E245.64282
G1 X122.921 Y121.864 E245.70091
G1 X122.025 Y122.774 E245.74339
G1 X120.833 Y123.123 E245.7847
G1 X119.683 Y122.782 E245.82459
G1 X118.771 Y121.852 E245.86791
G1 X118.424 Y120.629 E245.9102
G1 X118.519 Y120.289 E245.92194
G1 X118.501 Y120.124 E245.92746
G1 X118.836 Y118.925 E245.96886
G1 X119.708 Y117.99 E246.01139
G1 X120.918 Y117.653 E246.05317
G1 F2700 E241.05317
;MESH:screen.STL
G0 F9000 X121.945 Y117.084
G0 X122.592 Y117.244
G0 X123.813 Y118.55
G0 X124.289 Y120.179
G0 X123.693 Y122.315
G0 X122.486 Y123.542
G0 X117.947 Y125.847
G0 X117.065 Y129.3
G0 X116.2 Y129.3
;TYPE:WALL-OUTER
G1 F2700 E246.05317
G1 F600 X116.2 Y105.9 E246.83145
G1 F551.7 X116.234 Y105.734 E246.83758
G1 F549.2 X116.366 Y105.701 E246.84253
G1 F597 X118.6 Y105.7 E246.9172
G1 F553 X118.766 Y105.734 E246.92331
G1 X118.8 Y105.9 E246.92943
G1 F600 X118.8 Y108.3 E247.00925
G1 F2700 E242.00925
G0 F9000 X118.8 Y109.165
G0 X117.728 Y112.346
G0 X117.298 Y113.86
G0 X117.428 Y117.697
G0 X117.935 Y129.3
G0 X118.8 Y129.3
G1 F2700 E247.00925
G1 F600 X118.8 Y126.7 E247.09573
G1 F2700 E242.09573
;MESH:NONMESH
G0 F300 X118.8 Y126.7 Z22.88
G0 F9000 X118.8 Y125.835
G0 X117.527 Y120.628
G0 X117.298 Y113.86
G0 X117.728 Y112.346
G0 X118.803 Y111.186
G0 X119.393 Y111.733
;TIME_ELAPSED:1029.884222
;LAYER:117
;note -- min layer time used
;TYPE:SUPPORT
G1 F2700 E247.09573
G1 F600 X120.593 Y111.385 E247.13729
G1 X121.791 Y111.726 E247.17872
G1 X122.656 Y112.653 E247.22089
G1 X123.02 Y113.946 E247.26556
G1 X122.676 Y115.216 E247.30932
G1 X121.798 Y116.105 E247.35088
G1 X120.594 Y116.447 E247.39251
G1 X119.439 Y116.099 E247.43263
G1 X118.507 Y115.151 E247.47685
G1 X118.153 Y113.917 E247.51955
G1 X118.523 Y112.67 E247.56281
G1 X119.393 Y111.733 E247.60534
G1 F2700 E242.60534
G0 F9000 X118.76 Y111.147
G0 X120.592 Y110.488
G0 X122.261 Y110.961
G0 X123.432 Y112.22
G0 X123.916 Y113.941
G0 X123.449 Y115.662
G0 X122.257 Y116.876
G0 X121.853 Y116.962
G0 X120.878 Y117.549
G1 F2700 E247.60534
G1 F600 X122.071 Y117.897 E247.64667
G1 X122.989 Y118.878 E247.69136
G1 X123.356 Y120.131 E247.73478
G1 X123.237 Y120.58 E247.75023
G1 X123.244 Y120.656 E247.75277
G1 X122.877 Y121.976 E247.79834
G1 X121.985 Y122.887 E247.84075
G1 X120.795 Y123.239 E247.88202
G1 X119.663 Y122.906 E247.92127
G1 X118.751 Y121.976 E247.96459
G1 X118.412 Y120.771 E248.00622
G1 X118.548 Y120.284 E248.02304
G1 X118.483 Y119.989 E248.03309
G1 X118.816 Y118.809 E248.07387
G1 X119.68 Y117.882 E248.11602
G1 X120.878 Y117.549 E248.15737
G1 F2700 E243.15737
;MESH:screen.STL
G0 F9000 X121.853 Y116.962
G0 X122.544 Y117.136
G0 X123.758 Y118.437
G0 X124.252 Y120.127
G0 X123.653 Y122.421
G0 X122.445 Y123.655
G0 X117.947 Y125.847
G0 X117.065 Y129.3
G0 X116.2 Y129.3
;TYPE:WALL-OUTER
G1 F2700 E248.15737
G1 F600 X116.2 Y105.9 E248.93566
G1 F551.7 X116.234 Y105.734 E248.94179
G1 F549.2 X116.366 Y105.701 E248.94673
G1 F597 X118.6 Y105.7 E249.02141
G1 F553 X118.766 Y105.734 E249.02752
G1 X118.8 Y105.9 E249.03364
G1 F600 X118.8 Y108.3 E249.11346
G1 F2700 E244.11346
G0 F9000 X118.8 Y109.165
G0 X117.755 Y112.234
G0 X117.253 Y113.918
G0 X117.328 Y115.862
G0 X117.935 Y129.3
G0 X118.8 Y129.3
G1 F2700 E249.11346
G1 F600 X118.8 Y126.7 E249.19994
G1 F2700 E244.19994
;MESH:NONMESH
G0 F300 X118.8 Y126.7 Z23.08
G0 F9000 X118.8 Y125.835
G0 X117.517 Y120.776
G0 X117.253 Y113.918
G0 X117.755 Y112.234
G0 X118.818 Y111.085
G0 X119.389 Y111.614
;TIME_ELAPSED:1040.027068
;LAYER:118
;note -- min layer time used
;TYPE:SUPPORT
G1 F2700 E249.19994
G1 F600 X120.575 Y111.277 E249.24095
G1 X121.771 Y111.621 E249.28234
G1 X122.645 Y112.562 E249.32505
G1 X123.003 Y113.782 E249.36734
G1 X122.645 Y115.06 E249.41148
G1 X121.777 Y115.95 E249.45283
G1 X120.581 Y116.299 E249.49427
G1 X119.431 Y115.958 E249.53417
G1 X118.515 Y115.028 E249.57758
G1 X118.176 Y113.809 E249.61966
G1 X118.532 Y112.533 E249.66372
G1 X119.389 Y111.614 E249.70552
G1 F2700 E244.70552
G0 F9000 X118.755 Y111.025
G0 X120.581 Y110.377
G0 X122.239 Y110.857
G0 X123.417 Y112.127
G0 X123.903 Y113.781
G0 X123.421 Y115.508
G0 X122.238 Y116.719
G0 X121.74 Y116.835
G0 X120.838 Y117.441
G1 F2700 E249.70552
G1 F600 X122.023 Y117.789 E249.7466
G1 X122.933 Y118.762 E249.79091
G1 X123.3 Y120.011 E249.83421
G1 X123.143 Y120.582 E249.8539
G1 X123.196 Y120.79 E249.86104
G1 X122.809 Y122.169 E249.90868
G1 X121.92 Y123.087 E249.95118
G1 X120.743 Y123.439 E249.99204
G1 X119.624 Y123.11 E250.03084
G1 X118.72 Y122.173 E250.07414
G1 X118.381 Y120.951 E250.11632
G1 X118.575 Y120.294 E250.1391
G1 X118.457 Y119.893 E250.15301
G1 X118.792 Y118.693 E250.19444
G1 X119.649 Y117.774 E250.23624
G1 X120.838 Y117.441 E250.27731
G1 F2700 E245.27731
;MESH:screen.STL
G0 F9000 X121.74 Y116.835
G0 X122.495 Y117.027
G0 X123.702 Y118.32
G0 X124.195 Y120.005
G0 X124.093 Y120.787
G0 X123.581 Y122.615
G0 X122.389 Y123.849
G0 X117.947 Y125.847
G0 X117.065 Y129.3
G0 X116.2 Y129.3
;TYPE:WALL-OUTER
G1 F2700 E250.27731
G1 F600 X116.2 Y105.9 E251.05559
G1 F551.7 X116.234 Y105.734 E251.06172
G1 F549.2 X116.366 Y105.701 E251.06667
G1 F597 X118.6 Y105.7 E251.14134
G1 F553 X118.766 Y105.734 E251.14746
G1 X118.8 Y105.9 E251.15357
G1 F600 X118.8 Y108.3 E251.2334
G1 F2700 E246.2334
G0 F9000 X118.8 Y109.165
G0 X117.76 Y112.098
G0 X117.278 Y113.811
G0 X117.447 Y119.588
G0 X117.935 Y129.3
G0 X118.8 Y129.3
G1 F2700 E251.2334
G1 F600 X118.8 Y126.7 E251.31987
G1 F2700 E246.31987
;MESH:NONMESH
G0 F300 X118.8 Y126.7 Z23.28
G0 F9000 X118.8 Y125.835
G0 X117.487 Y120.943
G0 X117.278 Y113.811
G0 X117.76 Y112.098
G0 X118.823 Y110.953
G0 X119.425 Y111.513
;TIME_ELAPSED:1050.218474
;LAYER:119
;note -- min layer time used
;TYPE:SUPPORT
G1 F2700 E251.31987
G1 F600 X120.593 Y111.177 E251.36029
G1 X121.779 Y111.51 E251.40127
G1 X122.628 Y112.421 E251.44269
G1 X122.98 Y113.678 E251.4861
G1 X122.644 Y114.929 E251.52918
G1 X121.778 Y115.806 E251.57018
G1 X120.594 Y116.143 E251.61112
G1 X119.459 Y115.799 E251.65057
G1 X118.542 Y114.867 E251.69406
G1 X118.189 Y113.649 E251.73623
G1 X118.531 Y112.474 E251.77694
G1 X119.425 Y111.513 E251.82059
G1 F2700 E246.82059
G0 F9000 X118.794 Y110.925
G0 X120.595 Y110.279
G0 X122.246 Y110.745
G0 X123.402 Y111.988
G0 X123.878 Y113.671
G0 X123.417 Y115.376
G0 X122.238 Y116.576
G0 X121.655 Y116.713
G0 X120.802 Y117.333
G1 F2700 E251.82059
G1 F600 X121.978 Y117.677 E251.86134
G1 X122.873 Y118.638 E251.90502
G1 X123.24 Y119.883 E251.94819
G1 X123.041 Y120.615 E251.97342
G1 X123.136 Y120.967 E251.98555
G1 X122.761 Y122.304 E252.03173
G1 X121.837 Y123.251 E252.07574
G1 X120.65 Y123.607 E252.11696
G1 X119.522 Y123.29 E252.15593
G1 X118.636 Y122.381 E252.19815
G1 X118.321 Y121.231 E252.2378
G1 X118.596 Y120.317 E252.26955
G1 X118.44 Y119.767 E252.28857
G1 X118.772 Y118.573 E252.32978
G1 X119.62 Y117.662 E252.37118
G1 X120.802 Y117.333 E252.41199
G1 F2700 E247.41199
;MESH:screen.STL
G0 F9000 X119.745 Y116.762
G0 X119.155 Y116.898
G0 X117.998 Y118.144
G0 X117.541 Y119.773
G0 X117.509 Y120.183
G0 X117.065 Y129.3
G0 X116.2 Y129.3
;TYPE:WALL-OUTER
G1 F2700 E252.41199
G1 F600 X116.2 Y105.9 E253.19028
G1 F551.7 X116.234 Y105.734 E253.1964
G1 F549.2 X116.366 Y105.701 E253.20135
G1 F597 X118.6 Y105.7 E253.27602
G1 F553 X118.766 Y105.734 E253.28214
G1 X118.8 Y105.9 E253.28825
G1 F600 X118.8 Y108.3 E253.36808
G1 F2700 E248.36808
G0 F9000 X118.8 Y109.165
G0 X117.764 Y112.031
G0 X117.292 Y113.652
G0 X117.414 Y120.463
G0 X117.935 Y129.3
G0 X118.8 Y129.3
G1 F2700 E253.36808
G1 F600 X118.8 Y126.7 E253.45455
G1 F2700 E248.45455
;MESH:NONMESH
G0 F300 X118.8 Y126.7 Z23.48
G0 F9000 X118.8 Y125.835
G0 X117.863 Y122.825
G0 X117.427 Y121.22
G0 X117.292 Y113.652
G0 X117.764 Y112.031
G0 X118.844 Y110.871
G0 X119.409 Y111.398
;TIME_ELAPSED:1060.228980
;LAYER:120
;note -- min layer time used
;TYPE:SUPPORT
G1 F2700 E253.45455
G1 F600 X120.583 Y111.068 E253.49511
G1 X121.747 Y111.405 E253.53542
G1 X122.625 Y112.35 E253.57832
G1 X122.968 Y113.526 E253.61907
G1 X122.617 Y114.78 E253.66238
G1 X121.758 Y115.654 E253.70314
G1 X120.581 Y115.995 E253.74389
G1 X119.455 Y115.666 E253.78291
G1 X118.547 Y114.744 E253.82595
G1 X118.216 Y113.557 E253.86694
G1 X118.568 Y112.301 E253.91032
G1 X119.409 Y111.398 E253.95136
G1 F2700 E248.95136
G0 F9000 X118.776 Y110.81
G0 X120.585 Y110.171
G0 X122.218 Y110.645
G0 X123.396 Y111.913
G0 X123.866 Y113.523
G0 X123.392 Y115.228
G0 X122.218 Y116.42
G0 X121.515 Y116.596
G0 X120.75 Y117.244
G1 F2700 E253.95136
G1 F600 X121.919 Y117.581 E253.99183
G1 X122.829 Y118.55 E254.03604
G1 X123.18 Y119.759 E254.07791
G1 X122.93 Y120.698 E254.11023
G1 X123.055 Y121.15 E254.12583
G1 X122.699 Y122.371 E254.16813
G1 X122.617 Y122.613 E254.17663
G1 X121.756 Y123.507 E254.21791
G1 X120.571 Y123.863 E254.25906
G1 X119.46 Y123.539 E254.29756
G1 X118.572 Y122.61 E254.3403
G1 X118.252 Y121.446 E254.38045
G1 X118.595 Y120.256 E254.42164
G1 X118.416 Y119.611 E254.44391
G1 X118.736 Y118.473 E254.48322
G1 X119.58 Y117.566 E254.52443
G1 X120.75 Y117.244 E254.56479
G1 F2700 E249.56479
;MESH:screen.STL
G0 F9000 X119.803 Y116.64
G0 X119.117 Y116.802
G0 X117.962 Y118.037
G0 X117.52 Y119.613
G0 X117.429 Y120.648
G0 X117.065 Y129.3
G0 X116.2 Y129.3
;TYPE:WALL-OUTER
G1 F2700 E254.56479
G1 F600 X116.2 Y105.9 E255.34308
G1 F551.7 X116.234 Y105.734 E255.34921
G1 F549.2 X116.366 Y105.701 E255.35415
G1 F597 X118.6 Y105.7 E255.42883
G1 F553 X118.766 Y105.734 E255.43494
G1 X118.8 Y105.9 E255.44106
G1 F600 X118.8 Y108.3 E255.52088
G1 F2700 E250.52088
G0 F9000 X118.8 Y109.165
G0 X117.793 Y111.869
G0 X117.319 Y113.557
G0 X117.359 Y121.437
G0 X117.935 Y129.3
G0 X118.8 Y129.3
G1 F2700 E255.52088
G1 F600 X118.8 Y126.7 E255.60736
G1 F2700 E250.60736
;MESH:NONMESH
G0 F300 X118.8 Y126.7 Z23.68
G0 F9000 X118.8 Y125.835
G0 X117.798 Y123.052
G0 X117.359 Y121.437
G0 X117.319 Y113.557
G0 X117.793 Y111.869
G0 X118.943 Y110.633
G0 X119.257 Y110.544
G0 X119.408 Y111.08
;TIME_ELAPSED:1070.301399
;LAYER:121
;note -- min layer time used
;TYPE:SUPPORT
G1 F2700 E255.60736
G1 F600 X120.573 Y110.733 E255.64779
G1 X121.74 Y111.08 E255.68828
G1 X122.587 Y112.031 E255.73064
G1 X122.917 Y113.236 E255.77219
G1 X122.937 Y113.474 E255.78014
G1 X122.616 Y114.669 E255.82129
G1 X121.766 Y115.529 E255.86151
G1 X120.602 Y115.859 E255.90175
G1 X119.479 Y115.519 E255.94077
G1 X118.579 Y114.599 E255.98358
G1 X118.22 Y113.363 E256.02639
G1 X118.22 Y113.256 E256.02995
G1 X118.561 Y112.031 E256.07224
G1 X119.408 Y111.08 E256.1146
G1 F2700 E251.1146
G0 F9000 X118.765 Y110.507
G0 X117.781 Y111.609
G0 X117.359 Y113.144
G0 X117.359 Y113.491
G0 X117.809 Y115.051
G0 X119.018 Y116.283
G0 X119.506 Y116.403
G0 X120.595 Y116.981
G1 F2700 E256.1146
G1 F600 X121.781 Y117.352 E256.15593
G1 X122.688 Y118.327 E256.20022
G1 X122.81 Y118.546 E256.20856
G1 X123.14 Y119.681 E256.24787
G1 X122.812 Y120.847 E256.28816
G1 X122.956 Y121.383 E256.30662
G1 X122.564 Y122.804 E256.35565
G1 X121.619 Y123.784 E256.40093
G1 X120.453 Y124.147 E256.44154
G1 X119.302 Y123.822 E256.48132
G1 X118.425 Y122.918 E256.52321
G1 X118.124 Y121.753 E256.56323
G1 X118.495 Y120.533 E256.60565
G1 X118.576 Y120.349 E256.61233
G1 X118.276 Y119.364 E256.64658
G1 X118.581 Y118.199 E256.68663
G1 X119.412 Y117.291 E256.72757
G1 X120.595 Y116.981 E256.76825
G1 F2700 E251.76825
;MESH:screen.STL
G0 F9000 X119.506 Y116.403
G0 X118.948 Y116.52
G0 X117.798 Y117.773
G0 X117.379 Y119.383
G0 X117.257 Y121.289
G0 X117.065 Y129.3
G0 X116.2 Y129.3
;TYPE:WALL-OUTER
G1 F2700 E256.76825
G1 F600 X116.2 Y105.9 E257.54653
G1 F551.7 X116.234 Y105.734 E257.55266
G1 F549.2 X116.366 Y105.701 E257.55761
G1 F597 X118.6 Y105.7 E257.63228
G1 F553 X118.766 Y105.734 E257.6384
G1 X118.8 Y105.9 E257.64451
G1 F600 X118.8 Y108.3 E257.72434
G1 F2700 E252.72434
G0 F9000 X118.8 Y109.165
G0 X117.781 Y111.609
G0 X117.359 Y113.144
G0 X117.228 Y121.736
G0 X117.935 Y129.3
G0 X118.8 Y129.3
G1 F2700 E257.72434
G1 F600 X118.8 Y126.7 E257.81081
G1 F2700 E252.81081
;MESH:NONMESH
G0 F300 X118.8 Y126.7 Z23.88
G0 F9000 X118.8 Y125.835
G0 X117.646 Y123.356
G0 X117.228 Y121.736
G0 X117.359 Y113.144
G0 X117.781 Y111.609
G0 X118.8 Y110.467
G0 X119.356 Y110.963
;TIME_ELAPSED:1080.351283
;LAYER:122
;note -- min layer time used
;TYPE:SUPPORT
G1 F2700 E257.81081
G1 F600 X120.456 Y110.665 E257.84872
G1 X121.585 Y111.008 E257.88796
G1 X122.453 Y111.949 E257.93054
G1 X122.784 Y113.089 E257.97003
G1 X122.784 Y113.202 E257.97378
G1 X122.463 Y114.42 E258.01568
G1 X121.671 Y115.263 E258.05415
G1 X120.577 Y115.587 E258.0921
G1 X119.522 Y115.264 E258.1288
G1 X118.676 Y114.363 E258.1699
G1 X118.361 Y113.201 E258.20995
G1 X118.362 Y113.177 E258.21074
G1 X118.28 Y112.9 E258.22035
G1 X118.565 Y111.816 E258.25763
G1 X119.356 Y110.963 E258.29632
G1 F2700 E253.29632
G0 F9000 X118.721 Y110.377
G0 X117.79 Y111.387
G0 X117.384 Y112.919
G0 X117.904 Y114.8
G0 X119.051 Y116.021
G0 X119.802 Y116.226
G0 X120.439 Y116.924
G1 F2700 E258.29632
G1 F600 X121.567 Y117.264 E258.33551
G1 X122.475 Y118.229 E258.37958
G1 X122.633 Y118.536 E258.39106
G1 X122.972 Y119.652 E258.42986
G1 X122.675 Y120.775 E258.46849
G1 X122.594 Y120.87 E258.47264
G1 X122.577 Y121.009 E258.4773
G1 X122.732 Y121.624 E258.4984
G1 X122.385 Y122.817 E258.53972
G1 X122.267 Y123.045 E258.54826
G1 X121.436 Y123.899 E258.58789
G1 X120.317 Y124.243 E258.62683
G1 X119.258 Y123.946 E258.66341
G1 X118.424 Y123.085 E258.70328
G1 X118.132 Y122.004 E258.74052
G1 X118.479 Y120.86 E258.78028
G1 X118.676 Y120.463 E258.79502
G1 X118.675 Y120.374 E258.79798
G1 X118.596 Y120.244 E258.80304
G1 X118.249 Y119.131 E258.84182
G1 X118.533 Y118.06 E258.87867
G1 X119.327 Y117.212 E258.91731
G1 X120.439 Y116.924 E258.95551
G1 F2700 E253.95551
;MESH:screen.STL
G0 F9000 X119.802 Y116.226
G0 X118.867 Y116.441
G0 X117.758 Y117.629
G0 X117.353 Y119.152
G0 X117.065 Y129.3
G0 X116.2 Y129.3
;TYPE:WALL-OUTER
G1 F2700 E258.95551
G1 F600 X116.2 Y105.9 E259.7338
G1 F551.7 X116.234 Y105.734 E259.73993
G1 F549.2 X116.366 Y105.701 E259.74488
G1 F597 X118.6 Y105.7 E259.81955
G1 F553 X118.766 Y105.734 E259.82566
G1 X118.8 Y105.9 E259.83178
G1 F600 X118.8 Y108.3 E259.9116
G1 F2700 E254.9116
G0 F9000 X118.8 Y109.165
G0 X117.79 Y111.387
G0 X117.384 Y112.919
G0 X117.239 Y121.987
G0 X117.935 Y129.3
G0 X118.8 Y129.3
G1 F2700 E259.9116
G1 F600 X118.8 Y126.7 E259.99808
G1 F2700 E254.99808
;MESH:NONMESH
G0 F300 X118.8 Y126.7 Z24.08
G0 F9000 X118.8 Y125.835
G0 X117.651 Y123.529
G0 X117.239 Y121.987
G0 X117.384 Y112.919
G0 X117.79 Y111.387
G0 X118.751 Y110.345
G0 X119.308 Y110.859
;TIME_ELAPSED:1090.390456
;LAYER:123
;note -- min layer time used
;TYPE:SUPPORT
G1 F2700 E259.99808
G1 F600 X120.328 Y110.588 E260.03318
G1 X121.389 Y110.912 E260.07008
G1 X122.177 Y111.768 E260.10878
G1 X122.279 Y111.945 E260.11557
G1 X122.604 Y113.01 E260.15261
G1 X122.335 Y114.078 E260.18924
G1 X121.599 Y114.832 E260.22428
G1 X120.566 Y115.107 E260.25984
G1 X119.557 Y114.784 E260.29507
G1 X118.721 Y113.922 E260.33501
G1 X118.621 Y113.751 E260.3416
G1 X118.296 Y112.684 E260.3787
G1 X118.569 Y111.664 E260.41382
G1 X119.308 Y110.859 E260.45017
G1 F2700 E255.45017
G0 F9000 X118.67 Y110.274
G0 X117.788 Y111.236
G0 X117.401 Y112.703
G0 X117.824 Y114.096
G0 X118.026 Y114.45
G0 X119.089 Y115.544
G0 X120.07 Y116.008
G0 X120.291 Y116.841
G1 F2700 E260.45017
G1 F600 X121.349 Y117.168 E260.487
G1 X122.148 Y118.027 E260.52602
G1 X122.398 Y118.433 E260.54187
G1 X122.728 Y119.502 E260.57909
G1 X122.459 Y120.562 E260.61546
G1 X122.236 Y120.791 E260.62609
G1 X122.185 Y120.9 E260.63009
G1 X122.452 Y121.901 E260.66455
G1 X122.129 Y123.006 E260.70284
G1 X122.031 Y123.198 E260.71001
G1 X121.252 Y124 E260.7472
G1 X120.201 Y124.327 E260.78381
G1 X119.211 Y124.046 E260.81803
G1 X118.433 Y123.246 E260.85515
G1 X118.164 Y122.217 E260.89052
G1 X118.487 Y121.151 E260.92757
G1 X118.578 Y120.968 E260.93437
G1 X118.84 Y120.684 E260.94722
G1 X118.813 Y120.518 E260.95281
G1 X118.706 Y120.403 E260.95804
G1 X118.599 Y120.019 E260.9713
G1 X118.579 Y119.983 E260.97267
G1 X118.256 Y118.931 E261.00927
G1 X118.525 Y117.908 E261.04445
G1 X119.256 Y117.115 E261.08032
G1 X120.291 Y116.841 E261.11593
G1 F2700 E256.11593
;MESH:screen.STL
G0 F9000 X120.07 Y116.008
G0 X118.795 Y116.346
G0 X117.745 Y117.482
G0 X117.397 Y118.804
G0 X117.065 Y129.3
G0 X116.2 Y129.3
;TYPE:WALL-OUTER
G1 F2700 E261.11593
G1 F600 X116.2 Y105.9 E261.89422
G1 F551.7 X116.234 Y105.734 E261.90035
G1 F549.2 X116.366 Y105.701 E261.90529
G1 F597 X118.6 Y105.7 E261.97997
G1 F553 X118.766 Y105.734 E261.98608
G1 X118.8 Y105.9 E261.9922
G1 F600 X118.8 Y108.3 E262.07202
G1 F2700 E257.07202
G0 F9000 X118.8 Y109.165
G0 X117.788 Y111.236
G0 X117.401 Y112.703
G0 X117.268 Y122.205
G0 X117.935 Y129.3
G0 X118.8 Y129.3
G1 F2700 E262.07202
G1 F600 X118.8 Y126.7 E262.1585
G1 F2700 E257.1585
;MESH:NONMESH
G0 F300 X118.8 Y126.7 Z24.28
G0 F9000 X118.8 Y125.835
G0 X117.657 Y123.685
G0 X117.268 Y122.205
G0 X117.401 Y112.703
G0 X117.788 Y111.236
G0 X118.679 Y110.264
G0 X119.232 Y110.771
;TIME_ELAPSED:1100.341074
;LAYER:124
;note -- min layer time used
;TYPE:SUPPORT
G1 F2700 E262.1585
G1 F600 X120.199 Y110.516 E262.19176
G1 X121.189 Y110.824 E262.22624
G1 X121.931 Y111.622 E262.26249
G1 X122.035 Y111.795 E262.2692
G1 X122.34 Y112.793 E262.30391
G1 X122.087 Y113.787 E262.33802
G1 X121.402 Y114.493 E262.37074
G1 X120.442 Y114.751 E262.4038
G1 X119.501 Y114.448 E262.43669
G1 X118.712 Y113.633 E262.47441
G1 X118.612 Y113.469 E262.4808
G1 X118.3 Y112.463 E262.51583
G1 X118.553 Y111.511 E262.5486
G1 X119.232 Y110.771 E262.582
G1 F2700 E257.582
G0 F9000 X118.598 Y110.188
G0 X117.772 Y111.086
G0 X117.405 Y112.484
G0 X117.814 Y113.821
G0 X118.025 Y114.168
G0 X118.839 Y115.007
G0 X119.957 Y115.909
G0 X120.184 Y116.741
G1 F2700 E262.582
G1 F600 X121.161 Y117.044 E262.61602
G1 X121.891 Y117.841 E262.65197
G1 X122.043 Y118.165 E262.66387
G1 X122.203 Y118.411 E262.67363
G1 X122.468 Y119.362 E262.70647
G1 X122.186 Y120.339 E262.74029
G1 X121.789 Y120.74 E262.75906
G1 X121.744 Y120.849 E262.76298
G1 X121.78 Y120.983 E262.7676
G1 X121.939 Y121.159 E262.77548
G1 X122.196 Y122.129 E262.80886
G1 X121.896 Y123.162 E262.84464
G1 X121.803 Y123.35 E262.85161
G1 X121.068 Y124.103 E262.88661
G1 X120.085 Y124.407 E262.92083
G1 X119.167 Y124.15 E262.95254
G1 X118.441 Y123.398 E262.98731
G1 X118.192 Y122.444 E263.0201
G1 X118.495 Y121.439 E263.05501
G1 X118.586 Y121.26 E263.06169
G1 X118.855 Y120.965 E263.07497
G1 X118.893 Y120.843 E263.07922
G1 X118.852 Y120.727 E263.08331
G1 X118.66 Y120.529 E263.09248
G1 X118.409 Y119.59 E263.12481
G1 X118.48 Y119.354 E263.13301
G1 X118.292 Y118.72 E263.155
G1 X118.546 Y117.751 E263.18832
G1 X119.229 Y117.002 E263.22204
G1 X120.184 Y116.741 E263.25496
G1 F2700 E258.25496
;MESH:screen.STL
G0 F9000 X119.957 Y115.909
G0 X118.762 Y116.236
G0 X117.763 Y117.329
G0 X117.433 Y118.595
G0 X117.065 Y129.3
G0 X116.2 Y129.3
;TYPE:WALL-OUTER
G1 F2700 E263.25496
G1 F600 X116.2 Y105.9 E264.03325
G1 F551.7 X116.234 Y105.734 E264.03938
G1 F549.2 X116.366 Y105.701 E264.04432
G1 F597 X118.6 Y105.7 E264.119
G1 F553 X118.766 Y105.734 E264.12511
G1 X118.8 Y105.9 E264.13123
G1 F600 X118.8 Y108.3 E264.21105
G1 F2700 E259.21105
G0 F9000 X118.8 Y109.165
G0 X117.772 Y111.086
G0 X117.405 Y112.484
G0 X117.295 Y122.429
G0 X117.935 Y129.3
G0 X118.8 Y129.3
G1 F2700 E264.21105
G1 F600 X118.8 Y126.7 E264.29753
G1 F2700 E259.29753
;MESH:NONMESH
G0 F300 X118.8 Y126.7 Z24.48
G0 F9000 X118.8 Y125.835
G0 X117.665 Y123.838
G0 X117.295 Y122.429
G0 X117.405 Y112.484
G0 X117.772 Y111.086
G0 X118.596 Y110.189
G0 X119.143 Y110.692
;TIME_ELAPSED:1110.205203
;LAYER:125
;note -- min layer time used
;TYPE:SUPPORT
G1 F2700 E264.29753
G1 F600 X120.042 Y110.464 E264.32838
G1 X120.969 Y110.752 E264.36066
G1 X121.778 Y111.619 E264.4001
G1 X122.072 Y112.586 E264.43372
G1 X121.846 Y113.503 E264.46513
G1 X121.215 Y114.148 E264.49514
G1 X120.311 Y114.387 E264.52624
G1 X119.437 Y114.101 E264.55683
G1 X118.701 Y113.35 E264.5918
G1 X118.561 Y113.16 E264.59965
G1 X118.277 Y112.258 E264.63111
G1 X118.509 Y111.372 E264.66157
G1 X119.143 Y110.692 E264.69249
G1 F2700 E259.69249
G0 F9000 X118.511 Y110.105
G0 X117.729 Y110.946
G0 X117.381 Y112.278
G0 X117.782 Y113.563
G0 X119.858 Y115.817
G0 X120.084 Y116.649
G1 F2700 E264.69249
G1 F600 X120.988 Y116.931 E264.72399
G1 X121.706 Y117.715 E264.75934
G1 X121.826 Y118.108 E264.77301
G1 X121.895 Y118.188 E264.77653
G1 X122.176 Y119.084 E264.80776
G1 X122.16 Y119.192 E264.81139
G1 X122.228 Y119.467 E264.82081
G1 X121.939 Y120.402 E264.85336
G1 X121.419 Y120.934 E264.8781
G1 X121.422 Y121.138 E264.88489
G1 X121.706 Y121.451 E264.89895
G1 X121.94 Y122.353 E264.92994
G1 X121.661 Y123.318 E264.96335
G1 X121.571 Y123.494 E264.96993
G1 X120.879 Y124.212 E265.00309
G1 X119.969 Y124.495 E265.03479
G1 X119.119 Y124.254 E265.06417
G1 X118.445 Y123.558 E265.0964
G1 X118.216 Y122.669 E265.12693
G1 X118.499 Y121.728 E265.15962
G1 X118.59 Y121.552 E265.1662
G1 X118.935 Y121.174 E265.18323
G1 X118.952 Y121.055 E265.18722
G1 X118.9 Y120.94 E265.19142
G1 X118.612 Y120.649 E265.20504
G1 X118.377 Y119.774 E265.23517
G1 X118.512 Y119.351 E265.24994
G1 X118.329 Y118.773 E265.27011
G1 X118.36 Y118.62 E265.2753
G1 X118.328 Y118.488 E265.27982
G1 X118.565 Y117.587 E265.3108
G1 X119.197 Y116.89 E265.3421
G1 X120.084 Y116.649 E265.37267
G1 F2700 E260.37267
;MESH:screen.STL
G0 F9000 X119.858 Y115.817
G0 X118.729 Y116.124
G0 X117.782 Y117.166
G0 X117.469 Y118.369
G0 X117.065 Y129.3
G0 X116.2 Y129.3
;TYPE:WALL-OUTER
G1 F2700 E265.37267
G1 F600 X116.2 Y105.9 E266.15096
G1 F551.7 X116.234 Y105.734 E266.15708
G1 F549.2 X116.366 Y105.701 E266.16203
G1 F597 X118.6 Y105.7 E266.2367
G1 F553 X118.766 Y105.734 E266.24282
G1 X118.8 Y105.9 E266.24893
G1 F600 X118.8 Y108.3 E266.32876
G1 F2700 E261.32876
G0 F9000 X118.8 Y109.165
G0 X117.729 Y110.946
G0 X117.381 Y112.278
G0 X117.32 Y122.653
G0 X117.935 Y129.3
G0 X118.8 Y129.3
G1 F2700 E266.32876
G1 F600 X118.8 Y126.7 E266.41523
G1 F2700 E261.41523
;MESH:NONMESH
G0 F300 X118.8 Y126.7 Z24.68
G0 F9000 X118.8 Y125.835
G0 X117.669 Y123.996
G0 X117.32 Y122.653
G0 X117.381 Y112.278
G0 X117.701 Y111.05
G0 X118.457 Y111.248
;TIME_ELAPSED:1119.977920
;LAYER:126
;note -- min layer time used
;TYPE:SUPPORT
G1 F2700 E266.41523
G1 F600 X119.042 Y110.624 E266.44368
G1 X119.87 Y110.412 E266.47211
G1 X120.738 Y110.684 E266.50236
G1 X121.527 Y111.524 E266.54069
G1 X121.8 Y112.376 E266.57045
G1 X121.59 Y113.226 E266.59957
G1 X121.005 Y113.815 E266.62718
G1 X120.171 Y114.027 E266.6558
G1 X119.348 Y113.76 E266.68458
G1 X118.512 Y112.921 E266.72397
G1 X118.245 Y112.066 E266.75377
G1 X118.457 Y111.248 E266.78187
G1 F2700 E261.78187
G0 F9000 X117.619 Y111.031
G0 X117.347 Y112.087
G0 X117.739 Y113.326
G0 X119.702 Y115.742
G0 X119.929 Y116.573
G1 F2700 E266.78187
G1 F601.5 X119.988 Y116.557 E266.7839
G1 F600 X120.816 Y116.815 E266.81275
G1 X121.488 Y117.557 E266.84604
G1 X121.799 Y118.632 E266.88326
G1 X121.887 Y118.904 E266.89277
G1 X121.805 Y119.235 E266.90411
G1 X121.912 Y119.65 E266.91837
G1 X121.643 Y120.518 E266.94859
G1 X121.103 Y121.075 E266.97439
G1 X121.056 Y121.195 E266.97868
G1 X121.076 Y121.304 E266.98237
G1 X121.474 Y121.742 E267.00205
G1 X121.688 Y122.572 E267.03056
G1 X121.424 Y123.478 E267.06195
G1 X121.334 Y123.658 E267.06864
G1 X120.695 Y124.32 E267.09924
G1 X119.86 Y124.579 E267.12832
G1 X119.071 Y124.361 E267.15555
G1 X118.453 Y123.719 E267.18518
G1 X118.24 Y122.897 E267.21343
G1 X118.507 Y122.024 E267.24379
G1 X118.598 Y121.843 E267.25053
G1 X118.975 Y121.43 E267.26913
G1 X119.015 Y121.282 E267.27423
G1 X118.987 Y121.195 E267.27727
G1 X118.557 Y120.765 E267.29749
G1 X118.349 Y119.959 E267.32518
G1 X118.528 Y119.393 E267.34492
G1 X118.273 Y118.594 E267.37282
G1 X118.585 Y117.431 E267.41287
G1 X119.174 Y116.782 E267.44202
G1 F601.5 X119.929 Y116.573 E267.46801
G1 F2700 E262.46801
;MESH:screen.STL
G0 F9000 X119.702 Y115.742
G0 X118.701 Y116.016
G0 X117.806 Y117.006
G0 X117.418 Y118.46
G0 X117.065 Y129.3
G0 X116.2 Y129.3
;TYPE:WALL-OUTER
G1 F2700 E267.46801
G1 F600 X116.2 Y105.9 E268.24629
G1 F551.7 X116.234 Y105.734 E268.25242
G1 F549.2 X116.366 Y105.701 E268.25737
G1 F597 X118.6 Y105.7 E268.33204
G1 F553 X118.766 Y105.734 E268.33816
G1 X118.8 Y105.9 E268.34427
G1 F600 X118.8 Y108.3 E268.4241
G1 F2700 E263.4241
G0 F9000 X118.8 Y109.165
G0 X117.675 Y110.821
G0 X117.347 Y112.087
G0 X117.347 Y122.877
G0 X117.935 Y129.3
G0 X118.8 Y129.3
G1 F2700 E268.4241
G1 F600 X118.8 Y126.7 E268.51057
G1 F2700 E263.51057
;MESH:NONMESH
G0 F300 X118.8 Y126.7 Z24.88
G0 F9000 X118.8 Y125.835
G0 X117.677 Y124.155
G0 X117.347 Y122.877
G0 X117.347 Y112.087
G0 X117.675 Y110.821
G0 X118.434 Y110.009
G0 X118.984 Y110.523
;TIME_ELAPSED:1129.663405
;LAYER:127
;note -- min layer time used
;TYPE:SUPPORT
G1 F2700 E268.51057
G1 F600 X119.742 Y110.328 E268.53661
G1 X120.501 Y110.567 E268.56307
G1 X121.091 Y111.208 E268.59205
G1 X121.119 Y111.272 E268.59437
G1 X121.321 Y111.497 E268.60443
G1 X121.531 Y112.214 E268.62928
G1 X121.321 Y112.963 E268.65515
G1 X120.771 Y113.513 E268.68102
G1 X120.026 Y113.72 E268.70674
G1 X119.313 Y113.514 E268.73142
G1 X118.705 Y112.905 E268.76004
G1 X118.518 Y112.702 E268.76922
G1 X118.26 Y111.863 E268.79842
G1 X118.454 Y111.106 E268.82441
G1 X118.984 Y110.523 E268.85062
G1 F2700 E263.85062
G0 F9000 X118.345 Y109.944
G0 X117.67 Y110.688
G0 X117.365 Y111.885
G0 X117.75 Y113.141
G0 X119.661 Y115.635
G0 X119.887 Y116.469
G1 F2700 E268.85062
G1 F600 X120.652 Y116.711 E268.8773
G1 X121.265 Y117.386 E268.90763
G1 X121.559 Y118.359 E268.94144
G1 X121.524 Y118.605 E268.9497
G1 X121.555 Y118.732 E268.95405
G1 X121.438 Y119.194 E268.9699
G1 X121.6 Y119.83 E268.99173
G1 X121.351 Y120.634 E269.01972
G1 X120.748 Y121.256 E269.04854
G1 X120.714 Y121.406 E269.05365
G1 X120.763 Y121.507 E269.05739
G1 X121.242 Y122.034 E269.08107
G1 X121.436 Y122.799 E269.10732
G1 X121.189 Y123.63 E269.13616
G1 X121.098 Y123.815 E269.14301
G1 X120.511 Y124.424 E269.17115
G1 X119.743 Y124.667 E269.19794
G1 X119.023 Y124.469 E269.22277
G1 X118.461 Y123.883 E269.24978
G1 X118.264 Y123.122 E269.27593
G1 X118.554 Y122.191 E269.30836
G1 X119.044 Y121.649 E269.33266
G1 X119.074 Y121.506 E269.33752
G1 X119.018 Y121.399 E269.34154
G1 X118.509 Y120.885 E269.3656
G1 X118.317 Y120.142 E269.39112
G1 X118.543 Y119.426 E269.41609
G1 X118.217 Y118.425 E269.45111
G1 X118.413 Y117.686 E269.47654
G1 X118.536 Y117.541 E269.48286
G1 X118.61 Y117.261 E269.49249
G1 X119.142 Y116.666 E269.51904
G1 X119.887 Y116.469 E269.54467
G1 F2700 E264.54467
;MESH:screen.STL
G0 F9000 X119.661 Y115.635
G0 X118.674 Y115.903
G0 X117.827 Y116.843
G0 X117.634 Y117.253
G0 X117.351 Y118.333
G0 X117.065 Y129.3
G0 X116.2 Y129.3
;TYPE:WALL-OUTER
G1 F2700 E269.54467
G1 F600 X116.2 Y105.9 E270.32296
G1 F551.7 X116.234 Y105.734 E270.32909
G1 F549.2 X116.366 Y105.701 E270.33403
G1 F597 X118.6 Y105.7 E270.4087
G1 F553 X118.766 Y105.734 E270.41482
G1 X118.8 Y105.9 E270.42093
G1 F600 X118.8 Y108.3 E270.50076
G1 F2700 E265.50076
G0 F9000 X118.8 Y109.165
G0 X117.67 Y110.688
G0 X117.365 Y111.885
G0 X117.32 Y118.453
G0 X117.366 Y122.638
G0 X117.935 Y129.3
G0 X118.8 Y129.3
G1 F2700 E270.50076
G1 F600 X118.8 Y126.7 E270.58724
G1 F2700 E265.58724
;MESH:NONMESH
G0 F300 X118.8 Y126.7 Z25.08
G0 F9000 X118.8 Y125.835
G0 X117.681 Y124.315
G0 X117.371 Y123.103
G0 X117.32 Y118.453
G0 X117.365 Y111.885
G0 X117.67 Y110.688
G0 X118.369 Y109.917
G0 X118.928 Y110.423
;TIME_ELAPSED:1139.318643
;LAYER:128
;note -- min layer time used
;TYPE:SUPPORT
G1 F2700 E270.58724
G1 F600 X119.614 Y110.245 E270.61081
G1 X120.312 Y110.467 E270.63517
G1 X120.852 Y111.058 E270.6618
G1 X121 Y111.351 E270.67271
G1 X121.197 Y111.569 E270.68249
G1 X121.387 Y112.214 E270.70485
G1 X121.197 Y112.895 E270.72837
G1 X120.703 Y113.389 E270.7516
G1 X120.022 Y113.58 E270.77513
G1 X119.382 Y113.394 E270.79729
G1 X118.852 Y112.864 E270.82222
G1 X118.823 Y112.786 E270.82499
G1 X118.602 Y112.551 E270.83572
G1 X118.501 Y112.372 E270.84256
G1 X118.272 Y111.638 E270.86813
G1 X118.446 Y110.954 E270.8916
G1 X118.928 Y110.423 E270.91546
G1 F2700 E265.91546
G0 F9000 X118.288 Y109.845
G0 X117.663 Y110.536
G0 X117.379 Y111.665
G0 X117.704 Y112.717
G0 X119.561 Y115.541
G0 X119.786 Y116.373
G1 F2700 E270.91546
G1 F600 X120.483 Y116.598 E270.93982
G1 X121.051 Y117.229 E270.96805
G1 X121.316 Y118.118 E270.99891
G1 X121.238 Y118.443 E271.01002
G1 X121.304 Y118.707 E271.01907
G1 X121.117 Y119.341 E271.04106
G1 X121.292 Y120.022 E271.06445
G1 X121.067 Y120.742 E271.08954
G1 X120.393 Y121.423 E271.1214
G1 X120.364 Y121.547 E271.12564
G1 X120.415 Y121.67 E271.13007
G1 X121.01 Y122.33 E271.15962
G1 X121.184 Y123.023 E271.18339
G1 X120.957 Y123.778 E271.20961
G1 X120.858 Y123.98 E271.21709
G1 X120.33 Y124.532 E271.2425
G1 X119.631 Y124.755 E271.2669
G1 X118.979 Y124.577 E271.28938
G1 X118.466 Y124.04 E271.31408
G1 X118.296 Y123.35 E271.33772
G1 X118.523 Y122.611 E271.36343
G1 X118.615 Y122.426 E271.3703
G1 X119.121 Y121.868 E271.39535
G1 X119.14 Y121.719 E271.40035
G1 X119.083 Y121.62 E271.40415
G1 X118.416 Y120.975 E271.43501
G1 X118.241 Y120.311 E271.45785
G1 X118.531 Y119.439 E271.48841
G1 X118.41 Y118.981 E271.50417
G1 X118.392 Y118.955 E271.50522
G1 X118.161 Y118.249 E271.52993
G1 X118.337 Y117.58 E271.55294
G1 X118.555 Y117.344 E271.56362
G1 X118.63 Y117.093 E271.57234
G1 X119.114 Y116.554 E271.59643
G1 X119.786 Y116.373 E271.61958
G1 F2700 E266.61958
;MESH:screen.STL
G0 F9000 X119.561 Y115.541
G0 X118.643 Y115.79
G0 X117.847 Y116.678
G0 X117.555 Y117.152
G0 X117.291 Y118.167
G0 X117.065 Y129.3
G0 X116.2 Y129.3
;TYPE:WALL-OUTER
G1 F2700 E271.61958
G1 F600 X116.2 Y105.9 E272.39786
G1 F551.7 X116.234 Y105.734 E272.40399
G1 F549.2 X116.366 Y105.701 E272.40894
G1 F597 X118.6 Y105.7 E272.48361
G1 F553 X118.766 Y105.734 E272.48973
G1 X118.8 Y105.9 E272.49584
G1 F600 X118.8 Y108.3 E272.57567
G1 F2700 E267.57567
G0 F9000 X118.8 Y109.165
G0 X117.663 Y110.536
G0 X117.379 Y111.665
G0 X117.262 Y118.28
G0 X117.386 Y122.823
G0 X117.935 Y129.3
G0 X118.8 Y129.3
G1 F2700 E272.57567
G1 F600 X118.8 Y126.7 E272.66214
G1 F2700 E267.66214
;MESH:NONMESH
G0 F300 X118.8 Y126.7 Z25.28
G0 F9000 X118.8 Y125.835
G0 X117.686 Y124.471
G0 X117.4 Y123.328
G0 X117.262 Y118.28
G0 X117.379 Y111.665
G0 X117.663 Y110.536
G0 X118.317 Y109.813
G0 X118.876 Y110.319
;TIME_ELAPSED:1148.963345
;LAYER:129
;note -- min layer time used
;TYPE:SUPPORT
G1 F2700 E272.66214
G1 F600 X119.485 Y110.165 E272.68304
G1 X120.119 Y110.37 E272.7052
G1 X120.604 Y110.902 E272.72914
G1 X120.791 Y111.328 E272.74461
G1 X121.081 Y111.635 E272.75866
G1 X121.248 Y112.213 E272.77867
G1 X121.077 Y112.823 E272.79974
G1 X120.631 Y113.269 E272.82072
G1 X120.022 Y113.439 E272.84175
G1 X119.445 Y113.27 E272.86175
G1 X118.941 Y112.77 E272.88536
G1 X118.814 Y112.728 E272.88981
G1 X118.33 Y112.272 E272.91193
G1 X118.166 Y111.686 E272.93217
G1 X118.374 Y111.073 E272.9537
G1 X118.439 Y110.805 E272.96287
G1 X118.876 Y110.319 E272.98461
G1 F2700 E267.98461
G0 F9000 X118.235 Y109.743
G0 X117.654 Y110.389
G0 X117.264 Y111.664
G0 X117.533 Y112.627
G0 X119.465 Y115.451
G0 X119.69 Y116.285
G1 F2700 E272.98461
G1 F600 X120.315 Y116.486 E273.00644
G1 X120.825 Y117.053 E273.03181
G1 X121.076 Y117.883 E273.06065
G1 X120.945 Y118.47 E273.08065
G1 X121.057 Y118.927 E273.0963
G1 X120.846 Y119.653 E273.12145
G1 X120.983 Y120.19 E273.13988
G1 X120.773 Y120.834 E273.16241
G1 X120.266 Y121.326 E273.18591
G1 X120.021 Y121.506 E273.19602
G1 F535.7 X119.892 Y121.668 E273.20373
G1 F487.8 X119.896 Y121.885 E273.21261
G1 F540.5 X120.079 Y122.071 E273.22225
G1 F600 X120.343 Y122.139 E273.23131
G1 X120.777 Y122.624 E273.25296
G1 X120.928 Y123.246 E273.27425
G1 X120.681 Y124.078 E273.30311
G1 X120.146 Y124.637 E273.32885
G1 X119.515 Y124.843 E273.35093
G1 X118.936 Y124.682 E273.37092
G1 X118.477 Y124.196 E273.39315
G1 X118.32 Y123.582 E273.41423
G1 X118.531 Y122.9 E273.43797
G1 X118.623 Y122.719 E273.44473
G1 F540.5 X119.41 Y121.853 E273.48793
G1 F487.8 X119.406 Y121.742 E273.49247
G1 F535.7 X119.234 Y121.626 E273.5002
G1 F600 X118.801 Y121.518 E273.51504
G1 X118.332 Y121.059 E273.53687
G1 X118.173 Y120.46 E273.55748
G1 X118.379 Y119.851 E273.57886
G1 X118.526 Y119.68 E273.58636
G1 X118.54 Y119.591 E273.58936
G1 X118.46 Y119.257 E273.60078
G1 X118.528 Y118.982 E273.61021
G1 X118.493 Y118.881 E273.61376
G1 X118.311 Y118.698 E273.62235
G1 X118.105 Y118.076 E273.64414
G1 X118.257 Y117.477 E273.66469
G1 X118.59 Y117.131 E273.68066
G1 X118.652 Y116.932 E273.6876
G1 X119.089 Y116.446 E273.70934
G1 X119.69 Y116.285 E273.73003
G1 F2700 E268.73003
;MESH:screen.STL
G0 F9000 X119.465 Y115.451
G0 X118.617 Y115.681
G0 X117.863 Y116.523
G0 X117.479 Y117.046
G0 X117.234 Y118.004
G0 X117.065 Y129.3
G0 X116.2 Y129.3
;TYPE:WALL-OUTER
G1 F2700 E273.73003
G1 F600 X116.2 Y105.9 E274.50832
G1 F551.7 X116.234 Y105.734 E274.51445
G1 F549.2 X116.366 Y105.701 E274.51939
G1 F597 X118.6 Y105.7 E274.59406
G1 F553 X118.766 Y105.734 E274.60018
G1 X118.8 Y105.9 E274.60629
G1 F600 X118.8 Y108.3 E274.68612
G1 F2700 E269.68612
G0 F9000 X118.8 Y109.165
G0 X117.654 Y110.389
G0 X117.264 Y111.664
G0 X117.207 Y118.11
G0 X117.405 Y123.01
G0 X117.935 Y129.3
G0 X118.8 Y129.3
G1 F2700 E274.68612
G1 F600 X118.8 Y126.7 E274.77259
G1 F2700 E269.77259
;MESH:NONMESH
G0 F300 X118.8 Y126.7 Z25.48
G0 F9000 X118.8 Y125.835
G0 X117.694 Y124.628
G0 X117.427 Y123.555
G0 X117.207 Y118.11
G0 X117.264 Y111.664
G0 X117.654 Y110.389
G0 X118.256 Y109.719
G0 X118.817 Y110.223
;TIME_ELAPSED:1158.751137
;LAYER:130
;note -- min layer time used
;TYPE:SUPPORT
G1 F2700 E274.77259
G1 F600 X119.36 Y110.081 E274.79126
G1 X119.923 Y110.27 E274.81101
G1 X120.358 Y110.748 E274.83251
G1 X120.517 Y111.051 E274.84389
G1 X120.599 Y111.318 E274.85318
G1 X120.957 Y111.699 E274.87057
G1 X121.108 Y112.222 E274.88868
G1 X120.961 Y112.756 E274.9071
G1 X120.564 Y113.152 E274.92575
G1 X120.026 Y113.3 E274.94431
G1 X119.513 Y113.15 E274.96208
G1 X119.213 Y112.856 E274.97605
G1 X118.647 Y112.71 E274.9955
G1 X118.218 Y112.308 E275.01505
G1 X118.074 Y111.791 E275.0329
G1 X118.254 Y111.265 E275.05139
G1 X118.306 Y111.193 E275.05434
G1 X118.436 Y110.648 E275.07298
G1 X118.817 Y110.223 E275.09196
G1 F2700 E270.09196
G0 F9000 X118.174 Y109.648
G0 X117.649 Y110.236
G0 X117.173 Y111.769
G0 X117.424 Y112.672
G0 X119.37 Y115.36
G0 X119.594 Y116.193
G1 F2700 E275.09196
G1 F600 X120.15 Y116.374 E275.11141
G1 X120.605 Y116.888 E275.13424
G1 X120.837 Y117.652 E275.1608
G1 X120.7 Y118.238 E275.18082
G1 X120.627 Y118.397 E275.18664
G1 X120.812 Y119.155 E275.21259
G1 X120.629 Y119.775 E275.23409
G1 X120.543 Y119.99 E275.24179
G1 X120.635 Y120.337 E275.25373
G1 X120.441 Y120.914 E275.27398
G1 X119.872 Y121.472 E275.30048
G1 X119.204 Y121.68 E275.32375
G1 X118.661 Y121.55 E275.34232
G1 X118.24 Y121.139 E275.36189
G1 X118.101 Y120.616 E275.37989
G1 X118.287 Y120.072 E275.39901
G1 X118.548 Y119.806 E275.41141
G1 X118.492 Y119.487 E275.42218
G1 X118.646 Y118.977 E275.4399
G1 X118.615 Y118.831 E275.44486
G1 X118.235 Y118.455 E275.46264
G1 X118.049 Y117.903 E275.48202
G1 X118.182 Y117.369 E275.50032
G1 X118.645 Y116.882 E275.52267
G1 X118.68 Y116.77 E275.52657
G1 X119.063 Y116.334 E275.54587
G1 X119.594 Y116.193 E275.56415
G1 F2700 E270.56415
G0 F9000 X119.863 Y115.372
G0 X120.641 Y115.629
G0 X121.38 Y116.458
G0 X121.733 Y117.624
G0 X121.705 Y119.179
G0 X121.535 Y120.37
G0 X121.199 Y121.386
G0 X120.724 Y121.836
G0 X119.619 Y122.345
G1 F2700 E275.56415
G1 F600 X120.158 Y122.487 E275.58269
G1 X120.541 Y122.916 E275.60181
G1 X120.676 Y123.47 E275.62078
G1 X120.449 Y124.23 E275.64716
G1 X119.961 Y124.741 E275.67066
G1 X119.398 Y124.927 E275.69038
G1 X118.887 Y124.789 E275.70799
G1 X118.482 Y124.357 E275.72768
G1 X118.348 Y123.807 E275.74651
G1 X118.576 Y123.072 E275.77211
G1 X119.062 Y122.53 E275.79632
G1 X119.619 Y122.345 E275.81584
G1 F2700 E270.81584
;MESH:screen.STL
G0 F9000 X120.724 Y121.836
G0 X121.332 Y122.503
G0 X121.571 Y123.495
G0 X119.665 Y129.3
G0 X118.8 Y129.3
;TYPE:WALL-OUTER
G1 F2700 E275.81584
G1 F600 X118.8 Y126.7 E275.90232
G1 F2700 E270.90232
G0 F9000 X118.8 Y125.835
G0 X118.426 Y125.558
G0 X117.699 Y124.786
G0 X117.454 Y123.779
G0 X117.204 Y120.584
G0 X117.152 Y117.94
G0 X117.173 Y111.769
G0 X117.649 Y110.236
G0 X118.283 Y109.53
G0 X118.8 Y109.165
G0 X118.8 Y108.3
G1 F2700 E275.90232
G1 F600 X118.8 Y105.9 E275.98214
G1 F553 X118.766 Y105.734 E275.98826
G1 X118.6 Y105.7 E275.99437
G1 F597 X116.366 Y105.701 E276.06905
G1 F549.2 X116.234 Y105.734 E276.07399
G1 F551.7 X116.2 Y105.9 E276.08012
G1 F600 X116.2 Y129.3 E276.85841
G1 F2700 E271.85841
;MESH:NONMESH
G0 F300 X116.2 Y129.3 Z25.68
G0 F9000 X117.065 Y129.3
G0 X117.173 Y111.769
G0 X117.649 Y110.236
G0 X118.205 Y109.614
G0 X118.769 Y110.119
;TIME_ELAPSED:1169.146565
;LAYER:131
;note -- min layer time used
;TYPE:SUPPORT
G1 F2700 E276.85841
G1 F600 X119.239 Y110.001 E276.87452
G1 X119.722 Y110.165 E276.89149
G1 X120.121 Y110.607 E276.91129
G1 X120.223 Y110.785 E276.91812
G1 X120.381 Y111.282 E276.93546
G1 X120.841 Y111.771 E276.95779
G1 X120.971 Y112.213 E276.97312
G1 X120.837 Y112.683 E276.98937
G1 X120.491 Y113.033 E277.00574
G1 X120.027 Y113.16 E277.02174
G1 X119.429 Y112.984 E277.04247
G1 X119.256 Y112.836 E277.05005
G1 X119.125 Y112.815 E277.05446
G1 X118.981 Y112.857 E277.05945
G1 X118.5 Y112.741 E277.0759
G1 X118.132 Y112.387 E277.09289
G1 X118.017 Y111.937 E277.10834
G1 X118.183 Y111.453 E277.12535
G1 X118.34 Y111.289 E277.1329
G1 X118.368 Y111.139 E277.13798
G1 X118.32 Y110.98 E277.1435
G1 X118.435 Y110.492 E277.16018
G1 X118.769 Y110.119 E277.17683
G1 F2700 E272.17683
G0 F9000 X118.123 Y109.545
G0 X117.649 Y110.08
G0 X117.119 Y111.899
G0 X117.333 Y112.745
G0 X119.246 Y115.303
G0 X119.446 Y116.14
G1 F2700 E277.17683
G1 F600 X119.943 Y116.309 E277.19429
G1 X120.421 Y116.83 E277.21781
G1 X120.601 Y117.424 E277.23845
G1 X120.484 Y117.943 E277.25615
G1 X120.14 Y118.319 E277.2731
G1 X120.105 Y118.5 E277.27923
G1 X120.448 Y118.895 E277.29663
G1 X120.564 Y119.382 E277.31328
G1 X120.382 Y119.994 E277.33452
G1 X120.24 Y120.237 E277.34388
G1 X120.291 Y120.491 E277.35249
G1 X120.125 Y120.989 E277.36995
G1 X119.595 Y121.498 E277.39439
G1 X119 Y121.688 E277.41517
G1 X118.512 Y121.57 E277.43187
G1 X118.148 Y121.223 E277.44859
G1 X118.033 Y120.765 E277.4643
G1 X118.198 Y120.286 E277.48115
G1 X118.496 Y119.98 E277.49536
G1 X118.524 Y119.895 E277.49833
G1 X118.492 Y119.719 E277.50428
G1 X118.659 Y119.194 E277.52261
G1 X118.794 Y118.952 E277.53182
G1 X118.78 Y118.82 E277.53624
G1 X118.158 Y118.217 E277.56505
G1 X117.992 Y117.727 E277.58226
G1 X118.106 Y117.268 E277.59799
G1 X118.441 Y116.919 E277.61408
G1 X118.556 Y116.852 E277.61851
G1 X118.635 Y116.614 E277.62685
G1 X118.97 Y116.253 E277.64323
G1 X119.446 Y116.14 E277.6595
G1 F2700 E272.6595
G0 F9000 X119.719 Y115.323
G0 X120.433 Y115.564
G0 X121.192 Y116.389
G0 X121.496 Y117.394
G0 X121.458 Y119.41
G0 X121.192 Y120.527
G0 X120.875 Y121.467
G0 X120.259 Y122.034
G0 X119.504 Y122.709
G1 F2700 E277.6595
G1 F600 X119.974 Y122.831 E277.67565
G1 X120.305 Y123.204 E277.69224
G1 X120.424 Y123.697 E277.7091
G1 X120.213 Y124.389 E277.73317
G1 X119.776 Y124.85 E277.75429
G1 X119.289 Y125.015 E277.77139
G1 X118.847 Y124.897 E277.78661
G1 X118.491 Y124.518 E277.80391
G1 X118.376 Y124.024 E277.82078
G1 X118.582 Y123.365 E277.84374
G1 X119.023 Y122.873 E277.86571
G1 X119.504 Y122.709 E277.88262
G1 F2700 E272.88262
;MESH:screen.STL
G0 F9000 X120.259 Y122.034
G0 X121.097 Y122.793
G0 X121.318 Y123.727
G0 X119.665 Y129.3
G0 X118.8 Y129.3
;TYPE:WALL-OUTER
G1 F2700 E277.88262
G1 F600 X118.8 Y126.7 E277.96909
G1 F2700 E272.96909
G0 F9000 X118.8 Y125.835
G0 X118.382 Y125.666
G0 X117.704 Y124.94
G0 X117.481 Y123.997
G0 X117.133 Y120.73
G0 X117.119 Y111.899
G0 X117.649 Y110.08
G0 X118.3 Y109.349
G0 X118.8 Y109.165
G0 X118.8 Y108.3
G1 F2700 E277.96909
G1 F600 X118.8 Y105.9 E278.04892
G1 F553 X118.766 Y105.734 E278.05503
G1 X118.6 Y105.7 E278.06115
G1 F597 X116.366 Y105.701 E278.13582
G1 F549.2 X116.234 Y105.734 E278.14077
G1 F551.7 X116.2 Y105.9 E278.1469
G1 F600 X116.2 Y129.3 E278.92518
G1 F2700 E273.92518
;MESH:NONMESH
G0 F300 X116.2 Y129.3 Z25.88
G0 F9000 X117.065 Y129.3
G0 X117.119 Y111.899
G0 X117.649 Y110.08
G0 X118.149 Y109.517
G0 X118.714 Y110.019
;TIME_ELAPSED:1179.503624
;LAYER:132
;note -- min layer time used
;TYPE:SUPPORT
G1 F2700 E278.92518
G1 F600 X119.111 Y109.921 E278.93878
G1 X119.537 Y110.065 E278.95374
G1 X119.875 Y110.448 E278.97073
G1 X119.975 Y110.628 E278.97758
G1 X120.125 Y111.099 E278.99402
G1 X120.096 Y111.317 E279.00133
G1 X120.211 Y111.46 E279.00744
G1 X120.332 Y111.498 E279.01166
G1 X120.675 Y111.825 E279.02742
G1 X120.818 Y112.224 E279.04151
G1 X120.71 Y112.61 E279.05485
G1 X120.4 Y112.892 E279.06878
G1 X119.917 Y113.002 E279.08526
G1 X119.085 Y112.779 E279.11391
G1 X118.767 Y112.872 E279.12493
G1 X118.359 Y112.777 E279.13886
G1 X118.045 Y112.476 E279.15333
G1 X117.953 Y112.091 E279.1665
G1 X118.098 Y111.677 E279.18108
G1 X118.442 Y111.318 E279.19762
G1 X118.471 Y111.184 E279.20218
G1 X118.336 Y110.759 E279.21701
G1 X118.436 Y110.339 E279.23137
G1 X118.714 Y110.019 E279.24547
G1 F2700 E274.24547
G0 F9000 X118.064 Y109.45
G0 X117.643 Y109.933
G0 X117.055 Y112.046
G0 X117.246 Y112.837
G0 X119.093 Y115.242
G0 X119.285 Y116.084
G1 F2700 E279.24547
G1 F600 X119.718 Y116.229 E279.26066
G1 X120.212 Y116.776 E279.28517
G1 X120.368 Y117.232 E279.3012
G1 X120.273 Y117.657 E279.31569
G1 X119.998 Y117.94 E279.32881
G1 X119.886 Y117.994 E279.33295
G1 X119.789 Y118.281 E279.34302
G1 F579.7 X119.676 Y118.414 E279.34903
G1 F510.6 X119.636 Y118.531 E279.35386
G1 F470.6 X119.685 Y118.719 E279.3621
G1 F512.8 X119.775 Y118.801 E279.36684
G1 F579.7 X119.935 Y118.863 E279.37275
G1 F600 X120.216 Y119.179 E279.38681
G1 X120.312 Y119.595 E279.40101
G1 X120.163 Y120.068 E279.41751
G1 X119.943 Y120.398 E279.4307
G1 X119.916 Y120.516 E279.43472
G1 X119.943 Y120.635 E279.43878
G1 X119.794 Y121.073 E279.45417
G1 X119.332 Y121.513 E279.47539
G1 X118.783 Y121.688 E279.49456
G1 X118.371 Y121.593 E279.50862
G1 X118.052 Y121.29 E279.52325
G1 X117.954 Y120.91 E279.5363
G1 X118.102 Y120.498 E279.55086
G1 X118.522 Y120.075 E279.57069
G1 X118.529 Y119.924 E279.57572
G1 X118.702 Y119.362 E279.59528
G1 F560.7 X119.192 Y118.829 E279.62104
G1 F527.5 X119.15 Y118.672 E279.62719
G1 F560.7 X118.642 Y118.51 E279.64617
G1 F600 X118.376 Y118.277 E279.65793
G1 X118.377 Y118.266 E279.6583
G1 X118.082 Y117.977 E279.67203
G1 X117.936 Y117.557 E279.68682
G1 X118.031 Y117.163 E279.7003
G1 X118.313 Y116.862 E279.71402
G1 X118.426 Y116.837 E279.71787
G1 X118.522 Y116.752 E279.72213
G1 X118.592 Y116.485 E279.73131
G1 X118.874 Y116.178 E279.74518
G1 X119.285 Y116.084 E279.7592
G1 F2700 E274.7592
G0 F9000 X119.564 Y115.266
G0 X120.207 Y115.488
G0 X120.974 Y116.327
G0 X121.263 Y117.181
G0 X121.206 Y119.634
G0 X120.543 Y121.55
G0 X120.082 Y121.994
G0 X119.665 Y122.278
G0 X119.398 Y123.077
G1 F2700 E279.7592
G1 F600 X119.798 Y123.179 E279.77293
G1 X120.072 Y123.494 E279.78682
G1 X120.169 Y123.921 E279.80138
G1 X119.984 Y124.543 E279.82296
G1 X119.596 Y124.954 E279.84176
G1 X119.176 Y125.099 E279.85654
G1 X118.796 Y124.997 E279.86963
G1 X118.5 Y124.679 E279.88408
G1 X118.403 Y124.253 E279.89861
G1 X118.589 Y123.655 E279.91944
G1 X118.975 Y123.224 E279.93868
G1 X119.398 Y123.077 E279.95358
G1 F2700 E274.95358
;MESH:screen.STL
G0 F9000 X119.665 Y122.278
G0 X120.272 Y122.41
G0 X120.866 Y123.093
G0 X121.063 Y123.954
G0 X119.665 Y129.3
G0 X118.8 Y129.3
;TYPE:WALL-OUTER
G1 F2700 E279.95358
G1 F600 X118.8 Y126.7 E280.04005
G1 F2700 E275.04005
G0 F9000 X118.8 Y108.3
G1 F2700 E280.04005
G1 F600 X118.8 Y105.9 E280.11988
G1 F553 X118.766 Y105.734 E280.12599
G1 X118.6 Y105.7 E280.13211
G1 F597 X116.366 Y105.701 E280.20678
G1 F549.2 X116.234 Y105.734 E280.21173
G1 F551.7 X116.2 Y105.9 E280.21786
G1 F600 X116.2 Y129.3 E280.99614
G1 F2700 E275.99614
;MESH:NONMESH
G0 F300 X116.2 Y129.3 Z26.08
G0 F9000 X117.065 Y129.3
G0 X117.055 Y112.046
G0 X117.643 Y109.933
G0 X118.094 Y109.416
G0 X118.666 Y109.917
;TIME_ELAPSED:1189.716500
;LAYER:133
;note -- min layer time used
;TYPE:SUPPORT
G1 F2700 E280.99614
G1 F600 X118.988 Y109.841 E281.00715
G1 X119.337 Y109.964 E281.01945
G1 X119.696 Y110.366 E281.03738
G1 X119.861 Y110.872 E281.05508
G1 X119.772 Y111.303 E281.06972
G1 X119.803 Y111.459 E281.07501
G1 X119.89 Y111.529 E281.07872
G1 X120.042 Y111.57 E281.08396
G1 X120.327 Y111.83 E281.09679
G1 X120.437 Y112.145 E281.10789
G1 X120.341 Y112.466 E281.11903
G1 X120.07 Y112.7 E281.13094
G1 X119.618 Y112.809 E281.1464
G1 X119.101 Y112.662 E281.16428
G1 X118.944 Y112.773 E281.17068
G1 X118.557 Y112.9 E281.18422
G1 X118.223 Y112.825 E281.19561
G1 X117.969 Y112.58 E281.20735
G1 X117.889 Y112.257 E281.21841
G1 X118.021 Y111.902 E281.23101
G1 X118.395 Y111.521 E281.24877
G1 X118.59 Y111.389 E281.2566
G1 X118.65 Y111.221 E281.26253
G1 X118.484 Y110.933 E281.27359
G1 X118.356 Y110.537 E281.28743
G1 X118.433 Y110.185 E281.29942
G1 X118.666 Y109.917 E281.31123
G1 F2700 E276.31123
G0 F9000 X118.012 Y109.351
G0 X117.637 Y109.787
G0 X117.276 Y111.431
G0 X116.992 Y112.204
G0 X117.168 Y112.944
G0 X118.924 Y115.179
G0 X119.112 Y116.02
G1 F2700 E281.31123
G1 F600 X119.486 Y116.152 E281.32442
G1 X119.926 Y116.634 E281.34613
G1 X120.064 Y117.034 E281.3602
G1 X119.991 Y117.382 E281.37203
G1 X119.759 Y117.623 E281.38315
G1 X119.613 Y117.666 E281.38821
G1 X119.536 Y117.738 E281.39172
G1 X119.472 Y118.039 E281.40196
G1 X119.234 Y118.272 E281.41303
G1 X118.887 Y118.344 E281.42482
G1 X118.496 Y118.205 E281.43862
G1 X118.005 Y117.732 E281.4613
G1 X117.88 Y117.387 E281.4735
G1 X117.955 Y117.055 E281.48482
G1 X118.19 Y116.811 E281.49609
G1 X118.352 Y116.774 E281.50162
G1 X118.471 Y116.688 E281.5065
G1 X118.544 Y116.353 E281.51791
G1 X118.781 Y116.097 E281.52951
G1 X119.112 Y116.02 E281.54081
G1 F2700 E276.54081
G0 F9000 X119.398 Y115.206
G0 X119.973 Y115.41
G0 X120.702 Y116.23
G0 X120.959 Y116.976
G0 X120.802 Y117.725
G0 X120.241 Y118.484
G0 X119.402 Y119.117
G1 F2700 E281.54081
G1 F600 X119.73 Y119.199 E281.55206
G1 X119.959 Y119.465 E281.56373
G1 X120.037 Y119.823 E281.57592
G1 X119.866 Y120.379 E281.59526
G1 X119.646 Y120.64 E281.60662
G1 X119.467 Y121.135 E281.62413
G1 X119.088 Y121.498 E281.64158
G1 X118.568 Y121.653 E281.65963
G1 X118.211 Y121.575 E281.67178
G1 X117.939 Y121.327 E281.68402
G1 X117.858 Y121.026 E281.69439
G1 X117.981 Y120.689 E281.70632
G1 X118.286 Y120.396 E281.72039
G1 X118.523 Y120.256 E281.72955
G1 X118.723 Y119.624 E281.75159
G1 X119.06 Y119.236 E281.76869
G1 X119.402 Y119.117 E281.78073
G1 F2700 E276.78073
G0 F9000 X120.241 Y118.484
G0 X120.756 Y119.072
G0 X120.93 Y119.862
G0 X120.716 Y120.568
G0 X120.309 Y121.423
G0 X119.491 Y122.603
G0 X119.283 Y123.441
G1 F2700 E281.78073
G1 F600 X119.613 Y123.523 E281.79204
G1 X119.839 Y123.788 E281.80362
G1 X119.917 Y124.143 E281.81571
G1 X119.744 Y124.701 E281.83514
G1 X119.41 Y125.064 E281.85155
G1 X119.062 Y125.187 E281.86383
G1 X118.747 Y125.105 E281.87465
G1 X118.5 Y124.836 E281.8868
G1 X118.423 Y124.487 E281.89869
G1 X118.596 Y123.956 E281.91726
G1 X118.937 Y123.563 E281.93457
G1 X119.283 Y123.441 E281.94677
G1 F2700 E276.94677
;MESH:screen.STL
G0 F9000 X118.994 Y122.629
G0 X119.241 Y122.543
G0 X120.088 Y122.754
G0 X120.638 Y123.392
G0 X120.794 Y124.105
G0 X119.665 Y129.3
G0 X118.8 Y129.3
;TYPE:WALL-OUTER
G1 F2700 E281.94677
G1 F600 X118.8 Y126.7 E282.03325
G1 F2700 E277.03325
G0 F9000 X118.387 Y125.87
G0 X117.71 Y125.252
G0 X117.535 Y124.446
G0 X117.752 Y123.758
G0 X118.389 Y122.503
G0 X119.538 Y122.267
G0 X120.214 Y121.624
G0 X120.716 Y120.568
G0 X120.93 Y119.862
G0 X120.959 Y116.976
G0 X120.702 Y116.23
G0 X118.394 Y113.75
G0 X117.799 Y113.619
G0 X117.187 Y113.026
G0 X116.992 Y112.204
G0 X117.276 Y111.431
G0 X117.637 Y109.787
G0 X118.195 Y109.144
G0 X118.8 Y108.3
G1 F2700 E282.03325
G1 F600 X118.8 Y105.9 E282.11307
G1 F553 X118.766 Y105.734 E282.11918
G1 X118.6 Y105.7 E282.1253
G1 F597 X116.366 Y105.701 E282.19997
G1 F549.2 X116.234 Y105.734 E282.20492
G1 F551.7 X116.2 Y105.9 E282.21105
G1 F600 X116.2 Y129.3 E282.98933
G1 F2700 E277.98933
;MESH:NONMESH
G0 F300 X116.2 Y129.3 Z26.28
G0 F9000 X117.065 Y129.3
G0 X117.694 Y122.269
G0 X118.603 Y122.549
G0 X119.538 Y122.267
G0 X120.214 Y121.624
G0 X120.716 Y120.568
G0 X120.93 Y119.862
G0 X120.959 Y116.976
G0 X120.702 Y116.23
G0 X119.973 Y115.41
G0 X117.799 Y113.619
G0 X117.187 Y113.026
G0 X116.992 Y112.204
G0 X117.276 Y111.431
G0 X117.637 Y109.787
G0 X118.038 Y109.321
G0 X118.615 Y109.82
;TIME_ELAPSED:1201.100967
;LAYER:134
;note -- min layer time used
;TYPE:SUPPORT
G1 F2700 E282.98933
G1 F600 X118.867 Y109.761 E282.99794
G1 X119.155 Y109.867 E283.00815
G1 X119.447 Y110.2 E283.02288
G1 X119.601 Y110.658 E283.03895
G1 X119.542 Y110.958 E283.04912
G1 F606.1 X119.342 Y111.184 E283.05906
G1 F625 X119.3 Y111.336 E283.06409
G1 F618.6 X119.357 Y111.476 E283.06897
G1 F600 X119.673 Y111.611 E283.0804
G1 X119.938 Y111.856 E283.0924
G1 X120.041 Y112.121 E283.10186
G1 X119.977 Y112.37 E283.11041
G1 X119.776 Y112.55 E283.11938
G1 X119.465 Y112.609 E283.12991
G1 X119.133 Y112.506 E283.14147
G1 X119.01 Y112.527 E283.14562
G1 X118.712 Y112.788 E283.1588
G1 X118.366 Y112.905 E283.17095
G1 X118.08 Y112.847 E283.18065
G1 X117.881 Y112.659 E283.18976
G1 X117.821 Y112.406 E283.19841
G1 X117.928 Y112.128 E283.20831
G1 X118.317 Y111.745 E283.22647
G1 X118.62 Y111.637 E283.23717
G1 X118.868 Y111.446 E283.24758
G1 F618.6 X118.926 Y111.324 E283.25194
G1 F621.8 X118.886 Y111.156 E283.25748
G1 F603 X118.527 Y110.767 E283.275
G1 F600 X118.379 Y110.32 E283.29066
G1 X118.442 Y110.027 E283.30063
G1 X118.615 Y109.82 E283.3096
G1 F2700 E278.3096
G0 F9000 X118.981 Y115.929
G1 F2700 E283.3096
G1 F600 X119.266 Y116.038 E283.31975
G1 X119.506 Y116.308 E283.33177
G1 X119.647 Y116.515 E283.3401
G1 X119.757 Y116.832 E283.35126
G1 X119.702 Y117.115 E283.36085
G1 X119.523 Y117.3 E283.36941
G1 X119.328 Y117.346 E283.37607
G1 X119.23 Y117.426 E283.38028
G1 X119.148 Y117.803 E283.39311
G1 X118.97 Y117.978 E283.40141
G1 X118.684 Y118.033 E283.4111
G1 X118.327 Y117.907 E283.42369
G1 X117.906 Y117.513 E283.44287
G1 X117.798 Y117.234 E283.45282
G1 X117.857 Y116.991 E283.46114
G1 X118.054 Y116.797 E283.47033
G1 X118.353 Y116.734 E283.4805
G1 X118.469 Y116.604 E283.48629
G1 X118.554 Y116.195 E283.50019
G1 X118.73 Y115.988 E283.50922
G1 X118.981 Y115.929 E283.5178
G1 F2700 E278.5178
G0 F9000 X119.28 Y115.118
G0 X119.775 Y115.303
G0 X120.428 Y116.124
G0 X120.653 Y116.765
G0 X120.503 Y117.533
G0 X120.186 Y117.933
G0 X119.483 Y118.661
G0 X119.301 Y119.485
G1 F2700 E283.5178
G1 F600 X119.552 Y119.547 E283.5264
G1 X119.726 Y119.757 E283.53547
G1 X119.785 Y120.054 E283.54554
G1 X119.662 Y120.458 E283.55959
G1 X119.269 Y120.861 E283.57831
G1 X119.141 Y121.195 E283.5902
G1 X118.895 Y121.417 E283.60123
G1 X118.811 Y121.446 E283.60418
G1 X118.648 Y121.599 E283.61162
G1 X118.341 Y121.709 E283.62246
G1 X118.084 Y121.656 E283.63119
G1 X117.888 Y121.457 E283.64048
G1 X117.832 Y121.193 E283.64946
G1 X117.941 Y120.897 E283.65995
G1 X118.258 Y120.563 E283.67526
G1 X118.496 Y120.437 E283.68422
G1 X118.622 Y120.096 E283.69631
G1 X118.795 Y119.852 E283.70626
G1 X119.022 Y119.59 E283.71779
G1 X119.301 Y119.485 E283.72771
G1 F2700 E278.72771
G0 F9000 X119.51 Y118.647
G0 X120.034 Y118.78
G0 X120.529 Y119.376
G0 X120.679 Y120.097
G0 X120.477 Y120.759
G0 X119.37 Y122.967
G0 X119.171 Y123.809
G1 F2700 E283.72771
G1 F600 X119.425 Y123.868 E283.73638
G1 X119.602 Y124.079 E283.74554
G1 X119.665 Y124.37 E283.75544
G1 X119.555 Y124.724 E283.76777
G1 X119.46 Y124.895 E283.77428
G1 X119.228 Y125.153 E283.78582
G1 X118.94 Y125.259 E283.79602
G1 X118.696 Y125.197 E283.8044
G1 X118.509 Y124.99 E283.81368
G1 X118.451 Y124.7 E283.82351
G1 X118.6 Y124.246 E283.83941
G1 X118.893 Y123.914 E283.85413
G1 X119.171 Y123.809 E283.86402
G1 F2700 E278.86402
;MESH:screen.STL
G0 F9000 X118.866 Y123.001
G0 X119.116 Y122.909
G0 X119.907 Y123.096
G0 X120.409 Y123.694
G0 X120.54 Y124.343
G0 X119.665 Y129.3
G0 X118.8 Y129.3
;TYPE:WALL-OUTER
G1 F2700 E283.86402
G1 F600 X118.8 Y126.7 E283.95049
G1 F2700 E278.95049
G0 F9000 X118.8 Y108.3
G1 F2700 E283.95049
G1 F600 X118.8 Y105.9 E284.03032
G1 F553 X118.766 Y105.734 E284.03643
G1 X118.6 Y105.7 E284.04255
G1 F597 X116.366 Y105.701 E284.11722
G1 F549.2 X116.234 Y105.734 E284.12217
G1 F551.7 X116.2 Y105.9 E284.12829
G1 F600 X116.2 Y129.3 E284.90658
G1 F2700 E279.90658
;MESH:NONMESH
G0 F300 X116.2 Y129.3 Z26.48
G0 F9000 X118.56 Y111.713
;TIME_ELAPSED:1211.118668
;LAYER:135
;note -- min layer time used
;TYPE:SUPPORT
G1 F2700 E284.90658
G1 F372.1 X118.67 Y111.619 E284.91434
G1 X118.881 Y111.584 E284.92581
G1 X119.284 Y111.712 E284.94849
G1 X119.477 Y111.889 E284.96254
G1 X119.534 Y112.03 E284.97069
G1 X119.51 Y112.129 E284.97616
G1 X119.42 Y112.209 E284.98261
G1 X119.244 Y112.237 E284.99217
G1 X119.106 Y112.2 E284.99983
G1 X118.953 Y112.218 E285.0081
G1 F399.3 X118.773 Y112.416 E285.02147
G1 F422.5 X118.557 Y112.603 E285.03496
G1 F415.2 X118.52 Y112.622 E285.03696
G1 F418.8 X118.332 Y112.794 E285.0491
G1 F422.5 X118.12 Y112.874 E285.0598
G1 X117.962 Y112.846 E285.06738
G1 X117.855 Y112.745 E285.07433
G1 X117.831 Y112.615 E285.08057
G1 X117.91 Y112.42 E285.09051
G1 F418.8 X118.192 Y112.142 E285.10938
G1 F422.5 X118.392 Y112.011 E285.12067
G1 F399.3 X118.529 Y111.831 E285.13197
G1 F372.1 X118.56 Y111.713 E285.13852
G1 F2700 E280.13852
G0 F9000 X118.659 Y109.636
G1 F2700 E285.13852
G1 F418.1 X118.763 Y109.605 E285.1437
G1 X118.915 Y109.672 E285.15163
G1 X119.061 Y109.869 E285.16333
G1 F416.7 X119.153 Y110.189 E285.17928
G1 F415.2 X119.246 Y110.44 E285.19214
G1 X119.213 Y110.625 E285.20117
G1 X119.122 Y110.729 E285.20781
G1 X118.997 Y110.761 E285.21402
G1 X118.844 Y110.693 E285.22206
G1 X118.642 Y110.474 E285.23638
G1 F416.7 X118.515 Y110.05 E285.25758
G1 F418.1 X118.56 Y109.779 E285.27069
G1 X118.659 Y109.636 E285.27899
G1 F2700 E280.27899
G0 F9000 X118.782 Y116.005
G1 F2700 E285.27899
G1 F356.1 X118.957 Y116.074 E285.28954
G1 X119.224 Y116.358 E285.31138
G1 X119.312 Y116.619 E285.32682
G1 X119.284 Y116.78 E285.33598
G1 X119.214 Y116.859 E285.34189
G1 X119.03 Y116.902 E285.35248
G1 F351.4 X118.763 Y117.179 E285.37433
G1 F342.4 X118.699 Y117.474 E285.39193
G1 F338 X118.632 Y117.536 E285.39731
G1 X118.49 Y117.561 E285.40583
G1 X118.26 Y117.48 E285.42022
G1 X117.976 Y117.191 E285.44414
G1 X117.908 Y117.016 E285.45523
G1 X117.927 Y116.909 E285.46164
G1 X117.989 Y116.841 E285.46708
G1 X118.35 Y116.778 E285.48871
G1 F346.8 X118.616 Y116.503 E285.51073
G1 F356.1 X118.572 Y116.226 E285.52644
G1 X118.595 Y116.095 E285.5339
G1 X118.659 Y116.025 E285.53921
G1 X118.782 Y116.005 E285.5462
G1 F2700 E280.5462
G0 F9000 X119.15 Y115.072
G0 X119.534 Y115.225
G0 X120.106 Y115.835
G0 X120.343 Y116.543
G0 X120.248 Y117.098
G0 X119.352 Y119.019
G0 X119.183 Y119.95
G1 F2700 E285.5462
G1 F424 X119.332 Y119.977 E285.55332
G1 X119.428 Y120.081 E285.55998
G1 X119.455 Y120.23 E285.56711
G1 X119.379 Y120.436 E285.57745
G1 F422.5 X119.031 Y120.784 E285.60069
G1 F424 X118.919 Y120.837 E285.60652
G1 F425.5 X118.72 Y121.178 E285.62504
G1 F424 X118.7 Y121.233 E285.62779
G1 F421.8 X118.352 Y121.586 E285.65124
G1 F419.6 X118.12 Y121.672 E285.66301
G1 X117.963 Y121.644 E285.6706
G1 X117.857 Y121.544 E285.67753
G1 X117.833 Y121.415 E285.68377
G1 X117.912 Y121.22 E285.69377
G1 F422.5 X118.302 Y120.826 E285.71996
G1 F427 X118.365 Y120.804 E285.72308
G1 F428.6 X118.567 Y120.469 E285.74129
G1 F429.3 X118.587 Y120.416 E285.74392
G1 F427 X118.984 Y120.025 E285.76996
G1 F424 X119.183 Y119.95 E285.77997
G1 F2700 E280.77997
G0 F9000 X118.845 Y119.067
G0 X119.093 Y118.974
G0 X119.815 Y119.106
G0 X120.308 Y119.641
G0 X120.422 Y120.249
G0 X119.275 Y123.338
G0 X119.066 Y124.266
G1 F2700 E285.77997
G1 F415.2 X119.192 Y124.296 E285.7862
G1 X119.289 Y124.411 E285.79343
G1 X119.319 Y124.58 E285.80168
G1 X119.213 Y124.843 E285.8153
G1 F418.1 X119.118 Y125.125 E285.82951
G1 F421.1 X118.961 Y125.319 E285.84134
G1 X118.8 Y125.39 E285.84968
G1 X118.704 Y125.364 E285.85439
G1 X118.593 Y125.222 E285.86293
G1 X118.56 Y125.007 E285.87324
G1 F418.1 X118.706 Y124.556 E285.89587
G1 F415.2 X118.901 Y124.332 E285.91014
G1 X119.066 Y124.266 E285.91868
G1 F2700 E280.91868
;MESH:screen.STL
G0 F9000 X118.721 Y123.381
G0 X118.335 Y123.532
G0 X117.859 Y124.085
G0 X117.619 Y124.848
G0 X117.935 Y129.3
G0 X118.8 Y129.3
;TYPE:WALL-OUTER
G1 F2700 E285.91868
G1 F600 X118.8 Y126.7 E286.00516
G1 F2700 E281.00516
G0 F9000 X118.8 Y108.3
G1 F2700 E286.00516
G1 F600 X118.8 Y105.9 E286.08498
G1 F553 X118.766 Y105.734 E286.0911
G1 X118.6 Y105.7 E286.09721
G1 F597 X116.366 Y105.701 E286.17189
G1 F549.2 X116.234 Y105.734 E286.17683
G1 F551.7 X116.2 Y105.9 E286.18296
G1 F600 X116.2 Y129.3 E286.96125
G1 F2700 E281.96125
;MESH:NONMESH
G0 F300 X116.2 Y129.3 Z26.68
G0 F9000 X118.584 Y109.775
;TIME_ELAPSED:1222.009414
;LAYER:136
;note -- min layer time used
;TYPE:SUPPORT
G1 F2700 E286.96125
G1 F556.8 X118.666 Y109.689 E286.9655
G1 X118.78 Y109.658 E286.96974
G1 X118.896 Y109.693 E286.97408
G1 X118.976 Y109.775 E286.97819
G1 X119.007 Y109.889 E286.98242
G1 X118.976 Y110 E286.98655
G1 X118.896 Y110.08 E286.99061
G1 X118.779 Y110.112 E286.99495
G1 X118.677 Y110.081 E286.99877
G1 X118.58 Y109.986 E287.00364
G1 X118.552 Y109.886 E287.00736
G1 X118.584 Y109.775 E287.0115
G1 F2700 E282.0115
G0 F9000 X117.855 Y110.505
G0 X117.707 Y111.588
G0 X118.325 Y112.333
G1 F2700 E287.0115
G1 F740.7 X118.324 Y112.695 E287.02125
G1 F609.1 X118.214 Y112.805 E287.02635
G1 F558.1 X118.098 Y112.839 E287.03067
G1 X117.997 Y112.809 E287.03444
G1 X117.899 Y112.713 E287.03934
G1 X117.868 Y112.611 E287.04316
G1 X117.899 Y112.505 E287.0471
G1 X117.986 Y112.419 E287.05148
G1 F575.5 X118.207 Y112.402 E287.05916
G1 F693.6 X118.325 Y112.333 E287.0631
G0 F9000 X118.372 Y112.256
G1 F1066.7 X118.413 Y112.219 E287.06413
G0 F9000 X118.781 Y111.589
G1 F555.6 X118.893 Y111.621 E287.06831
G1 X118.975 Y111.706 E287.07256
G1 X119.007 Y111.816 E287.07667
G1 X118.975 Y111.926 E287.08079
G1 X118.894 Y112.008 E287.08493
G1 F625 X118.573 Y112.077 E287.09541
G1 X118.554 Y111.814 E287.10383
G1 F555.6 X118.585 Y111.707 E287.10783
G1 X118.668 Y111.621 E287.11212
G1 X118.781 Y111.589 E287.11634
G1 F2700 E282.11634
G0 F9000 X118.325 Y116.733
G1 F2700 E287.11634
G1 F740.7 X118.324 Y117.095 E287.1261
G1 F609.1 X118.214 Y117.205 E287.13119
G1 F558.1 X118.098 Y117.239 E287.13551
G1 X117.997 Y117.209 E287.13928
G1 X117.899 Y117.113 E287.14419
G1 X117.868 Y117.011 E287.148
G1 X117.899 Y116.905 E287.15195
G1 X117.986 Y116.819 E287.15632
G1 F575.5 X118.207 Y116.802 E287.16401
G1 F693.6 X118.325 Y116.733 E287.16794
G0 F9000 X118.372 Y116.656
G1 F1066.7 X118.413 Y116.619 E287.16897
G0 F9000 X118.781 Y115.989
G1 F555.6 X118.893 Y116.021 E287.17316
G1 X118.975 Y116.106 E287.1774
G1 X119.007 Y116.216 E287.18151
G1 X118.975 Y116.326 E287.18563
G1 X118.894 Y116.408 E287.18977
G1 F625 X118.573 Y116.477 E287.20025
G1 X118.554 Y116.214 E287.20867
G1 F555.6 X118.585 Y116.107 E287.21267
G1 X118.668 Y116.021 E287.21697
G1 X118.781 Y115.989 E287.22119
G1 F2700 E282.22119
G0 F9000 X117.707 Y115.988
G0 X117.802 Y115.653
G0 X118.2 Y115.238
G0 X118.781 Y115.075
G0 X119.359 Y115.238
G0 X119.762 Y115.654
G0 X119.922 Y116.215
G0 X119.763 Y116.787
G0 X118.672 Y117.993
G0 X117.707 Y120.388
G0 X118.325 Y121.133
G1 F2700 E287.22119
G1 F740.7 X118.324 Y121.495 E287.23094
G1 F609.1 X118.214 Y121.605 E287.23603
G1 F558.1 X118.098 Y121.639 E287.24036
G1 X117.997 Y121.609 E287.24412
G1 X117.899 Y121.513 E287.24903
G1 X117.868 Y121.411 E287.25284
G1 X117.899 Y121.305 E287.25679
G1 X117.986 Y121.219 E287.26116
G1 F575.5 X118.207 Y121.202 E287.26885
G1 F693.6 X118.325 Y121.133 E287.27278
G0 F9000 X118.372 Y121.056
G1 F1066.7 X118.413 Y121.019 E287.27381
G0 F9000 X118.781 Y120.389
G1 F555.6 X118.893 Y120.421 E287.278
G1 X118.975 Y120.506 E287.28224
G1 X119.007 Y120.616 E287.28636
G1 X118.975 Y120.726 E287.29047
G1 X118.894 Y120.808 E287.29461
G1 F625 X118.573 Y120.877 E287.3051
G1 X118.554 Y120.614 E287.31351
G1 F555.6 X118.585 Y120.507 E287.31752
G1 X118.668 Y120.421 E287.32181
G1 X118.781 Y120.389 E287.32603
G1 F2700 E282.32603
G0 F9000 X119.173 Y121.641
G0 X119.055 Y124.039
G0 X118.818 Y124.887
G1 F2700 E287.32603
G1 F556.8 X118.931 Y124.917 E287.33022
G1 X119.011 Y124.999 E287.33432
G1 X119.044 Y125.118 E287.33875
G1 X119.015 Y125.227 E287.34279
G1 X118.933 Y125.308 E287.34692
G1 X118.818 Y125.34 E287.3512
G1 X118.714 Y125.309 E287.35509
G1 X118.619 Y125.214 E287.3599
G1 X118.588 Y125.111 E287.36376
G1 X118.621 Y125.003 E287.36781
G1 X118.704 Y124.917 E287.37209
G1 X118.818 Y124.887 E287.37631
G1 F2700 E282.37631
;MESH:screen.STL
G0 F9000 X118.055 Y125.86
G0 X117.935 Y129.3
G0 X118.8 Y129.3
;TYPE:WALL-OUTER
G1 F2700 E287.37631
G1 F600 X118.8 Y126.7 E287.46279
G1 F2700 E282.46279
G0 F9000 X118.8 Y108.3
G1 F2700 E287.46279
G1 F600 X118.8 Y105.9 E287.54261
G1 F553 X118.766 Y105.734 E287.54873
G1 X118.6 Y105.7 E287.55484
G1 F597 X116.366 Y105.701 E287.62952
G1 F549.2 X116.234 Y105.734 E287.63446
G1 F551.7 X116.2 Y105.9 E287.64059
G1 F600 X116.2 Y129.3 E288.41888
;TIME_ELAPSED:1230.769098
;LAYER:137
;note -- min layer time used
;MESH:screen.STL
G0 F9000 X116.2 Y129.3 Z26.88
;TYPE:WALL-OUTER
G1 F600 X116.2 Y105.9 E289.19717
G1 F551.7 X116.234 Y105.734 E289.2033
G1 F549.2 X116.366 Y105.701 E289.20824
G1 F597 X118.6 Y105.7 E289.28291
G1 F553 X118.766 Y105.734 E289.28903
G1 X118.8 Y105.9 E289.29514
G1 F600 X118.8 Y108.3 E289.37497
G1 F2700 E284.37497
G0 F9000 X118.8 Y109.165
G0 X117.947 Y125.847
G0 X117.935 Y129.3
G0 X118.8 Y129.3
G1 F2700 E289.37497
G1 F600 X118.8 Y126.7 E289.46144
G1 F2700 E284.46144
;MESH:NONMESH
G0 F300 X118.8 Y126.7 Z27.08
G0 F9000 X117.935 Y126.7
G0 X117.935 Y129.3
G0 X118.8 Y129.3
;TIME_ELAPSED:1235.324776
;LAYER:138
;note -- min layer time used
;TYPE:WALL-OUTER
;MESH:screen.STL
G1 F2700 E289.46144
G1 F600 X118.8 Y105.9 E290.23973
G1 F553 X118.766 Y105.734 E290.24585
G1 X118.6 Y105.7 E290.25196
G1 F597 X116.366 Y105.701 E290.32664
G1 F549.2 X116.234 Y105.734 E290.33158
G1 F551.7 X116.2 Y105.9 E290.33771
G1 F600 X116.2 Y129.3 E291.116
G1 F2700 E286.116
;MESH:NONMESH
G0 F300 X116.2 Y129.3 Z27.28
G0 F9000 X117.065 Y129.3
G0 X117.935 Y129.3
G0 X118.8 Y129.3
;TIME_ELAPSED:1240.890975
;LAYER:139
;note -- min layer time used
;TYPE:WALL-OUTER
;MESH:screen.STL
G1 F2700 E291.116
G1 F600 X118.8 Y105.9 E291.89428
G1 F553 X118.766 Y105.734 E291.9004
G1 X118.6 Y105.7 E291.90651
G1 F597 X116.366 Y105.701 E291.98119
G1 F549.2 X116.234 Y105.734 E291.98613
G1 F551.7 X116.2 Y105.9 E291.99226
G1 F600 X116.2 Y129.3 E292.77055
G1 F2700 E287.77055
;MESH:NONMESH
G0 F300 X116.2 Y129.3 Z27.48
G0 F9000 X117.065 Y129.3
G0 X117.447 Y130.153
G0 X118.8 Y130.165
G0 X118.8 Y129.3
;TIME_ELAPSED:1246.587251
;LAYER:140
;note -- min layer time used
;TYPE:WALL-OUTER
;MESH:screen.STL
G1 F2700 E292.77055
G1 F600 X118.8 Y105.9 E293.54883
G1 F553 X118.766 Y105.734 E293.55495
G1 X118.6 Y105.7 E293.56106
G1 F597 X116.366 Y105.701 E293.63574
G1 F549.2 X116.234 Y105.734 E293.64068
G1 F551.7 X116.2 Y105.9 E293.64681
G1 F600 X116.2 Y129.3 E294.4251
G1 F2700 E289.4251
;MESH:NONMESH
G0 F300 X116.2 Y129.3 Z27.68
G0 F9000 X117.065 Y129.3
G0 X117.447 Y106.553
G0 X118.1 Y105.7
;TIME_ELAPSED:1252.535469
;LAYER:141
;note -- min layer time used
;TYPE:WALL-OUTER
;MESH:screen.STL
G1 F2700 E294.4251
G1 F564.7 X118.5 Y105.725 E294.43926
G1 F533.3 X118.775 Y105.725 E294.44955
G1 X118.775 Y129.275 E295.33074
G1 X118.325 Y129.275 E295.34758
G1 X118.325 Y105.9 E296.22221
G1 F564.7 X118.1 Y105.7 E296.23285
G1 F2700 E291.23285
G0 F9000 X118.58 Y105.98
G0 X118.524 Y129.076
G0 X116.2 Y129.3
G1 F2700 E296.23285
G1 F600 X116.2 Y105.9 E297.01114
G1 F551.7 X116.234 Y105.734 E297.01727
G1 F549.2 X116.366 Y105.701 E297.02221
G1 F597 X118.1 Y105.7 E297.08017
G1 F2700 E292.08017
;MESH:NONMESH
G0 F300 X118.1 Y105.7 Z27.88
G0 F9000 X118.58 Y105.98
G0 X118.53 Y106.5
G0 X116.2 Y106.5
;TIME_ELAPSED:1262.112711
;LAYER:142
;note -- min layer time used
;TYPE:WALL-OUTER
;MESH:screen.STL
G1 F2700 E297.08017
G1 F560.7 X116.227 Y106.1 E297.09444
G1 F527.5 X116.227 Y105.727 E297.10855
G1 X116.55 Y105.727 E297.12077
G1 X116.616 Y105.882 E297.12715
G1 F568.7 X116.776 Y105.915 E297.13288
G1 F612.2 X117.158 Y105.914 E297.14533
G1 F549.2 X117.312 Y105.87 E297.15115
G1 F500 X117.359 Y105.74 E297.15667
G1 X117.641 Y105.74 E297.16792
G1 X117.688 Y105.87 E297.17344
G1 F551.7 X117.876 Y105.915 E297.18043
G1 F612.2 X118.258 Y105.914 E297.19288
G1 F564.7 X118.384 Y105.882 E297.19748
G1 F526.3 X118.45 Y105.728 E297.20383
G1 X118.772 Y105.728 E297.21604
G1 X118.772 Y106.1 E297.23014
G1 F560.7 X118.8 Y106.5 E297.24441
G1 X118.6 Y106.272 E297.25521
G1 F564.7 X118.291 Y106.304 E297.26619
G1 F612.2 X117.876 Y106.305 E297.27971
G1 F551.7 X117.5 Y106.259 E297.29342
G1 F549.2 X117.191 Y106.304 E297.30476
G1 F612.2 X116.776 Y106.305 E297.31829
G1 F568.7 X116.4 Y106.273 E297.33153
G1 F560.7 X116.2 Y106.5 E297.3423
G1 F2700 E292.3423
G0 F9000 X117.053 Y107.153
G0 X117.947 Y107.153
G0 X118.8 Y106.5
G1 F2700 E297.3423
G1 F598.5 X118.799 Y128.534 E298.07698
G0 F9000 X117.685 Y129.13
G1 F501 X117.637 Y129.261 E298.08254
G1 F502.1 X117.5 Y129.261 E298.08798
G1 X117.359 Y129.261 E298.09359
G1 F501 X117.311 Y129.13 E298.09915
G1 F553 X117.124 Y129.085 E298.10609
G1 F612.2 X116.738 Y129.086 E298.11867
G1 F566 X116.613 Y129.117 E298.12321
G1 F528.6 X116.546 Y129.273 E298.12962
G1 X116.227 Y129.273 E298.14166
G1 X116.227 Y128.9 E298.15574
G1 F559.4 X116.201 Y128.534 E298.16883
G1 F579.7 X116.407 Y128.734 E298.17871
G1 F586.8 X116.705 Y128.696 E298.18893
G1 F612.2 X117.124 Y128.695 E298.20259
G1 F553 X117.498 Y128.74 E298.21618
G1 F550.5 X117.805 Y128.696 E298.22742
G1 F612.2 X118.224 Y128.695 E298.24108
G1 F567.4 X118.6 Y128.728 E298.25436
G1 F559.4 X118.799 Y128.534 E298.26427
G1 X118.772 Y128.9 E298.27736
G1 F526.3 X118.772 Y129.272 E298.29147
G1 X118.45 Y129.272 E298.30368
G1 X118.384 Y129.118 E298.31003
G1 F567.4 X118.224 Y129.085 E298.31578
G1 F612.2 X117.838 Y129.086 E298.32836
G1 F550.5 X117.685 Y129.13 E298.33413
G1 F2700 E293.33413
G0 F9000 X116.201 Y128.534
G1 F2700 E298.33413
G1 F597 X116.2 Y106.5 E299.07065
;TIME_ELAPSED:1269.422676
;LAYER:143
;note -- min layer time used
;MESH:screen.STL
G0 F9000 X116.2 Y106.5 Z28
;TYPE:WALL-OUTER
G1 F585.4 X116.209 Y105.709 E299.08683
G1 F572.8 X116.418 Y105.709 E299.0912
G1 X116.43 Y105.786 E299.09283
G1 F582.5 X116.534 Y105.915 E299.09623
G1 F585.4 X117.378 Y105.914 E299.1135
G1 F571.4 X117.484 Y105.712 E299.11828
G1 F572.8 X117.623 Y105.915 E299.12342
G1 F586.8 X118.466 Y105.914 E299.14062
G1 F583.9 X118.571 Y105.787 E299.144
G1 F574.2 X118.581 Y105.709 E299.14564
G1 X118.791 Y105.709 E299.15002
G1 F586.8 X118.8 Y106.5 E299.16616
G1 F597 X118.612 Y106.304 E299.17161
G1 F592.6 X116.386 Y106.305 E299.21658
G1 F595.5 X116.2 Y106.5 E299.222
G1 F2700 E294.222
G0 F9000 X117.053 Y107.153
G0 X117.947 Y107.153
G0 X118.8 Y106.5
G1 F2700 E299.222
G1 F598.5 X118.799 Y128.534 E299.66281
G0 F9000 X117.5 Y129.27
G1 F581.1 X117.377 Y129.085 E299.66739
G1 F588.2 X116.53 Y129.086 E299.68463
G1 F583.9 X116.425 Y129.214 E299.68803
G1 F574.2 X116.415 Y129.291 E299.68965
G1 X116.209 Y129.291 E299.69394
G1 F583.9 X116.201 Y128.534 E299.70947
G1 F594.1 X116.385 Y128.696 E299.71441
G1 F592.6 X118.616 Y128.695 E299.75949
G1 F594.1 X118.799 Y128.534 E299.7644
G1 F585.4 X118.791 Y129.291 E299.77988
G1 F574.2 X118.581 Y129.291 E299.78426
G1 X118.571 Y129.213 E299.7859
G1 F582.5 X118.465 Y129.085 E299.78932
G1 F585.4 X117.619 Y129.086 E299.80662
G1 F574.2 X117.513 Y129.289 E299.8114
G1 X117.5 Y129.27 E299.81188
G0 F9000 X116.201 Y128.534
G1 F597 X116.2 Y106.5 E300.25379
;TIME_ELAPSED:1276.204473
;LAYER:144
;note -- min layer time used
;MESH:screen.STL
G0 F9000 X116.2 Y106.5 Z28.16
;TYPE:WALL-OUTER
G1 F597 X116.202 Y105.702 E300.27513
G1 F594.1 X116.349 Y105.702 E300.27908
G1 X116.354 Y105.763 E300.28073
G1 X116.484 Y105.915 E300.2861
G1 X118.522 Y105.908 E300.34087
G1 X118.646 Y105.763 E300.346
G1 X118.65 Y105.702 E300.34764
G1 X118.798 Y105.702 E300.35162
G1 F597 X118.8 Y106.5 E300.37296
G1 X118.6 Y106.298 E300.38056
G1 F594.1 X116.393 Y106.306 E300.43987
G1 F597 X116.2 Y106.5 E300.44719
G1 F2700 E295.44719
G0 F9000 X117.053 Y107.153
G0 X117.947 Y107.153
G0 X118.8 Y106.5
G1 F2700 E300.44719
G1 F598.5 X118.799 Y128.534 E301.03494
G0 F9000 X117.5 Y129.088
G1 F594.1 X116.478 Y129.092 E301.0624
G1 X116.354 Y129.237 E301.06753
G1 X116.35 Y129.298 E301.06917
G1 X116.202 Y129.298 E301.07315
G1 X116.201 Y128.534 E301.09368
G1 X116.4 Y128.702 E301.10068
G1 X118.609 Y128.694 E301.16005
G1 F595.5 X118.799 Y128.534 E301.16671
G1 F594.1 X118.798 Y129.298 E301.18724
G1 F592.6 X118.647 Y129.298 E301.19131
G1 X118.642 Y129.236 E301.19298
G1 F594.1 X118.514 Y129.085 E301.1983
G1 X117.5 Y129.088 E301.22555
G0 F9000 X116.201 Y128.534
G1 F597 X116.2 Y106.5 E301.81477
;TIME_ELAPSED:1282.923886
;LAYER:145
;note -- min layer time used
;MESH:screen.STL
G0 F9000 X116.2 Y106.5 Z28.36
;TYPE:WALL-OUTER
G1 F597 X116.202 Y105.702 E301.84144
G1 F594.1 X116.354 Y105.702 E301.84655
G1 X116.359 Y105.764 E301.84864
G1 X116.486 Y105.915 E301.85526
G1 X118.518 Y105.908 E301.92352
G1 F592.6 X118.637 Y105.766 E301.92976
G1 X118.642 Y105.702 E301.93193
G1 X118.798 Y105.702 E301.93718
G1 F597 X118.8 Y106.5 E301.96385
G1 X118.6 Y106.298 E301.97336
G1 F594.1 X116.393 Y106.306 E302.0475
G1 F597 X116.2 Y106.5 E302.05664
G1 F2700 E297.05664
G0 F9000 X117.053 Y107.153
G0 X117.947 Y107.153
G0 X118.8 Y106.5
G1 F2700 E302.05664
G1 F598.5 X118.799 Y128.534 E302.79133
G0 F9000 X117.5 Y129.088
G1 F594.1 X116.48 Y129.092 E302.82559
G1 X116.359 Y129.236 E302.83191
G1 X116.354 Y129.298 E302.834
G1 X116.202 Y129.298 E302.83911
G1 X116.201 Y128.534 E302.86477
G1 X116.4 Y128.702 E302.87352
G1 X118.609 Y128.694 E302.94773
G1 F595.5 X118.799 Y128.534 E302.95605
G1 F594.1 X118.798 Y129.298 E302.98172
G1 F592.6 X118.646 Y129.298 E302.98683
G1 X118.642 Y129.236 E302.98893
G1 F594.1 X118.514 Y129.085 E302.99558
G1 X117.5 Y129.088 E303.02964
G0 F9000 X116.201 Y128.534
G1 F597 X116.2 Y106.5 E303.76616
;TIME_ELAPSED:1289.653163
;LAYER:146
;note -- min layer time used
;MESH:screen.STL
G0 F9000 X116.2 Y106.5 Z28.56
;TYPE:WALL-OUTER
G1 F578.3 X116.215 Y106.1 E303.77997
G1 F558.1 X116.215 Y105.715 E303.79374
G1 X116.465 Y105.715 E303.80267
G1 X116.48 Y105.802 E303.80583
G1 F570.1 X116.571 Y105.915 E303.81091
G1 F572.8 X117.342 Y105.914 E303.83777
G1 F553 X117.436 Y105.724 E303.84542
G1 F544.2 X117.56 Y105.72 E303.84997
G1 F553 X117.65 Y105.915 E303.85772
G1 F574.2 X118.424 Y105.914 E303.88462
G1 F568.7 X118.512 Y105.804 E303.88957
G1 F555.6 X118.529 Y105.716 E303.89279
G1 X118.784 Y105.716 E303.90195
G1 X118.784 Y106.1 E303.91574
G1 F576.9 X118.8 Y106.5 E303.92959
G1 X118.6 Y106.284 E303.93977
G1 F581.1 X118.379 Y106.304 E303.94739
G1 F612.2 X117.78 Y106.305 E303.96691
G1 F576.9 X117.496 Y106.279 E303.97678
G1 F574.2 X117.279 Y106.304 E303.98437
G1 F612.2 X116.68 Y106.305 E304.0039
G1 F585.4 X116.4 Y106.285 E304.01347
G1 F578.3 X116.2 Y106.5 E304.0236
G1 F2700 E299.0236
G0 F9000 X117.053 Y107.153
G0 X117.947 Y107.153
G0 X118.8 Y106.5
G1 F2700 E304.0236
G1 F598.5 X118.799 Y128.534 E304.75828
G0 F9000 X117.5 Y129.278
G1 F545.5 X117.436 Y129.28 E304.76063
G1 F554.3 X117.346 Y129.085 E304.76836
G1 F574.2 X116.572 Y129.086 E304.79526
G1 F571.4 X116.468 Y129.285 E304.8031
G1 F556.8 X116.215 Y129.285 E304.81217
G1 X116.215 Y128.9 E304.82597
G1 F574.2 X116.201 Y128.534 E304.8387
G1 X116.4 Y128.715 E304.84805
G1 F582.5 X116.617 Y128.696 E304.85551
G1 F612.2 X117.216 Y128.695 E304.87503
G1 F576.9 X117.5 Y128.721 E304.8849
G1 F574.2 X117.717 Y128.696 E304.89249
G1 F612.2 X118.316 Y128.695 E304.91202
G1 F585.4 X118.6 Y128.715 E304.92172
G1 F576.9 X118.799 Y128.534 E304.93103
G1 X118.785 Y128.9 E304.9437
G1 F556.8 X118.785 Y129.285 E304.95749
G1 X118.531 Y129.285 E304.9666
G1 X118.516 Y129.198 E304.96976
G1 F568.7 X118.427 Y129.085 E304.97481
G1 F572.8 X117.654 Y129.086 E305.00174
G1 F553 X117.56 Y129.276 E305.00939
G1 F545.5 X117.5 Y129.278 E305.01158
G0 F9000 X116.201 Y128.534
G1 F597 X116.2 Y106.5 E305.7481
;TIME_ELAPSED:1296.473955
;LAYER:147
;note -- min layer time used
;MESH:screen.STL
G0 F9000 X116.2 Y106.5 Z28.68
;TYPE:WALL-OUTER
G1 F533.3 X116.25 Y106.1 E305.75715
G1 F480 X116.25 Y105.75 E305.76588
G1 X118.75 Y105.75 E305.82825
G1 X118.75 Y106.1 E305.83698
G1 F533.3 X118.8 Y106.5 E305.84603
G1 X118.6 Y106.25 E305.85321
G1 F480 X116.4 Y106.25 E305.90809
G1 F533.3 X116.2 Y106.5 E305.91528
G1 F2700 E300.91528
G0 F9000 X116.48 Y106.02
G0 X118.52 Y106.02
G1 F2700 E305.91528
G0 F9000 X118.8 Y106.5
G0 X118.8 Y106.5 E300.91528
G1 F2700 E305.91528
G1 F598.5 X118.799 Y128.534 E306.35609
G0 F9000 X118.52 Y128.98
G0 X117.5 Y128.99
G0 X117.5 Y129.25
G1 F480 X116.25 Y129.25 E306.38727
G1 X116.25 Y128.9 E306.39601
G1 F531 X116.201 Y128.534 E306.40433
G1 X116.4 Y128.75 E306.41096
G1 F480 X118.6 Y128.75 E306.46583
G1 F532.2 X118.799 Y128.534 E306.47244
G1 X118.75 Y128.9 E306.48075
G1 F480 X118.75 Y129.25 E306.48948
G1 X117.5 Y129.25 E306.52066
G0 F9000 X117.5 Y128.99
G0 X116.48 Y128.98
G0 X116.201 Y128.534
G1 F597 X116.2 Y106.5 E306.96257
;TIME_ELAPSED:1303.491575
;LAYER:148
;note -- min layer time used
;MESH:screen.STL
G0 F9000 X116.2 Y106.5 Z28.8
;TYPE:WALL-OUTER
G1 F568.7 X116.222 Y106.1 E306.97101
G1 F539.3 X116.222 Y105.722 E306.9794
G1 X116.514 Y105.722 E306.98588
G1 F555.6 X116.602 Y105.915 E306.99046
G1 F591.1 X117.194 Y105.914 E307.00245
G1 F560.7 X117.329 Y105.879 E307.00542
G1 F518.4 X117.389 Y105.731 E307.00911
G1 X117.607 Y105.731 E307.01415
G1 X117.667 Y105.879 E307.01784
G1 F563.4 X117.836 Y105.915 E307.02151
G1 F594.1 X118.395 Y105.914 E307.03278
G1 F555.6 X118.483 Y105.723 E307.03731
G1 F538.1 X118.777 Y105.723 E307.04385
G1 X118.777 Y106.1 E307.05224
G1 F567.4 X118.8 Y106.5 E307.0607
G1 X118.6 Y106.277 E307.06702
G1 F571.4 X118.327 Y106.304 E307.07277
G1 F612.2 X117.836 Y106.305 E307.08237
G1 F563.4 X117.498 Y106.269 E307.08959
G1 F560.7 X117.227 Y106.304 E307.09543
G1 F612.2 X116.736 Y106.305 E307.10503
G1 F574.2 X116.4 Y106.278 E307.11206
G1 F568.7 X116.2 Y106.5 E307.11835
G1 F2700 E302.11835
G0 F9000 X117.053 Y107.153
G0 X117.947 Y107.153
G0 X118.8 Y106.5
G1 F2700 E307.11835
G1 F598.5 X118.799 Y128.534 E307.55916
G0 F9000 X117.5 Y129.269
G1 F519.5 X117.389 Y129.269 E307.56172
G1 F518.4 X117.329 Y129.121 E307.56541
G1 F563.4 X117.16 Y129.085 E307.56908
G1 F594.1 X116.602 Y129.086 E307.58033
G1 F556.8 X116.514 Y129.278 E307.58487
G1 F539.3 X116.222 Y129.278 E307.59135
G1 X116.222 Y128.9 E307.59974
G1 F566 X116.201 Y128.534 E307.6075
G1 X116.4 Y128.722 E307.61329
G1 F571.4 X116.669 Y128.696 E307.61895
G1 F612.2 X117.16 Y128.695 E307.62856
G1 F563.4 X117.498 Y128.731 E307.63578
G1 F560.7 X117.769 Y128.696 E307.64161
G1 F612.2 X118.26 Y128.695 E307.65122
G1 F574.2 X118.6 Y128.723 E307.65833
G1 F566 X118.799 Y128.534 E307.66414
G1 X118.777 Y128.9 E307.67189
G1 F538.1 X118.777 Y129.277 E307.68028
G1 X118.483 Y129.277 E307.68682
G1 F554.3 X118.394 Y129.085 E307.6914
G1 F589.7 X117.802 Y129.086 E307.70342
G1 F560.7 X117.667 Y129.121 E307.70639
G1 F518.4 X117.607 Y129.269 E307.71008
G1 F519.5 X117.5 Y129.269 E307.71255
G0 F9000 X116.201 Y128.534
G1 F597 X116.2 Y106.5 E308.15446
G1 F2700 E303.15446
;MESH:NONMESH
G0 F300 X116.2 Y106.5 Z28.92
G0 F9000 X117.5 Y105.712
;TIME_ELAPSED:1310.633483
;LAYER:149
;note -- min layer time used
;TYPE:WALL-OUTER
;MESH:screen.STL
G1 F2700 E308.15446
G1 F533.3 X117.5 Y105.829 E308.15709
G0 F9000 X116.2 Y106.5
G1 F588.2 X116.207 Y105.707 E308.17323
G1 F578.3 X116.405 Y105.707 E308.17733
G1 X116.414 Y105.782 E308.17889
G1 F585.4 X116.523 Y105.915 E308.18241
G1 F601.5 X117.322 Y105.914 E308.19831
G1 F495.9 X117.433 Y105.967 E308.20129
G1 F457.1 X117.5 Y105.829 E308.2053
G1 X117.567 Y105.967 E308.20932
G1 F500 X117.679 Y105.911 E308.21232
G1 F609.1 X118.478 Y105.914 E308.22803
G1 F588.2 X118.586 Y105.782 E308.2315
G1 F578.3 X118.595 Y105.707 E308.23306
G1 X118.793 Y105.707 E308.23716
G1 F588.2 X118.8 Y106.5 E308.2533
G1 F600 X118.611 Y106.305 E308.25872
G1 F609.1 X117.646 Y106.301 E308.27769
G1 F500 X117.5 Y106.214 E308.28176
G1 F495.9 X117.355 Y106.304 E308.28588
G1 F601.5 X116.388 Y106.305 E308.30513
G1 F597 X116.2 Y106.5 E308.31056
G1 F2700 E303.31056
G0 F9000 X117.053 Y107.153
G0 X117.947 Y107.153
G0 X118.8 Y106.5
G1 F2700 E308.31056
G1 F598.5 X118.799 Y128.534 E308.75138
G1 F2700 E303.75138
G0 F9000 X117.498 Y129.286
G1 F2700 E308.75138
G1 F533.3 X117.498 Y129.18 E308.75376
G1 F463.3 X117.428 Y129.037 E308.75787
G1 F504.2 X117.323 Y129.09 E308.76066
G1 F609.1 X116.522 Y129.086 E308.77641
G1 F588.2 X116.414 Y129.218 E308.77988
G1 F578.3 X116.405 Y129.293 E308.78144
G1 X116.207 Y129.293 E308.78554
G1 F585.4 X116.201 Y128.534 E308.80107
G1 F597 X116.386 Y128.695 E308.80599
G1 F609.1 X117.361 Y128.7 E308.82515
G1 F504.2 X117.498 Y128.782 E308.82894
G1 F500 X117.645 Y128.696 E308.83302
G1 F600 X118.615 Y128.695 E308.85238
G1 F594.1 X118.799 Y128.534 E308.85731
G1 F586.8 X118.792 Y129.292 E308.87278
G1 F576.9 X118.593 Y129.292 E308.87691
G1 X118.583 Y129.217 E308.87848
G1 F585.4 X118.473 Y129.085 E308.88199
G1 F600 X117.678 Y129.086 E308.89786
G1 F500 X117.568 Y129.037 E308.90074
G1 F463.3 X117.498 Y129.18 E308.90486
G0 F9000 X116.201 Y128.534
G1 F597 X116.2 Y106.5 E309.34677
G1 F2700 E304.34677
;MESH:NONMESH
G0 F300 X116.2 Y106.5 Z29.08
G0 F9000 X117.053 Y107.153
G0 X117.947 Y107.153
G0 X118.796 Y106.5
;TIME_ELAPSED:1318.466125
;LAYER:150
;note -- min layer time used
;TYPE:WALL-OUTER
;MESH:screen.STL
G1 F2700 E309.34677
G1 F604.5 X118.6 Y106.299 E309.35418
G1 F597 X116.394 Y106.305 E309.41317
G1 F601.5 X116.202 Y106.5 E309.42043
G1 F600 X116.205 Y105.701 E309.44169
G1 F595.5 X116.346 Y105.701 E309.44547
G1 X116.351 Y105.761 E309.44709
G1 F597 X116.482 Y105.915 E309.45249
G1 X118.521 Y105.909 E309.50702
G1 X118.649 Y105.76 E309.51227
G1 X118.653 Y105.701 E309.51385
G1 X118.791 Y105.701 E309.51754
G1 F604.5 X118.796 Y106.5 E309.53865
G1 F610.7 X118.795 Y128.534 E310.11467
G0 F9000 X117.5 Y129.088
G1 F597 X116.475 Y129.091 E310.14208
G1 X116.346 Y129.24 E310.14735
G1 X116.343 Y129.299 E310.14893
G1 X116.206 Y129.298 E310.15259
G1 F598.5 X116.203 Y128.534 E310.17297
G1 X116.4 Y128.701 E310.17986
G1 F597 X118.608 Y128.695 E310.23891
G1 F603 X118.795 Y128.534 E310.24544
G1 X118.791 Y129.299 E310.26569
G1 F597 X118.653 Y129.299 E310.26938
G1 X118.649 Y129.24 E310.27096
G1 X118.516 Y129.085 E310.27643
G1 X117.5 Y129.088 E310.30359
G0 F9000 X116.203 Y128.534
G1 F603 X116.202 Y106.5 E310.88695
G1 F2700 E305.88695
;MESH:NONMESH
G0 F300 X116.202 Y106.5 Z29.28
G0 F9000 X117.053 Y107.153
G0 X117.947 Y107.153
G0 X118.778 Y106.5
;TIME_ELAPSED:1325.106312
;LAYER:151
;note -- min layer time used
;TYPE:WALL-OUTER
;MESH:screen.STL
G1 F2700 E310.88695
G1 F636.6 X118.6 Y106.302 E310.89529
G1 F601.5 X116.4 Y106.3 E310.96828
G1 F631.6 X116.22 Y106.5 E310.97678
G1 X116.24 Y106.14 E310.98818
G1 F600 X116.239 Y105.702 E311.00274
G1 X116.36 Y105.7 E311.00677
G1 X116.363 Y105.755 E311.0086
G1 X116.499 Y105.911 E311.01548
G1 X118.497 Y105.911 E311.08194
G1 F601.5 X118.634 Y105.755 E311.08883
G1 X118.635 Y105.699 E311.09068
G1 X118.757 Y105.703 E311.09473
G1 F603 X118.758 Y106.144 E311.10933
G1 F636.6 X118.778 Y106.5 E311.12051
G1 F672.3 X118.777 Y128.53 E311.77446
G0 F9000 X117.5 Y129.09
G1 F600 X116.502 Y129.09 E311.80765
G1 X116.367 Y129.246 E311.81451
G1 X116.364 Y129.3 E311.81631
G1 X116.24 Y129.3 E311.82044
G1 X116.24 Y128.9 E311.83374
G1 F628.3 X116.221 Y128.531 E311.84548
G1 F631.6 X116.4 Y128.698 E311.85321
G1 F606.1 X118.6 Y128.697 E311.92565
G1 F636.6 X118.777 Y128.53 E311.93328
G1 F634.9 X118.757 Y128.899 E311.9449
G1 F601.5 X118.757 Y129.301 E311.95823
G1 X118.635 Y129.301 E311.96228
G1 X118.632 Y129.248 E311.96404
G1 X118.497 Y129.089 E311.97096
G1 X117.5 Y129.09 E312.00404
G0 F9000 X116.221 Y128.531
G1 F663 X116.22 Y106.5 E312.66718
G1 F2700 E307.66718
;MESH:NONMESH
G0 F300 X116.22 Y106.5 Z29.48
G0 F9000 X115.378 Y106.5
G0 X115.39 Y130.153
G0 X117.5 Y130.165
G0 X117.5 Y129.275
;TIME_ELAPSED:1331.785089
;LAYER:152
;note -- min layer time used
;TYPE:WALL-OUTER
;MESH:screen.STL
G1 F2700 E312.66718
G1 F533.3 X117.417 Y129.275 E312.67029
G1 F532.2 X117.346 Y129.115 E312.67685
G1 F571.4 X117.192 Y129.085 E312.68233
G1 F609.1 X116.628 Y129.086 E312.70081
G1 F594.1 X116.51 Y129.227 E312.70699
G1 F586.8 X116.504 Y129.296 E312.70934
G1 X116.328 Y129.296 E312.71533
G1 X116.329 Y128.705 E312.73543
G1 F600 X117.192 Y128.695 E312.76413
G1 F571.4 X117.5 Y128.725 E312.77494
G1 F568.7 X117.741 Y128.696 E312.78346
G1 F597 X118.668 Y128.704 E312.81444
G1 F586.8 X118.668 Y129.296 E312.83458
G1 X118.496 Y129.296 E312.84043
G1 X118.49 Y129.228 E312.84275
G1 F592.6 X118.37 Y129.085 E312.84903
G1 F603 X117.774 Y129.086 E312.86876
G1 F568.7 X117.654 Y129.115 E312.87309
G1 F532.2 X117.583 Y129.275 E312.87965
G1 F533.3 X117.5 Y129.275 E312.88276
G1 F2700 E307.88276
G0 F9000 X117.804 Y106.305
G1 F2700 E312.88276
G1 F571.4 X117.496 Y106.275 E312.89357
G1 F568.7 X117.255 Y106.304 E312.90209
G1 F597 X116.328 Y106.296 E312.93307
G1 F586.8 X116.328 Y105.704 E312.95321
G1 X116.5 Y105.704 E312.95906
G1 X116.506 Y105.772 E312.96138
G1 F592.6 X116.626 Y105.915 E312.96766
G1 F603 X117.222 Y105.914 E312.98739
G1 F568.7 X117.342 Y105.885 E312.99172
G1 F532.2 X117.412 Y105.724 E312.9983
G1 X117.579 Y105.725 E313.00457
G1 X117.65 Y105.885 E313.01113
G1 F571.4 X117.804 Y105.915 E313.01661
G1 F607.6 X118.367 Y105.914 E313.0351
G1 F592.6 X118.487 Y105.774 E313.04131
G1 F585.4 X118.494 Y105.705 E313.04367
G1 X118.667 Y105.705 E313.04957
G1 X118.667 Y106.295 E313.06969
G1 F600 X117.804 Y106.305 E313.09839
G1 F2700 E308.09839
;MESH:NONMESH
G0 F300 X117.804 Y106.305 Z29.6
G0 F9000 X117.804 Y107.165
G0 X117.5 Y127.835
G0 X117.5 Y128.451
;TIME_ELAPSED:1334.729919
;LAYER:153
;note -- min layer time used
;TYPE:WALL-INNER
;MESH:screen.STL
G1 F2700 E313.09839
G1 F709.1 X117.747 Y128.451 E313.10453
G1 X117.747 Y106.549 E313.64869
G1 X117.249 Y106.549 E313.66106
G1 X117.249 Y128.451 E314.20523
G1 X117.5 Y128.451 E314.21146
G0 F9000 X117.5 Y128.9
G1 F882.8 X118.196 Y128.9 E314.22535
G1 X118.196 Y106.1 E314.68035
G1 X116.8 Y106.1 E314.70821
G1 X116.8 Y128.9 E315.16321
G1 X117.5 Y128.9 E315.17718
G0 F9000 X117.5 Y129.3
;TYPE:WALL-OUTER
G1 F882.8 X118.596 Y129.3 E315.19905
G1 X118.596 Y105.7 E315.67001
G1 X116.4 Y105.7 E315.71384
G1 X116.4 Y129.3 E316.1848
G1 X117.5 Y129.3 E316.20675
G0 F9000 X117.5 Y128.29
;MESH:NONMESH
G0 F300 X117.5 Y128.29 Z29.76
G0 F9000 X117.5 Y128.528
;TIME_ELAPSED:1345.875564
;LAYER:154
;note -- min layer time used
;TYPE:WALL-INNER
;MESH:screen.STL
G1 F1002.9 X117.672 Y128.528 E316.21069
G1 F1000 X117.671 Y106.473 E316.71684
G1 F997.1 X117.325 Y106.473 E316.7248
G1 F1000 X117.328 Y128.528 E317.23095
G1 F1002.9 X117.5 Y128.528 E317.23489
G0 F9000 X117.5 Y128.9
G1 F862.5 X118.044 Y128.9 E317.24936
G1 X118.044 Y106.1 E317.85603
G1 X116.952 Y106.1 E317.88508
G1 X116.956 Y128.9 E318.49175
G1 X117.5 Y128.9 E318.50622
G0 F9000 X117.5 Y129.3
;TYPE:WALL-OUTER
G1 F862.5 X118.444 Y129.3 E318.53134
G1 X118.444 Y105.7 E319.15929
G1 X116.552 Y105.7 E319.20964
G1 X116.556 Y129.3 E319.83759
G1 X117.5 Y129.3 E319.86271
G0 F9000 X117.566 Y128.291
;MESH:NONMESH
G0 F300 X117.566 Y128.291 Z29.88
G0 F9000 X117.498 Y106.47
;TIME_ELAPSED:1356.178369
;LAYER:155
;note -- min layer time used
;TYPE:WALL-INNER
;MESH:screen.STL
G1 F848.4 X117.5 Y128.528 E320.24017
G0 F9000 X117.5 Y128.9
G1 F727.5 X117.872 Y128.9 E320.24759
G1 X117.868 Y106.1 E320.70259
G1 X117.128 Y106.1 E320.71736
G1 X117.128 Y128.9 E321.17236
G1 X117.5 Y128.9 E321.17978
G0 F9000 X117.5 Y129.3
;TYPE:WALL-OUTER
G1 F727.5 X118.272 Y129.3 E321.19519
G1 X118.268 Y105.7 E321.66615
G1 X116.728 Y105.7 E321.69688
G1 X116.728 Y129.3 E322.16785
G1 X117.5 Y129.3 E322.18325
;TIME_ELAPSED:1365.923260
G1 F2700 E317.18325
M140 S0
M107
G91 ;Relative positioning
G1 E-2 F2700 ;Retract a bit
G1 E-2 Z0.2 F2400 ;Retract and raise Z
G1 X5 Y5 F3000 ;Wipe out
G1 Z10 ;Raise Z more
G90 ;Absolute positioning

G1 X0 Y235 ;Present print
M106 S0 ;Turn-off fan
M104 S0 ;Turn-off hotend
M140 S0 ;Turn-off bed

M84 X Y E ;Disable all steppers but Z

M82 ;absolute extrusion mode
M104 S0
;End of Gcode
;SETTING_3 {"global_quality": "[general]\\nversion = 4\\nname = Dynamic Quality 
;SETTING_3 #2\\ndefinition = creality_ender3\\n\\n[metadata]\\ntype = quality_ch
;SETTING_3 anges\\nquality_type = adaptive\\nsetting_version = 25\\n\\n[values]\
;SETTING_3 \nadhesion_type = skirt\\nsupport_enable = True\\nsupport_structure =
;SETTING_3  tree\\nsupport_type = buildplate\\n\\n", "extruder_quality": ["[gene
;SETTING_3 ral]\\nversion = 4\\nname = Dynamic Quality #2\\ndefinition = crealit
;SETTING_3 y_ender3\\n\\n[metadata]\\ntype = quality_changes\\nquality_type = ad
;SETTING_3 aptive\\nsetting_version = 25\\nposition = 0\\n\\n[values]\\nmaterial
;SETTING_3 _initial_print_temperature = 220.0\\nmaterial_print_temperature = 220
;SETTING_3 \\nmaterial_print_temperature_layer_0 = 240\\nsupport_interface_enabl
;SETTING_3 e = False\\nsupport_pattern = lines\\n\\n"]}
